#
# A fatal error has been detected by the Java Runtime Environment:
#
#  SIGSEGV (0xb) at pc=0x0000757d491f5490, pid=2458379, tid=2458406
#
# JRE version: OpenJDK Runtime Environment Temurin-17.0.19+10 (17.0.19+10) (build 17.0.19+10)
# Java VM: OpenJDK 64-Bit Server VM Temurin-17.0.19+10 (17.0.19+10, mixed mode, sharing, tiered, compressed oops, compressed class ptrs, g1 gc, linux-amd64)
# Problematic frame:
# V  [libjvm.so+0xbf5490]  Node::uncast(bool) const+0x0
#
# No core dump will be written. Core dumps have been disabled. To enable core dumping, try "ulimit -c unlimited" before starting Java again
#
# If you would like to submit a bug report, please visit:
#   https://github.com/adoptium/adoptium-support/issues
#

---------------  S U M M A R Y ------------

Command Line: -Djava.awt.headless=true -Dorg.gradle.internal.worker.tmpdir=/home/robw/projects/reticulum-mobile-app/androidApp/build/tmp/testDebugUnitTest/work -Dorg.gradle.native=false -Xmx512m -Dfile.encoding=UTF-8 -Duser.country -Duser.language=en -Duser.variant -ea worker.org.gradle.process.internal.worker.GradleWorkerMain 'Gradle Test Executor 8'

Host: Intel(R) Core(TM) i7-8550U CPU @ 1.80GHz, 8 cores, 7G, Ubuntu 26.04 LTS
Time: Wed Sep  2 07:05:30 2026 EDT elapsed time: 29.674279 seconds (0d 0h 0m 29s)

---------------  T H R E A D  ---------------

Current thread (0x0000757d44112bc0):  JavaThread "C2 CompilerThread0" daemon [_thread_in_native, id=2458406, stack(0x0000757d283f6000,0x0000757d284f6000)]


Current CompileTask:
C2:29674 7772   !   4       android.database.sqlite.SQLiteOpenHelper::$$robo$$android_database_sqlite_SQLiteOpenHelper$getDatabaseLocked (475 bytes)

Stack: [0x0000757d283f6000,0x0000757d284f6000],  sp=0x0000757d284efab8,  free space=998k
Native frames: (J=compiled Java code, j=interpreted, Vv=VM code, C=native code)
V  [libjvm.so+0xbf5490]  Node::uncast(bool) const+0x0
V  [libjvm.so+0x452d5a]  InlineTree::ok_to_inline(ciMethod*, JVMState*, ciCallProfile&, bool&)+0x16a
V  [libjvm.so+0x69aa20]  Compile::call_generator(ciMethod*, int, bool, JVMState*, bool, float, ciKlass*, bool)+0x8b0
V  [libjvm.so+0x51a1ca]  CallGenerator::for_method_handle_inline(JVMState*, ciMethod*, ciMethod*, bool, bool&)+0x13a
V  [libjvm.so+0x51ac14]  CallGenerator::for_method_handle_call(JVMState*, ciMethod*, ciMethod*, bool)+0x24
V  [libjvm.so+0x69aad9]  Compile::call_generator(ciMethod*, int, bool, JVMState*, bool, float, ciKlass*, bool)+0x969
V  [libjvm.so+0x69b3ae]  Parse::do_call()+0x18e
V  [libjvm.so+0xc5051e]  Parse::do_one_block()+0x1ce
V  [libjvm.so+0xc50985]  Parse::do_all_blocks()+0xe5
V  [libjvm.so+0xc53e1c]  Parse::Parse(JVMState*, ciMethod*, float)+0x79c
V  [libjvm.so+0x51605b]  ParseGenerator::generate(JVMState*)+0x8b
V  [libjvm.so+0x69b408]  Parse::do_call()+0x1e8
V  [libjvm.so+0xc5051e]  Parse::do_one_block()+0x1ce
V  [libjvm.so+0xc50985]  Parse::do_all_blocks()+0xe5
V  [libjvm.so+0xc53e1c]  Parse::Parse(JVMState*, ciMethod*, float)+0x79c
V  [libjvm.so+0x51605b]  ParseGenerator::generate(JVMState*)+0x8b
V  [libjvm.so+0x69b408]  Parse::do_call()+0x1e8
V  [libjvm.so+0xc5051e]  Parse::do_one_block()+0x1ce
V  [libjvm.so+0xc50985]  Parse::do_all_blocks()+0xe5
V  [libjvm.so+0xc53e1c]  Parse::Parse(JVMState*, ciMethod*, float)+0x79c
V  [libjvm.so+0x51605b]  ParseGenerator::generate(JVMState*)+0x8b
V  [libjvm.so+0x69b408]  Parse::do_call()+0x1e8
V  [libjvm.so+0xc5051e]  Parse::do_one_block()+0x1ce
V  [libjvm.so+0xc50985]  Parse::do_all_blocks()+0xe5
V  [libjvm.so+0xc53e1c]  Parse::Parse(JVMState*, ciMethod*, float)+0x79c
V  [libjvm.so+0x51605b]  ParseGenerator::generate(JVMState*)+0x8b
V  [libjvm.so+0x518f2f]  CallGenerator::do_late_inline_helper()+0x71f
V  [libjvm.so+0x5d1bbd]  Compile::inline_incrementally_one()+0x2ad
V  [libjvm.so+0x5d1ee8]  Compile::inline_incrementally(PhaseIterGVN&)+0x278
V  [libjvm.so+0x5d2de4]  Compile::Optimize()+0x364
V  [libjvm.so+0x5d5051]  Compile::Compile(ciEnv*, ciMethod*, int, bool, bool, bool, bool, bool, DirectiveSet*)+0xe11
V  [libjvm.so+0x514d99]  C2Compiler::compile_method(ciEnv*, ciMethod*, int, bool, DirectiveSet*)+0xe9
V  [libjvm.so+0x5de0d3]  CompileBroker::invoke_compiler_on_method(CompileTask*)+0xea3
V  [libjvm.so+0x5df018]  CompileBroker::compiler_thread_loop()+0x708
V  [libjvm.so+0xe69016]  JavaThread::thread_main_inner()+0x196
V  [libjvm.so+0xe6c8ea]  Thread::call_run()+0xaa
V  [libjvm.so+0xc29743]  thread_native_entry(Thread*)+0xe3
C  [libc.so.6+0xa407a]


siginfo: si_signo: 11 (SIGSEGV), si_code: 1 (SEGV_MAPERR), si_addr: 0x000000000000002c

Registers:
RAX=0x0000000000000144, RBX=0x0000757cb4225910, RCX=0x0000000000000001, RDX=0x0000757cb459e290
RSP=0x0000757d284efab8, RBP=0x0000757d284efb10, RSI=0x0000000000000000, RDI=0x0000000000000000
R8 =0x0000757cb7309fc8, R9 =0x0000000000000002, R10=0x0000757cb730d8b0, R11=0x0000000000000000
R12=0x0000000000000000, R13=0x0000757ca8458730, R14=0x0000757cb6142f20, R15=0x0000000000000000
RIP=0x0000757d491f5490, EFLAGS=0x0000000000010206, CSGSFS=0x002b000000000033, ERR=0x0000000000000004
  TRAPNO=0x000000000000000e

XMM[0]=0x0000000000000000 0x0000000000000000
XMM[1]=0x0000000000000000 0x0000000000000000
XMM[2]=0x0000000000000000 0x3fc999999999999a
XMM[3]=0x0000000000000000 0x40d0540000000000
XMM[4]=0x0000000000000000 0x0000000000000000
XMM[5]=0x0000000000000000 0x0000000000000000
XMM[6]=0x0000000000000000 0x00000000003e0003
XMM[7]=0x0002cbde4d0001cb 0xde4c0000cb4b590c
XMM[8]=0x0000757cb7307ec0 0x0000757cb7306b70
XMM[9]=0x0000000000000000 0x4008000000000000
XMM[10]=0x0000000000000000 0x46293e5939a08cea
XMM[11]=0x0000000000000000 0x4376345785d8a000
XMM[12]=0xc19bf1749bdc06a7 0x80deb1fe72be5d74
XMM[13]=0x550c7dc3243185be 0x12835b01d807aa98
XMM[14]=0xab1c5ed5923f82a4 0x59f111f13956c25b
XMM[15]=0x0000000000000000 0x0000000000000000
  MXCSR=0x00001fa0


Register to memory mapping:

RAX=0x0000000000000144 is an unknown value
RBX=0x0000757cb4225910 points into unknown readable memory: 0x0000757cb4225950 | 50 59 22 b4 7c 75 00 00
RCX=0x0000000000000001 is an unknown value
RDX=0x0000757cb459e290 points into unknown readable memory: 0x0000757cb459be30 | 30 be 59 b4 7c 75 00 00
RSP=0x0000757d284efab8 is pointing into the stack for thread: 0x0000757d44112bc0
RBP=0x0000757d284efb10 is pointing into the stack for thread: 0x0000757d44112bc0
RSI=0x0 is NULL
RDI=0x0 is NULL
R8 =0x0000757cb7309fc8 points into unknown readable memory: 0x0000757d498a2948 | 48 29 8a 49 7d 75 00 00
R9 =0x0000000000000002 is an unknown value
R10=0x0000757cb730d8b0 points into unknown readable memory: 0x0000757d4989ca98 | 98 ca 89 49 7d 75 00 00
R11=0x0 is NULL
R12=0x0 is NULL
R13=0x0000757ca8458730 points into unknown readable memory: 0x0000757d4989ca98 | 98 ca 89 49 7d 75 00 00
R14=0x0000757cb6142f20 points into unknown readable memory: 0x0000757d284f3e60 | 60 3e 4f 28 7d 75 00 00
R15=0x0 is NULL


Top of Stack: (sp=0x0000757d284efab8)
0x0000757d284efab8:   0000757d48a5199e 0000757d284efb00
0x0000757d284efac8:   0000757cb7310880 00000001284efb40
0x0000757d284efad8:   0000757cb7309fc8 0000757ccfa00850
0x0000757d284efae8:   0000000000000024 0000757ca8458730
0x0000757d284efaf8:   0000757cb6142f20 0000757cb61430e0
0x0000757d284efb08:   0000757d284efc60 0000757d284efbd0
0x0000757d284efb18:   0000757d48a52d5a 0000757d284efc5f
0x0000757d284efb28:   0000757d48a52cf1 0000757d284efbd0
0x0000757d284efb38:   0000757d48b54fb5 0000757cb730d8b0
0x0000757d284efb48:   0000757cb730d8b0 0000757d441111b0
0x0000757d284efb58:   0000757cb480cdd0 0000000000058220
0x0000757d284efb68:   0000000000000000 0000757c0100dde4
0x0000757d284efb78:   0000000000000000 0000757c00000001
0x0000757d284efb88:   0000757d48a52903 0000757cb4814db8
0x0000757d284efb98:   0000757cb730d8b0 000000e9000000b6
0x0000757d284efba8:   0000757d284f3e60 0000757ca8458730
0x0000757d284efbb8:   0000000000000000 0000757cb730d8b0
0x0000757d284efbc8:   0000757cb61430e0 0000757d284efd50
0x0000757d284efbd8:   0000757d48c9aa20 0000757d284efc30
0x0000757d284efbe8:   0000757d48b6a8d5 0000757d284efc5f
0x0000757d284efbf8:   0000000000000000 ffffffff44112bc0
0x0000757d284efc08:   0000757d284efc01 00000001fffffffc
0x0000757d284efc18:   0000757cb61430e0 0000757c00000000
0x0000757d284efc28:   0000757d284efc60 0000757d00004150
0x0000757d284efc38:   0000757d000000b6 0100757d3f7fffef
0x0000757d284efc48:   00000000000043df 0000757d284efc70
0x0000757d284efc58:   0000757d284efce0 0000000000000000
0x0000757d284efc68:   ffffffff00004150 0000757d284efcc0
0x0000757d284efc78:   0000000000000000 0000757cb730e3f0
0x0000757d284efc88:   0000757cb730e910 0000757d284efd00
0x0000757d284efc98:   0000757d44112bc0 0000757d441111b0
0x0000757d284efca8:   0000757d44112bc0 0000000000000000 

Instructions: (pc=0x0000757d491f5490)
0x0000757d491f5390:   48 8b 74 c2 08 48 89 74 c1 08 48 83 e8 01 73 f0
0x0000757d491f53a0:   eb a1 66 0f 1f 44 00 00 48 89 df e8 30 e2 ff ff
0x0000757d491f53b0:   48 8b 43 10 8b 73 20 eb a9 90 66 0f 1f 44 00 00
0x0000757d491f53c0:   8b 57 1c 85 d2 74 19 48 8b 4f 08 31 c0 eb 0a 90
0x0000757d491f53d0:   48 83 c0 01 48 39 d0 74 07 48 39 34 c1 75 f1 c3
0x0000757d491f53e0:   b8 ff ff ff ff c3 66 2e 0f 1f 84 00 00 00 00 00
0x0000757d491f53f0:   48 39 d6 0f 84 7f 00 00 00 55 48 89 e5 41 57 41
0x0000757d491f5400:   56 45 89 c6 41 55 41 54 53 89 cb 48 83 ec 18 44
0x0000757d491f5410:   39 c1 7d 6c 49 89 fc 49 89 f5 45 31 ff eb 09 90
0x0000757d491f5420:   83 c3 01 41 39 de 74 38 49 8b 4c 24 08 89 d8 4c
0x0000757d491f5430:   3b 2c c1 75 eb 4c 89 c9 89 de 4c 89 e7 83 c3 01
0x0000757d491f5440:   4c 89 4d c0 41 83 c7 01 48 89 55 c8 e8 2f ce 07
0x0000757d491f5450:   00 4c 8b 4d c0 48 8b 55 c8 41 39 de 75 ca 66 90
0x0000757d491f5460:   44 89 f8 48 83 c4 18 5b 41 5c 41 5d 41 5e 41 5f
0x0000757d491f5470:   5d c3 66 0f 1f 44 00 00 31 c0 c3 0f 1f 44 00 00
0x0000757d491f5480:   31 c0 eb df 66 66 2e 0f 1f 84 00 00 00 00 00 90
0x0000757d491f5490:   8b 57 2c 48 89 f8 83 e2 1f 83 fa 14 75 30 48 85
0x0000757d491f54a0:   ff 74 2b 40 84 f6 75 47 eb 1e 66 0f 1f 44 00 00
0x0000757d491f54b0:   8b 50 2c 83 e2 1f 83 fa 14 75 13 48 8b 40 08 48
0x0000757d491f54c0:   8b 40 08 48 85 c0 74 38 83 78 18 02 74 e2 c3 90
0x0000757d491f54d0:   8b 50 2c 83 e2 1f 83 fa 14 75 f3 8b 50 40 85 d2
0x0000757d491f54e0:   75 ec 48 8b 40 08 48 8b 40 08 48 85 c0 74 df 83
0x0000757d491f54f0:   78 18 02 74 db c3 66 2e 0f 1f 84 00 00 00 00 00
0x0000757d491f5500:   c3 90 66 66 2e 0f 1f 84 00 00 00 00 00 0f 1f 00
0x0000757d491f5510:   55 48 89 e5 41 56 41 55 41 54 53 48 8b 5f 10 8b
0x0000757d491f5520:   47 20 4c 8d 34 c3 4c 39 f3 73 35 41 89 f5 eb 09
0x0000757d491f5530:   48 83 c3 08 4c 39 f3 73 27 4c 8b 23 49 8b 04 24
0x0000757d491f5540:   4c 89 e7 ff 10 44 39 e8 75 e6 5b 4c 89 e0 41 5c
0x0000757d491f5550:   41 5d 41 5e 5d c3 66 2e 0f 1f 84 00 00 00 00 00
0x0000757d491f5560:   45 31 e4 5b 4c 89 e0 41 5c 41 5d 41 5e 5d c3 90
0x0000757d491f5570:   55 48 89 e5 41 56 41 55 41 89 f5 41 54 53 48 8b
0x0000757d491f5580:   5f 10 8b 47 20 4c 8d 34 c3 4c 39 f3 72 0b eb 30 


Stack slot to memory mapping:
stack at sp + 0 slots: 0x0000757d48a5199e: <offset 0x000000000045199e> in /home/robw/android-tools/jdk/lib/server/libjvm.so at 0x0000757d48600000
stack at sp + 1 slots: 0x0000757d284efb00 is pointing into the stack for thread: 0x0000757d44112bc0
stack at sp + 2 slots: 0x0000757cb7310880 points into unknown readable memory: 0x0000757d4403e270 | 70 e2 03 44 7d 75 00 00
stack at sp + 3 slots: 0x00000001284efb40 is an unknown value
stack at sp + 4 slots: 0x0000757cb7309fc8 points into unknown readable memory: 0x0000757d498a2948 | 48 29 8a 49 7d 75 00 00
stack at sp + 5 slots: 0x0000757ccfa00850 is pointing into metadata
stack at sp + 6 slots: 0x0000000000000024 is an unknown value
stack at sp + 7 slots: 0x0000757ca8458730 points into unknown readable memory: 0x0000757d4989ca98 | 98 ca 89 49 7d 75 00 00


---------------  P R O C E S S  ---------------

Threads class SMR info:
_java_thread_list=0x0000757c2c000ff0, length=22, elements={
0x0000757d44030cf0, 0x0000757d441064f0, 0x0000757d441078d0, 0x0000757d4410ea50,
0x0000757d4410fe00, 0x0000757d44111210, 0x0000757d44112bc0, 0x0000757d441140f0,
0x0000757d4411d550, 0x0000757d441259a0, 0x0000757d441295a0, 0x0000757d445fb280,
0x0000757d44612ac0, 0x0000757d44618630, 0x0000757d4482ba60, 0x0000757d448c98c0,
0x0000757c5cb3b530, 0x0000757c74ee7740, 0x0000757c74f42580, 0x0000757c4c015c80,
0x0000757c74f51000, 0x0000757c48008ee0
}

Java Threads: ( => current thread )
  0x0000757d44030cf0 JavaThread "Test worker" [_thread_blocked, id=2458384, stack(0x0000757d483da000,0x0000757d484da000)]
  0x0000757d441064f0 JavaThread "Reference Handler" daemon [_thread_blocked, id=2458401, stack(0x0000757d288f6000,0x0000757d289f6000)]
  0x0000757d441078d0 JavaThread "Finalizer" daemon [_thread_blocked, id=2458402, stack(0x0000757d287f6000,0x0000757d288f6000)]
  0x0000757d4410ea50 JavaThread "Signal Dispatcher" daemon [_thread_blocked, id=2458403, stack(0x0000757d286f6000,0x0000757d287f6000)]
  0x0000757d4410fe00 JavaThread "Service Thread" daemon [_thread_blocked, id=2458404, stack(0x0000757d285f6000,0x0000757d286f6000)]
  0x0000757d44111210 JavaThread "Monitor Deflation Thread" daemon [_thread_blocked, id=2458405, stack(0x0000757d284f6000,0x0000757d285f6000)]
=>0x0000757d44112bc0 JavaThread "C2 CompilerThread0" daemon [_thread_in_native, id=2458406, stack(0x0000757d283f6000,0x0000757d284f6000)]
  0x0000757d441140f0 JavaThread "C1 CompilerThread0" daemon [_thread_blocked, id=2458407, stack(0x0000757d282f6000,0x0000757d283f6000)]
  0x0000757d4411d550 JavaThread "Sweeper thread" daemon [_thread_blocked, id=2458408, stack(0x0000757d281f6000,0x0000757d282f6000)]
  0x0000757d441259a0 JavaThread "Notification Thread" daemon [_thread_blocked, id=2458409, stack(0x0000757d280f6000,0x0000757d281f6000)]
  0x0000757d441295a0 JavaThread "Common-Cleaner" daemon [_thread_blocked, id=2458411, stack(0x0000757ccedff000,0x0000757cceeff000)]
  0x0000757d445fb280 JavaThread "/127.0.0.1:54748 to /127.0.0.1:34763 workers" [_thread_blocked, id=2458455, stack(0x0000757ccecff000,0x0000757ccedff000)]
  0x0000757d44612ac0 JavaThread "/127.0.0.1:54748 to /127.0.0.1:34763 workers Thread 2" [_thread_blocked, id=2458456, stack(0x0000757ccebff000,0x0000757ccecff000)]
  0x0000757d44618630 JavaThread "/127.0.0.1:54748 to /127.0.0.1:34763 workers Thread 3" [_thread_in_native, id=2458457, stack(0x0000757cceaff000,0x0000757ccebff000)]
  0x0000757d4482ba60 JavaThread "SDK 21 Main Thread @kotlinx.coroutines.test runner#424" [_thread_in_Java, id=2458506, stack(0x0000757cce14a000,0x0000757cce24a000)]
  0x0000757d448c98c0 JavaThread "SDK 33 Main Thread" [_thread_blocked, id=2458629, stack(0x0000757ccc904000,0x0000757ccca04000)]
  0x0000757c5cb3b530 JavaThread "Java2D Disposer" daemon [_thread_blocked, id=2458696, stack(0x0000757ccc804000,0x0000757ccc904000)]
  0x0000757c74ee7740 JavaThread "kotlinx.coroutines.DefaultExecutor" daemon [_thread_blocked, id=2458790, stack(0x0000757ccca04000,0x0000757cccb04000)]
  0x0000757c74f42580 JavaThread "arch_disk_io_0" [_thread_in_Java, id=2458809, stack(0x0000757ccc504000,0x0000757ccc604000)]
  0x0000757c4c015c80 JavaThread "arch_disk_io_1" [_thread_blocked, id=2458810, stack(0x0000757ccc404000,0x0000757ccc504000)]
  0x0000757c74f51000 JavaThread "arch_disk_io_2" [_thread_in_Java, id=2458813, stack(0x0000757ccc204000,0x0000757ccc304000)]
  0x0000757c48008ee0 JavaThread "arch_disk_io_3" [_thread_blocked, id=2458814, stack(0x0000757ccc104000,0x0000757ccc204000)]

Other Threads:
  0x0000757d44102520 VMThread "VM Thread" [stack: 0x0000757d289f7000,0x0000757d28af7000] [id=2458400]
  0x0000757d441275e0 WatcherThread [stack: 0x0000757ccef00000,0x0000757ccf000000] [id=2458410]
  0x0000757d4405fe50 GCTaskThread "GC Thread#0" [stack: 0x0000757d2c8fb000,0x0000757d2c9fb000] [id=2458389]
  0x0000757cc8005c90 GCTaskThread "GC Thread#1" [stack: 0x0000757cce93e000,0x0000757ccea3e000] [id=2458469]
  0x0000757cc80066a0 GCTaskThread "GC Thread#2" [stack: 0x0000757cce83d000,0x0000757cce93d000] [id=2458470]
  0x0000757cc80070b0 GCTaskThread "GC Thread#3" [stack: 0x0000757cce73c000,0x0000757cce83c000] [id=2458472]
  0x0000757cc8007eb0 GCTaskThread "GC Thread#4" [stack: 0x0000757cce63b000,0x0000757cce73b000] [id=2458473]
  0x0000757cc8008cb0 GCTaskThread "GC Thread#5" [stack: 0x0000757cce53a000,0x0000757cce63a000] [id=2458474]
  0x0000757cc8009ab0 GCTaskThread "GC Thread#6" [stack: 0x0000757cce439000,0x0000757cce539000] [id=2458475]
  0x0000757cc800a8e0 GCTaskThread "GC Thread#7" [stack: 0x0000757cce338000,0x0000757cce438000] [id=2458476]
  0x0000757d44065460 ConcurrentGCThread "G1 Main Marker" [stack: 0x0000757d2b700000,0x0000757d2b800000] [id=2458390]
  0x0000757d440663d0 ConcurrentGCThread "G1 Conc#0" [stack: 0x0000757d2b5ff000,0x0000757d2b6ff000] [id=2458391]
  0x0000757d1c000e20 ConcurrentGCThread "G1 Conc#1" [stack: 0x0000757ccdb00000,0x0000757ccdc00000] [id=2458552]
  0x0000757d440dbd70 ConcurrentGCThread "G1 Refine#0" [stack: 0x0000757d28bf9000,0x0000757d28cf9000] [id=2458393]
  0x0000757d440dcc70 ConcurrentGCThread "G1 Service" [stack: 0x0000757d28af8000,0x0000757d28bf8000] [id=2458394]

Threads with active compile tasks:
C2 CompilerThread0  29691 7772   !   4       android.database.sqlite.SQLiteOpenHelper::$$robo$$android_database_sqlite_SQLiteOpenHelper$getDatabaseLocked (475 bytes)

VM state: not at safepoint (normal execution)

VM Mutex/Monitor currently owned by a thread: None

Heap address: 0x00000000e0000000, size: 512 MB, Compressed Oops mode: 32-bit

CDS archive(s) mapped at: [0x0000757cd3000000-0x0000757cd3bca000-0x0000757cd3bca000), size 12361728, SharedBaseAddress: 0x0000757cd3000000, ArchiveRelocationMode: 1.
Compressed class space mapped at: 0x0000757cd4000000-0x0000757d14000000, reserved size: 1073741824
Narrow klass base: 0x0000757cd3000000, Narrow klass shift: 0, Narrow klass range: 0x100000000

GC Precious Log:
 CPUs: 8 total, 8 available
 Memory: 7875M
 Large Page Support: Disabled
 NUMA Support: Disabled
 Compressed Oops: Enabled (32-bit)
 Heap Region Size: 1M
 Heap Min Capacity: 8M
 Heap Initial Capacity: 124M
 Heap Max Capacity: 512M
 Pre-touch: Disabled
 Parallel Workers: 8
 Concurrent Workers: 2
 Concurrent Refinement Workers: 8
 Periodic GC: Disabled

Heap:
 garbage-first heap   total 437248K, used 244536K [0x00000000e0000000, 0x0000000100000000)
  region size 1024K, 70 young (71680K), 6 survivors (6144K)
 Metaspace       used 67381K, committed 70400K, reserved 1114112K
  class space    used 6210K, committed 7680K, reserved 1048576K

Heap Regions: E=young(eden), S=young(survivor), O=old, HS=humongous(starts), HC=humongous(continues), CS=collection set, F=free, OA=open archive, CA=closed archive, TAMS=top-at-mark-start (previous, next)
|   0|0x00000000e0000000, 0x00000000e0100000, 0x00000000e0100000|100%|HS|  |TAMS 0x00000000e0100000, 0x00000000e0000000| Complete 
|   1|0x00000000e0100000, 0x00000000e0200000, 0x00000000e0200000|100%| O|  |TAMS 0x00000000e0200000, 0x00000000e0100000| Untracked 
|   2|0x00000000e0200000, 0x00000000e0300000, 0x00000000e0300000|100%| O|  |TAMS 0x00000000e0300000, 0x00000000e0200000| Untracked 
|   3|0x00000000e0300000, 0x00000000e0400000, 0x00000000e0400000|100%| O|  |TAMS 0x00000000e0400000, 0x00000000e0300000| Untracked 
|   4|0x00000000e0400000, 0x00000000e0500000, 0x00000000e0500000|100%| O|  |TAMS 0x00000000e0500000, 0x00000000e0400000| Untracked 
|   5|0x00000000e0500000, 0x00000000e0600000, 0x00000000e0600000|100%| O|  |TAMS 0x00000000e0600000, 0x00000000e0500000| Untracked 
|   6|0x00000000e0600000, 0x00000000e0700000, 0x00000000e0700000|100%| O|  |TAMS 0x00000000e0700000, 0x00000000e0600000| Untracked 
|   7|0x00000000e0700000, 0x00000000e0800000, 0x00000000e0800000|100%| O|  |TAMS 0x00000000e0800000, 0x00000000e0700000| Untracked 
|   8|0x00000000e0800000, 0x00000000e0900000, 0x00000000e0900000|100%| O|  |TAMS 0x00000000e0900000, 0x00000000e0800000| Untracked 
|   9|0x00000000e0900000, 0x00000000e0a00000, 0x00000000e0a00000|100%|HS|  |TAMS 0x00000000e0a00000, 0x00000000e0900000| Complete 
|  10|0x00000000e0a00000, 0x00000000e0b00000, 0x00000000e0b00000|100%|HC|  |TAMS 0x00000000e0b00000, 0x00000000e0a00000| Complete 
|  11|0x00000000e0b00000, 0x00000000e0c00000, 0x00000000e0c00000|100%|HC|  |TAMS 0x00000000e0c00000, 0x00000000e0b00000| Complete 
|  12|0x00000000e0c00000, 0x00000000e0d00000, 0x00000000e0d00000|100%| O|  |TAMS 0x00000000e0d00000, 0x00000000e0c00000| Untracked 
|  13|0x00000000e0d00000, 0x00000000e0e00000, 0x00000000e0e00000|100%| O|  |TAMS 0x00000000e0e00000, 0x00000000e0d00000| Untracked 
|  14|0x00000000e0e00000, 0x00000000e0f00000, 0x00000000e0f00000|100%| O|  |TAMS 0x00000000e0f00000, 0x00000000e0e00000| Untracked 
|  15|0x00000000e0f00000, 0x00000000e1000000, 0x00000000e1000000|100%| O|  |TAMS 0x00000000e1000000, 0x00000000e0f00000| Untracked 
|  16|0x00000000e1000000, 0x00000000e1100000, 0x00000000e1100000|100%| O|  |TAMS 0x00000000e1100000, 0x00000000e1000000| Untracked 
|  17|0x00000000e1100000, 0x00000000e1200000, 0x00000000e1200000|100%| O|  |TAMS 0x00000000e1200000, 0x00000000e1100000| Untracked 
|  18|0x00000000e1200000, 0x00000000e1300000, 0x00000000e1300000|100%| O|  |TAMS 0x00000000e1300000, 0x00000000e1200000| Untracked 
|  19|0x00000000e1300000, 0x00000000e1400000, 0x00000000e1400000|100%| O|  |TAMS 0x00000000e1400000, 0x00000000e1300000| Untracked 
|  20|0x00000000e1400000, 0x00000000e1500000, 0x00000000e1500000|100%| O|  |TAMS 0x00000000e1500000, 0x00000000e1400000| Untracked 
|  21|0x00000000e1500000, 0x00000000e1600000, 0x00000000e1600000|100%| O|  |TAMS 0x00000000e1600000, 0x00000000e1500000| Untracked 
|  22|0x00000000e1600000, 0x00000000e1700000, 0x00000000e1700000|100%|HS|  |TAMS 0x00000000e1700000, 0x00000000e1600000| Complete 
|  23|0x00000000e1700000, 0x00000000e1800000, 0x00000000e1800000|100%|HC|  |TAMS 0x00000000e1800000, 0x00000000e1700000| Complete 
|  24|0x00000000e1800000, 0x00000000e1900000, 0x00000000e1900000|100%|HC|  |TAMS 0x00000000e1900000, 0x00000000e1800000| Complete 
|  25|0x00000000e1900000, 0x00000000e1a00000, 0x00000000e1a00000|100%|HC|  |TAMS 0x00000000e1a00000, 0x00000000e1900000| Complete 
|  26|0x00000000e1a00000, 0x00000000e1b00000, 0x00000000e1b00000|100%|HC|  |TAMS 0x00000000e1b00000, 0x00000000e1a00000| Complete 
|  27|0x00000000e1b00000, 0x00000000e1c00000, 0x00000000e1c00000|100%|HC|  |TAMS 0x00000000e1c00000, 0x00000000e1b00000| Complete 
|  28|0x00000000e1c00000, 0x00000000e1d00000, 0x00000000e1d00000|100%|HC|  |TAMS 0x00000000e1d00000, 0x00000000e1c00000| Complete 
|  29|0x00000000e1d00000, 0x00000000e1e00000, 0x00000000e1e00000|100%|HC|  |TAMS 0x00000000e1e00000, 0x00000000e1d00000| Complete 
|  30|0x00000000e1e00000, 0x00000000e1f00000, 0x00000000e1f00000|100%|HC|  |TAMS 0x00000000e1f00000, 0x00000000e1e00000| Complete 
|  31|0x00000000e1f00000, 0x00000000e2000000, 0x00000000e2000000|100%|HC|  |TAMS 0x00000000e2000000, 0x00000000e1f00000| Complete 
|  32|0x00000000e2000000, 0x00000000e2100000, 0x00000000e2100000|100%|HC|  |TAMS 0x00000000e2100000, 0x00000000e2000000| Complete 
|  33|0x00000000e2100000, 0x00000000e2200000, 0x00000000e2200000|100%|HC|  |TAMS 0x00000000e2200000, 0x00000000e2100000| Complete 
|  34|0x00000000e2200000, 0x00000000e2300000, 0x00000000e2300000|100%| O|  |TAMS 0x00000000e2300000, 0x00000000e2200000| Untracked 
|  35|0x00000000e2300000, 0x00000000e2400000, 0x00000000e2400000|100%| O|  |TAMS 0x00000000e2400000, 0x00000000e2300000| Untracked 
|  36|0x00000000e2400000, 0x00000000e2500000, 0x00000000e2500000|100%| O|  |TAMS 0x00000000e2500000, 0x00000000e2400000| Untracked 
|  37|0x00000000e2500000, 0x00000000e2600000, 0x00000000e2600000|100%| O|  |TAMS 0x00000000e2600000, 0x00000000e2500000| Untracked 
|  38|0x00000000e2600000, 0x00000000e2700000, 0x00000000e2700000|100%| O|  |TAMS 0x00000000e2700000, 0x00000000e2600000| Untracked 
|  39|0x00000000e2700000, 0x00000000e2800000, 0x00000000e2800000|100%| O|  |TAMS 0x00000000e2800000, 0x00000000e2700000| Untracked 
|  40|0x00000000e2800000, 0x00000000e2900000, 0x00000000e2900000|100%| O|  |TAMS 0x00000000e2900000, 0x00000000e2800000| Untracked 
|  41|0x00000000e2900000, 0x00000000e2a00000, 0x00000000e2a00000|100%|HS|  |TAMS 0x00000000e2a00000, 0x00000000e2900000| Complete 
|  42|0x00000000e2a00000, 0x00000000e2b00000, 0x00000000e2b00000|100%|HC|  |TAMS 0x00000000e2b00000, 0x00000000e2a00000| Complete 
|  43|0x00000000e2b00000, 0x00000000e2c00000, 0x00000000e2c00000|100%|HC|  |TAMS 0x00000000e2c00000, 0x00000000e2b00000| Complete 
|  44|0x00000000e2c00000, 0x00000000e2d00000, 0x00000000e2d00000|100%|HC|  |TAMS 0x00000000e2d00000, 0x00000000e2c00000| Complete 
|  45|0x00000000e2d00000, 0x00000000e2e00000, 0x00000000e2e00000|100%|HC|  |TAMS 0x00000000e2e00000, 0x00000000e2d00000| Complete 
|  46|0x00000000e2e00000, 0x00000000e2f00000, 0x00000000e2f00000|100%|HC|  |TAMS 0x00000000e2f00000, 0x00000000e2e00000| Complete 
|  47|0x00000000e2f00000, 0x00000000e3000000, 0x00000000e3000000|100%|HC|  |TAMS 0x00000000e3000000, 0x00000000e2f00000| Complete 
|  48|0x00000000e3000000, 0x00000000e3100000, 0x00000000e3100000|100%|HS|  |TAMS 0x00000000e3100000, 0x00000000e3000000| Complete 
|  49|0x00000000e3100000, 0x00000000e3200000, 0x00000000e3200000|100%| O|  |TAMS 0x00000000e3200000, 0x00000000e3100000| Untracked 
|  50|0x00000000e3200000, 0x00000000e3300000, 0x00000000e3300000|100%| O|  |TAMS 0x00000000e3300000, 0x00000000e3200000| Untracked 
|  51|0x00000000e3300000, 0x00000000e3400000, 0x00000000e3400000|100%| O|  |TAMS 0x00000000e3400000, 0x00000000e3300000| Untracked 
|  52|0x00000000e3400000, 0x00000000e3500000, 0x00000000e3500000|100%| O|  |TAMS 0x00000000e3500000, 0x00000000e3400000| Untracked 
|  53|0x00000000e3500000, 0x00000000e3500000, 0x00000000e3600000|  0%| F|  |TAMS 0x00000000e3500000, 0x00000000e3500000| Untracked 
|  54|0x00000000e3600000, 0x00000000e3700000, 0x00000000e3700000|100%| O|  |TAMS 0x00000000e3700000, 0x00000000e3600000| Untracked 
|  55|0x00000000e3700000, 0x00000000e3800000, 0x00000000e3800000|100%| O|  |TAMS 0x00000000e3800000, 0x00000000e3700000| Untracked 
|  56|0x00000000e3800000, 0x00000000e3900000, 0x00000000e3900000|100%| O|  |TAMS 0x00000000e3900000, 0x00000000e3800000| Untracked 
|  57|0x00000000e3900000, 0x00000000e3a00000, 0x00000000e3a00000|100%| O|  |TAMS 0x00000000e3a00000, 0x00000000e3900000| Untracked 
|  58|0x00000000e3a00000, 0x00000000e3a00000, 0x00000000e3b00000|  0%| F|  |TAMS 0x00000000e3a00000, 0x00000000e3a00000| Untracked 
|  59|0x00000000e3b00000, 0x00000000e3c00000, 0x00000000e3c00000|100%| O|  |TAMS 0x00000000e3c00000, 0x00000000e3b00000| Untracked 
|  60|0x00000000e3c00000, 0x00000000e3d00000, 0x00000000e3d00000|100%| O|  |TAMS 0x00000000e3d00000, 0x00000000e3c00000| Untracked 
|  61|0x00000000e3d00000, 0x00000000e3e00000, 0x00000000e3e00000|100%| O|  |TAMS 0x00000000e3e00000, 0x00000000e3d00000| Untracked 
|  62|0x00000000e3e00000, 0x00000000e3f00000, 0x00000000e3f00000|100%| O|  |TAMS 0x00000000e3f00000, 0x00000000e3e00000| Untracked 
|  63|0x00000000e3f00000, 0x00000000e4000000, 0x00000000e4000000|100%| O|  |TAMS 0x00000000e4000000, 0x00000000e3f00000| Untracked 
|  64|0x00000000e4000000, 0x00000000e4100000, 0x00000000e4100000|100%| O|  |TAMS 0x00000000e4100000, 0x00000000e4000000| Untracked 
|  65|0x00000000e4100000, 0x00000000e4200000, 0x00000000e4200000|100%| O|  |TAMS 0x00000000e4200000, 0x00000000e4100000| Untracked 
|  66|0x00000000e4200000, 0x00000000e4300000, 0x00000000e4300000|100%| O|  |TAMS 0x00000000e4300000, 0x00000000e4200000| Untracked 
|  67|0x00000000e4300000, 0x00000000e4400000, 0x00000000e4400000|100%| O|  |TAMS 0x00000000e4400000, 0x00000000e4300000| Untracked 
|  68|0x00000000e4400000, 0x00000000e4500000, 0x00000000e4500000|100%| O|  |TAMS 0x00000000e4500000, 0x00000000e4400000| Untracked 
|  69|0x00000000e4500000, 0x00000000e4600000, 0x00000000e4600000|100%| O|  |TAMS 0x00000000e4600000, 0x00000000e4500000| Untracked 
|  70|0x00000000e4600000, 0x00000000e4700000, 0x00000000e4700000|100%|HS|  |TAMS 0x00000000e4600000, 0x00000000e4600000| Complete 
|  71|0x00000000e4700000, 0x00000000e4800000, 0x00000000e4800000|100%| O|  |TAMS 0x00000000e4800000, 0x00000000e4700000| Untracked 
|  72|0x00000000e4800000, 0x00000000e4900000, 0x00000000e4900000|100%| O|  |TAMS 0x00000000e4900000, 0x00000000e4800000| Untracked 
|  73|0x00000000e4900000, 0x00000000e4a00000, 0x00000000e4a00000|100%| O|  |TAMS 0x00000000e4a00000, 0x00000000e4900000| Untracked 
|  74|0x00000000e4a00000, 0x00000000e4b00000, 0x00000000e4b00000|100%| O|  |TAMS 0x00000000e4b00000, 0x00000000e4a00000| Untracked 
|  75|0x00000000e4b00000, 0x00000000e4c00000, 0x00000000e4c00000|100%|HS|  |TAMS 0x00000000e4b00000, 0x00000000e4b00000| Complete 
|  76|0x00000000e4c00000, 0x00000000e4d00000, 0x00000000e4d00000|100%|HC|  |TAMS 0x00000000e4c00000, 0x00000000e4c00000| Complete 
|  77|0x00000000e4d00000, 0x00000000e4e00000, 0x00000000e4e00000|100%|HC|  |TAMS 0x00000000e4d00000, 0x00000000e4d00000| Complete 
|  78|0x00000000e4e00000, 0x00000000e4f00000, 0x00000000e4f00000|100%|HC|  |TAMS 0x00000000e4e00000, 0x00000000e4e00000| Complete 
|  79|0x00000000e4f00000, 0x00000000e5000000, 0x00000000e5000000|100%|HC|  |TAMS 0x00000000e4f00000, 0x00000000e4f00000| Complete 
|  80|0x00000000e5000000, 0x00000000e5100000, 0x00000000e5100000|100%|HC|  |TAMS 0x00000000e5000000, 0x00000000e5000000| Complete 
|  81|0x00000000e5100000, 0x00000000e5200000, 0x00000000e5200000|100%|HS|  |TAMS 0x00000000e5100000, 0x00000000e5100000| Complete 
|  82|0x00000000e5200000, 0x00000000e5300000, 0x00000000e5300000|100%|HS|  |TAMS 0x00000000e5200000, 0x00000000e5200000| Complete 
|  83|0x00000000e5300000, 0x00000000e5300000, 0x00000000e5400000|  0%| F|  |TAMS 0x00000000e5300000, 0x00000000e5300000| Untracked 
|  84|0x00000000e5400000, 0x00000000e5400000, 0x00000000e5500000|  0%| F|  |TAMS 0x00000000e5400000, 0x00000000e5400000| Untracked 
|  85|0x00000000e5500000, 0x00000000e5500000, 0x00000000e5600000|  0%| F|  |TAMS 0x00000000e5500000, 0x00000000e5500000| Untracked 
|  86|0x00000000e5600000, 0x00000000e5600000, 0x00000000e5700000|  0%| F|  |TAMS 0x00000000e5600000, 0x00000000e5600000| Untracked 
|  87|0x00000000e5700000, 0x00000000e5700000, 0x00000000e5800000|  0%| F|  |TAMS 0x00000000e5700000, 0x00000000e5700000| Untracked 
|  88|0x00000000e5800000, 0x00000000e5800000, 0x00000000e5900000|  0%| F|  |TAMS 0x00000000e5800000, 0x00000000e5800000| Untracked 
|  89|0x00000000e5900000, 0x00000000e5900000, 0x00000000e5a00000|  0%| F|  |TAMS 0x00000000e5900000, 0x00000000e5900000| Untracked 
|  90|0x00000000e5a00000, 0x00000000e5a00000, 0x00000000e5b00000|  0%| F|  |TAMS 0x00000000e5a00000, 0x00000000e5a00000| Untracked 
|  91|0x00000000e5b00000, 0x00000000e5b00000, 0x00000000e5c00000|  0%| F|  |TAMS 0x00000000e5b00000, 0x00000000e5b00000| Untracked 
|  92|0x00000000e5c00000, 0x00000000e5c00000, 0x00000000e5d00000|  0%| F|  |TAMS 0x00000000e5c00000, 0x00000000e5c00000| Untracked 
|  93|0x00000000e5d00000, 0x00000000e5d00000, 0x00000000e5e00000|  0%| F|  |TAMS 0x00000000e5d00000, 0x00000000e5d00000| Untracked 
|  94|0x00000000e5e00000, 0x00000000e5f00000, 0x00000000e5f00000|100%| O|  |TAMS 0x00000000e5f00000, 0x00000000e5e00000| Untracked 
|  95|0x00000000e5f00000, 0x00000000e6000000, 0x00000000e6000000|100%| O|  |TAMS 0x00000000e5fb6a00, 0x00000000e5f00000| Untracked 
|  96|0x00000000e6000000, 0x00000000e6000000, 0x00000000e6100000|  0%| F|  |TAMS 0x00000000e6000000, 0x00000000e6000000| Untracked 
|  97|0x00000000e6100000, 0x00000000e6100000, 0x00000000e6200000|  0%| F|  |TAMS 0x00000000e6100000, 0x00000000e6100000| Untracked 
|  98|0x00000000e6200000, 0x00000000e6200000, 0x00000000e6300000|  0%| F|  |TAMS 0x00000000e6200000, 0x00000000e6200000| Untracked 
|  99|0x00000000e6300000, 0x00000000e6300000, 0x00000000e6400000|  0%| F|  |TAMS 0x00000000e6300000, 0x00000000e6300000| Untracked 
| 100|0x00000000e6400000, 0x00000000e6400000, 0x00000000e6500000|  0%| F|  |TAMS 0x00000000e6400000, 0x00000000e6400000| Untracked 
| 101|0x00000000e6500000, 0x00000000e6500000, 0x00000000e6600000|  0%| F|  |TAMS 0x00000000e6500000, 0x00000000e6500000| Untracked 
| 102|0x00000000e6600000, 0x00000000e6600000, 0x00000000e6700000|  0%| F|  |TAMS 0x00000000e6600000, 0x00000000e6600000| Untracked 
| 103|0x00000000e6700000, 0x00000000e674c400, 0x00000000e6800000| 29%| O|  |TAMS 0x00000000e6700000, 0x00000000e6700000| Untracked 
| 104|0x00000000e6800000, 0x00000000e6800000, 0x00000000e6900000|  0%| F|  |TAMS 0x00000000e6800000, 0x00000000e6800000| Untracked 
| 105|0x00000000e6900000, 0x00000000e6a00000, 0x00000000e6a00000|100%|HS|  |TAMS 0x00000000e6a00000, 0x00000000e6900000| Complete 
| 106|0x00000000e6a00000, 0x00000000e6b00000, 0x00000000e6b00000|100%|HC|  |TAMS 0x00000000e6b00000, 0x00000000e6a00000| Complete 
| 107|0x00000000e6b00000, 0x00000000e6c00000, 0x00000000e6c00000|100%|HC|  |TAMS 0x00000000e6c00000, 0x00000000e6b00000| Complete 
| 108|0x00000000e6c00000, 0x00000000e6d00000, 0x00000000e6d00000|100%|HC|  |TAMS 0x00000000e6d00000, 0x00000000e6c00000| Complete 
| 109|0x00000000e6d00000, 0x00000000e6e00000, 0x00000000e6e00000|100%|HC|  |TAMS 0x00000000e6e00000, 0x00000000e6d00000| Complete 
| 110|0x00000000e6e00000, 0x00000000e6f00000, 0x00000000e6f00000|100%|HC|  |TAMS 0x00000000e6f00000, 0x00000000e6e00000| Complete 
| 111|0x00000000e6f00000, 0x00000000e7000000, 0x00000000e7000000|100%|HC|  |TAMS 0x00000000e7000000, 0x00000000e6f00000| Complete 
| 112|0x00000000e7000000, 0x00000000e7100000, 0x00000000e7100000|100%|HC|  |TAMS 0x00000000e7100000, 0x00000000e7000000| Complete 
| 113|0x00000000e7100000, 0x00000000e7200000, 0x00000000e7200000|100%|HC|  |TAMS 0x00000000e7200000, 0x00000000e7100000| Complete 
| 114|0x00000000e7200000, 0x00000000e7300000, 0x00000000e7300000|100%|HC|  |TAMS 0x00000000e7300000, 0x00000000e7200000| Complete 
| 115|0x00000000e7300000, 0x00000000e7400000, 0x00000000e7400000|100%|HC|  |TAMS 0x00000000e7400000, 0x00000000e7300000| Complete 
| 116|0x00000000e7400000, 0x00000000e7500000, 0x00000000e7500000|100%|HC|  |TAMS 0x00000000e7500000, 0x00000000e7400000| Complete 
| 117|0x00000000e7500000, 0x00000000e7600000, 0x00000000e7600000|100%|HC|  |TAMS 0x00000000e7600000, 0x00000000e7500000| Complete 
| 118|0x00000000e7600000, 0x00000000e7700000, 0x00000000e7700000|100%|HC|  |TAMS 0x00000000e7700000, 0x00000000e7600000| Complete 
| 119|0x00000000e7700000, 0x00000000e7800000, 0x00000000e7800000|100%|HC|  |TAMS 0x00000000e7800000, 0x00000000e7700000| Complete 
| 120|0x00000000e7800000, 0x00000000e7900000, 0x00000000e7900000|100%|HC|  |TAMS 0x00000000e7900000, 0x00000000e7800000| Complete 
| 121|0x00000000e7900000, 0x00000000e7a00000, 0x00000000e7a00000|100%|HC|  |TAMS 0x00000000e7a00000, 0x00000000e7900000| Complete 
| 122|0x00000000e7a00000, 0x00000000e7b00000, 0x00000000e7b00000|100%|HC|  |TAMS 0x00000000e7b00000, 0x00000000e7a00000| Complete 
| 123|0x00000000e7b00000, 0x00000000e7c00000, 0x00000000e7c00000|100%|HC|  |TAMS 0x00000000e7c00000, 0x00000000e7b00000| Complete 
| 124|0x00000000e7c00000, 0x00000000e7d00000, 0x00000000e7d00000|100%|HC|  |TAMS 0x00000000e7d00000, 0x00000000e7c00000| Complete 
| 125|0x00000000e7d00000, 0x00000000e7e00000, 0x00000000e7e00000|100%|HC|  |TAMS 0x00000000e7e00000, 0x00000000e7d00000| Complete 
| 126|0x00000000e7e00000, 0x00000000e7f00000, 0x00000000e7f00000|100%|HC|  |TAMS 0x00000000e7f00000, 0x00000000e7e00000| Complete 
| 127|0x00000000e7f00000, 0x00000000e8000000, 0x00000000e8000000|100%|HC|  |TAMS 0x00000000e8000000, 0x00000000e7f00000| Complete 
| 128|0x00000000e8000000, 0x00000000e8100000, 0x00000000e8100000|100%|HC|  |TAMS 0x00000000e8100000, 0x00000000e8000000| Complete 
| 129|0x00000000e8100000, 0x00000000e8200000, 0x00000000e8200000|100%|HC|  |TAMS 0x00000000e8200000, 0x00000000e8100000| Complete 
| 130|0x00000000e8200000, 0x00000000e8300000, 0x00000000e8300000|100%|HC|  |TAMS 0x00000000e8300000, 0x00000000e8200000| Complete 
| 131|0x00000000e8300000, 0x00000000e8400000, 0x00000000e8400000|100%|HC|  |TAMS 0x00000000e8400000, 0x00000000e8300000| Complete 
| 132|0x00000000e8400000, 0x00000000e8500000, 0x00000000e8500000|100%|HC|  |TAMS 0x00000000e8500000, 0x00000000e8400000| Complete 
| 133|0x00000000e8500000, 0x00000000e8600000, 0x00000000e8600000|100%|HC|  |TAMS 0x00000000e8600000, 0x00000000e8500000| Complete 
| 134|0x00000000e8600000, 0x00000000e8700000, 0x00000000e8700000|100%|HC|  |TAMS 0x00000000e8700000, 0x00000000e8600000| Complete 
| 135|0x00000000e8700000, 0x00000000e8800000, 0x00000000e8800000|100%|HC|  |TAMS 0x00000000e8800000, 0x00000000e8700000| Complete 
| 136|0x00000000e8800000, 0x00000000e8900000, 0x00000000e8900000|100%|HC|  |TAMS 0x00000000e8900000, 0x00000000e8800000| Complete 
| 137|0x00000000e8900000, 0x00000000e8a00000, 0x00000000e8a00000|100%|HC|  |TAMS 0x00000000e8a00000, 0x00000000e8900000| Complete 
| 138|0x00000000e8a00000, 0x00000000e8b00000, 0x00000000e8b00000|100%|HC|  |TAMS 0x00000000e8b00000, 0x00000000e8a00000| Complete 
| 139|0x00000000e8b00000, 0x00000000e8c00000, 0x00000000e8c00000|100%|HC|  |TAMS 0x00000000e8c00000, 0x00000000e8b00000| Complete 
| 140|0x00000000e8c00000, 0x00000000e8d00000, 0x00000000e8d00000|100%|HC|  |TAMS 0x00000000e8d00000, 0x00000000e8c00000| Complete 
| 141|0x00000000e8d00000, 0x00000000e8e00000, 0x00000000e8e00000|100%|HC|  |TAMS 0x00000000e8e00000, 0x00000000e8d00000| Complete 
| 142|0x00000000e8e00000, 0x00000000e8f00000, 0x00000000e8f00000|100%|HC|  |TAMS 0x00000000e8f00000, 0x00000000e8e00000| Complete 
| 143|0x00000000e8f00000, 0x00000000e9000000, 0x00000000e9000000|100%|HC|  |TAMS 0x00000000e9000000, 0x00000000e8f00000| Complete 
| 144|0x00000000e9000000, 0x00000000e9000000, 0x00000000e9100000|  0%| F|  |TAMS 0x00000000e9000000, 0x00000000e9000000| Untracked 
| 145|0x00000000e9100000, 0x00000000e9100000, 0x00000000e9200000|  0%| F|  |TAMS 0x00000000e9100000, 0x00000000e9100000| Untracked 
| 146|0x00000000e9200000, 0x00000000e9200000, 0x00000000e9300000|  0%| F|  |TAMS 0x00000000e9200000, 0x00000000e9200000| Untracked 
| 147|0x00000000e9300000, 0x00000000e9300000, 0x00000000e9400000|  0%| F|  |TAMS 0x00000000e9300000, 0x00000000e9300000| Untracked 
| 148|0x00000000e9400000, 0x00000000e9400000, 0x00000000e9500000|  0%| F|  |TAMS 0x00000000e9400000, 0x00000000e9400000| Untracked 
| 149|0x00000000e9500000, 0x00000000e9500000, 0x00000000e9600000|  0%| F|  |TAMS 0x00000000e9500000, 0x00000000e9500000| Untracked 
| 150|0x00000000e9600000, 0x00000000e9600000, 0x00000000e9700000|  0%| F|  |TAMS 0x00000000e9600000, 0x00000000e9600000| Untracked 
| 151|0x00000000e9700000, 0x00000000e9700000, 0x00000000e9800000|  0%| F|  |TAMS 0x00000000e9700000, 0x00000000e9700000| Untracked 
| 152|0x00000000e9800000, 0x00000000e9800000, 0x00000000e9900000|  0%| F|  |TAMS 0x00000000e9800000, 0x00000000e9800000| Untracked 
| 153|0x00000000e9900000, 0x00000000e9900000, 0x00000000e9a00000|  0%| F|  |TAMS 0x00000000e9900000, 0x00000000e9900000| Untracked 
| 154|0x00000000e9a00000, 0x00000000e9a00000, 0x00000000e9b00000|  0%| F|  |TAMS 0x00000000e9a00000, 0x00000000e9a00000| Untracked 
| 155|0x00000000e9b00000, 0x00000000e9b00000, 0x00000000e9c00000|  0%| F|  |TAMS 0x00000000e9b00000, 0x00000000e9b00000| Untracked 
| 156|0x00000000e9c00000, 0x00000000e9c00000, 0x00000000e9d00000|  0%| F|  |TAMS 0x00000000e9c00000, 0x00000000e9c00000| Untracked 
| 157|0x00000000e9d00000, 0x00000000e9d00000, 0x00000000e9e00000|  0%| F|  |TAMS 0x00000000e9d00000, 0x00000000e9d00000| Untracked 
| 158|0x00000000e9e00000, 0x00000000e9e00000, 0x00000000e9f00000|  0%| F|  |TAMS 0x00000000e9e00000, 0x00000000e9e00000| Untracked 
| 159|0x00000000e9f00000, 0x00000000e9f00000, 0x00000000ea000000|  0%| F|  |TAMS 0x00000000e9f00000, 0x00000000e9f00000| Untracked 
| 160|0x00000000ea000000, 0x00000000ea000000, 0x00000000ea100000|  0%| F|  |TAMS 0x00000000ea000000, 0x00000000ea000000| Untracked 
| 161|0x00000000ea100000, 0x00000000ea100000, 0x00000000ea200000|  0%| F|  |TAMS 0x00000000ea100000, 0x00000000ea100000| Untracked 
| 162|0x00000000ea200000, 0x00000000ea200000, 0x00000000ea300000|  0%| F|  |TAMS 0x00000000ea200000, 0x00000000ea200000| Untracked 
| 163|0x00000000ea300000, 0x00000000ea300000, 0x00000000ea400000|  0%| F|  |TAMS 0x00000000ea300000, 0x00000000ea300000| Untracked 
| 164|0x00000000ea400000, 0x00000000ea400000, 0x00000000ea500000|  0%| F|  |TAMS 0x00000000ea400000, 0x00000000ea400000| Untracked 
| 165|0x00000000ea500000, 0x00000000ea500000, 0x00000000ea600000|  0%| F|  |TAMS 0x00000000ea500000, 0x00000000ea500000| Untracked 
| 166|0x00000000ea600000, 0x00000000ea600000, 0x00000000ea700000|  0%| F|  |TAMS 0x00000000ea600000, 0x00000000ea600000| Untracked 
| 167|0x00000000ea700000, 0x00000000ea700000, 0x00000000ea800000|  0%| F|  |TAMS 0x00000000ea700000, 0x00000000ea700000| Untracked 
| 168|0x00000000ea800000, 0x00000000ea800000, 0x00000000ea900000|  0%| F|  |TAMS 0x00000000ea800000, 0x00000000ea800000| Untracked 
| 169|0x00000000ea900000, 0x00000000ea900000, 0x00000000eaa00000|  0%| F|  |TAMS 0x00000000ea900000, 0x00000000ea900000| Untracked 
| 170|0x00000000eaa00000, 0x00000000eaa00000, 0x00000000eab00000|  0%| F|  |TAMS 0x00000000eaa00000, 0x00000000eaa00000| Untracked 
| 171|0x00000000eab00000, 0x00000000eab00000, 0x00000000eac00000|  0%| F|  |TAMS 0x00000000eab00000, 0x00000000eab00000| Untracked 
| 172|0x00000000eac00000, 0x00000000eac94c00, 0x00000000ead00000| 58%| S|CS|TAMS 0x00000000eac00000, 0x00000000eac00000| Complete 
| 173|0x00000000ead00000, 0x00000000eae00000, 0x00000000eae00000|100%| S|CS|TAMS 0x00000000ead00000, 0x00000000ead00000| Complete 
| 174|0x00000000eae00000, 0x00000000eaf00000, 0x00000000eaf00000|100%| S|CS|TAMS 0x00000000eae00000, 0x00000000eae00000| Complete 
| 175|0x00000000eaf00000, 0x00000000eb000000, 0x00000000eb000000|100%| S|CS|TAMS 0x00000000eaf00000, 0x00000000eaf00000| Complete 
| 176|0x00000000eb000000, 0x00000000eb100000, 0x00000000eb100000|100%| S|CS|TAMS 0x00000000eb000000, 0x00000000eb000000| Complete 
| 177|0x00000000eb100000, 0x00000000eb200000, 0x00000000eb200000|100%| S|CS|TAMS 0x00000000eb100000, 0x00000000eb100000| Complete 
| 178|0x00000000eb200000, 0x00000000eb200000, 0x00000000eb300000|  0%| F|  |TAMS 0x00000000eb200000, 0x00000000eb200000| Untracked 
| 179|0x00000000eb300000, 0x00000000eb300000, 0x00000000eb400000|  0%| F|  |TAMS 0x00000000eb300000, 0x00000000eb300000| Untracked 
| 180|0x00000000eb400000, 0x00000000eb400000, 0x00000000eb500000|  0%| F|  |TAMS 0x00000000eb400000, 0x00000000eb400000| Untracked 
| 181|0x00000000eb500000, 0x00000000eb500000, 0x00000000eb600000|  0%| F|  |TAMS 0x00000000eb500000, 0x00000000eb500000| Untracked 
| 182|0x00000000eb600000, 0x00000000eb600000, 0x00000000eb700000|  0%| F|  |TAMS 0x00000000eb600000, 0x00000000eb600000| Untracked 
| 183|0x00000000eb700000, 0x00000000eb700000, 0x00000000eb800000|  0%| F|  |TAMS 0x00000000eb700000, 0x00000000eb700000| Untracked 
| 184|0x00000000eb800000, 0x00000000eb800000, 0x00000000eb900000|  0%| F|  |TAMS 0x00000000eb800000, 0x00000000eb800000| Untracked 
| 185|0x00000000eb900000, 0x00000000eb900000, 0x00000000eba00000|  0%| F|  |TAMS 0x00000000eb900000, 0x00000000eb900000| Untracked 
| 186|0x00000000eba00000, 0x00000000eba00000, 0x00000000ebb00000|  0%| F|  |TAMS 0x00000000eba00000, 0x00000000eba00000| Untracked 
| 187|0x00000000ebb00000, 0x00000000ebb00000, 0x00000000ebc00000|  0%| F|  |TAMS 0x00000000ebb00000, 0x00000000ebb00000| Untracked 
| 188|0x00000000ebc00000, 0x00000000ebc00000, 0x00000000ebd00000|  0%| F|  |TAMS 0x00000000ebc00000, 0x00000000ebc00000| Untracked 
| 189|0x00000000ebd00000, 0x00000000ebd00000, 0x00000000ebe00000|  0%| F|  |TAMS 0x00000000ebd00000, 0x00000000ebd00000| Untracked 
| 190|0x00000000ebe00000, 0x00000000ebe00000, 0x00000000ebf00000|  0%| F|  |TAMS 0x00000000ebe00000, 0x00000000ebe00000| Untracked 
| 191|0x00000000ebf00000, 0x00000000ebf00000, 0x00000000ec000000|  0%| F|  |TAMS 0x00000000ebf00000, 0x00000000ebf00000| Untracked 
| 192|0x00000000ec000000, 0x00000000ec000000, 0x00000000ec100000|  0%| F|  |TAMS 0x00000000ec000000, 0x00000000ec000000| Untracked 
| 193|0x00000000ec100000, 0x00000000ec100000, 0x00000000ec200000|  0%| F|  |TAMS 0x00000000ec100000, 0x00000000ec100000| Untracked 
| 194|0x00000000ec200000, 0x00000000ec200000, 0x00000000ec300000|  0%| F|  |TAMS 0x00000000ec200000, 0x00000000ec200000| Untracked 
| 195|0x00000000ec300000, 0x00000000ec300000, 0x00000000ec400000|  0%| F|  |TAMS 0x00000000ec300000, 0x00000000ec300000| Untracked 
| 196|0x00000000ec400000, 0x00000000ec400000, 0x00000000ec500000|  0%| F|  |TAMS 0x00000000ec400000, 0x00000000ec400000| Untracked 
| 197|0x00000000ec500000, 0x00000000ec500000, 0x00000000ec600000|  0%| F|  |TAMS 0x00000000ec500000, 0x00000000ec500000| Untracked 
| 198|0x00000000ec600000, 0x00000000ec600000, 0x00000000ec700000|  0%| F|  |TAMS 0x00000000ec600000, 0x00000000ec600000| Untracked 
| 199|0x00000000ec700000, 0x00000000ec700000, 0x00000000ec800000|  0%| F|  |TAMS 0x00000000ec700000, 0x00000000ec700000| Untracked 
| 200|0x00000000ec800000, 0x00000000ec800000, 0x00000000ec900000|  0%| F|  |TAMS 0x00000000ec800000, 0x00000000ec800000| Untracked 
| 201|0x00000000ec900000, 0x00000000ec900000, 0x00000000eca00000|  0%| F|  |TAMS 0x00000000ec900000, 0x00000000ec900000| Untracked 
| 202|0x00000000eca00000, 0x00000000eca00000, 0x00000000ecb00000|  0%| F|  |TAMS 0x00000000eca00000, 0x00000000eca00000| Untracked 
| 203|0x00000000ecb00000, 0x00000000ecb00000, 0x00000000ecc00000|  0%| F|  |TAMS 0x00000000ecb00000, 0x00000000ecb00000| Untracked 
| 204|0x00000000ecc00000, 0x00000000ecc00000, 0x00000000ecd00000|  0%| F|  |TAMS 0x00000000ecc00000, 0x00000000ecc00000| Untracked 
| 205|0x00000000ecd00000, 0x00000000ecd00000, 0x00000000ece00000|  0%| F|  |TAMS 0x00000000ecd00000, 0x00000000ecd00000| Untracked 
| 206|0x00000000ece00000, 0x00000000ece00000, 0x00000000ecf00000|  0%| F|  |TAMS 0x00000000ece00000, 0x00000000ece00000| Untracked 
| 207|0x00000000ecf00000, 0x00000000ecf00000, 0x00000000ed000000|  0%| F|  |TAMS 0x00000000ecf00000, 0x00000000ecf00000| Untracked 
| 208|0x00000000ed000000, 0x00000000ed000000, 0x00000000ed100000|  0%| F|  |TAMS 0x00000000ed000000, 0x00000000ed000000| Untracked 
| 209|0x00000000ed100000, 0x00000000ed100000, 0x00000000ed200000|  0%| F|  |TAMS 0x00000000ed100000, 0x00000000ed100000| Untracked 
| 210|0x00000000ed200000, 0x00000000ed200000, 0x00000000ed300000|  0%| F|  |TAMS 0x00000000ed200000, 0x00000000ed200000| Untracked 
| 211|0x00000000ed300000, 0x00000000ed300000, 0x00000000ed400000|  0%| F|  |TAMS 0x00000000ed300000, 0x00000000ed300000| Untracked 
| 212|0x00000000ed400000, 0x00000000ed400000, 0x00000000ed500000|  0%| F|  |TAMS 0x00000000ed400000, 0x00000000ed400000| Untracked 
| 213|0x00000000ed500000, 0x00000000ed500000, 0x00000000ed600000|  0%| F|  |TAMS 0x00000000ed500000, 0x00000000ed500000| Untracked 
| 214|0x00000000ed600000, 0x00000000ed600000, 0x00000000ed700000|  0%| F|  |TAMS 0x00000000ed600000, 0x00000000ed600000| Untracked 
| 215|0x00000000ed700000, 0x00000000ed700000, 0x00000000ed800000|  0%| F|  |TAMS 0x00000000ed700000, 0x00000000ed700000| Untracked 
| 216|0x00000000ed800000, 0x00000000ed800000, 0x00000000ed900000|  0%| F|  |TAMS 0x00000000ed800000, 0x00000000ed800000| Untracked 
| 217|0x00000000ed900000, 0x00000000ed900000, 0x00000000eda00000|  0%| F|  |TAMS 0x00000000ed900000, 0x00000000ed900000| Untracked 
| 218|0x00000000eda00000, 0x00000000eda00000, 0x00000000edb00000|  0%| F|  |TAMS 0x00000000eda00000, 0x00000000eda00000| Untracked 
| 219|0x00000000edb00000, 0x00000000edb00000, 0x00000000edc00000|  0%| F|  |TAMS 0x00000000edb00000, 0x00000000edb00000| Untracked 
| 220|0x00000000edc00000, 0x00000000edc00000, 0x00000000edd00000|  0%| F|  |TAMS 0x00000000edc00000, 0x00000000edc00000| Untracked 
| 221|0x00000000edd00000, 0x00000000edd00000, 0x00000000ede00000|  0%| F|  |TAMS 0x00000000edd00000, 0x00000000edd00000| Untracked 
| 222|0x00000000ede00000, 0x00000000ede00000, 0x00000000edf00000|  0%| F|  |TAMS 0x00000000ede00000, 0x00000000ede00000| Untracked 
| 223|0x00000000edf00000, 0x00000000edf00000, 0x00000000ee000000|  0%| F|  |TAMS 0x00000000edf00000, 0x00000000edf00000| Untracked 
| 224|0x00000000ee000000, 0x00000000ee000000, 0x00000000ee100000|  0%| F|  |TAMS 0x00000000ee000000, 0x00000000ee000000| Untracked 
| 225|0x00000000ee100000, 0x00000000ee100000, 0x00000000ee200000|  0%| F|  |TAMS 0x00000000ee100000, 0x00000000ee100000| Untracked 
| 226|0x00000000ee200000, 0x00000000ee200000, 0x00000000ee300000|  0%| F|  |TAMS 0x00000000ee200000, 0x00000000ee200000| Untracked 
| 227|0x00000000ee300000, 0x00000000ee300000, 0x00000000ee400000|  0%| F|  |TAMS 0x00000000ee300000, 0x00000000ee300000| Untracked 
| 228|0x00000000ee400000, 0x00000000ee400000, 0x00000000ee500000|  0%| F|  |TAMS 0x00000000ee400000, 0x00000000ee400000| Untracked 
| 229|0x00000000ee500000, 0x00000000ee500000, 0x00000000ee600000|  0%| F|  |TAMS 0x00000000ee500000, 0x00000000ee500000| Untracked 
| 230|0x00000000ee600000, 0x00000000ee600000, 0x00000000ee700000|  0%| F|  |TAMS 0x00000000ee600000, 0x00000000ee600000| Untracked 
| 231|0x00000000ee700000, 0x00000000ee700000, 0x00000000ee800000|  0%| F|  |TAMS 0x00000000ee700000, 0x00000000ee700000| Untracked 
| 232|0x00000000ee800000, 0x00000000ee800000, 0x00000000ee900000|  0%| F|  |TAMS 0x00000000ee800000, 0x00000000ee800000| Untracked 
| 233|0x00000000ee900000, 0x00000000ee900000, 0x00000000eea00000|  0%| F|  |TAMS 0x00000000ee900000, 0x00000000ee900000| Untracked 
| 234|0x00000000eea00000, 0x00000000eea00000, 0x00000000eeb00000|  0%| F|  |TAMS 0x00000000eea00000, 0x00000000eea00000| Untracked 
| 235|0x00000000eeb00000, 0x00000000eeb00000, 0x00000000eec00000|  0%| F|  |TAMS 0x00000000eeb00000, 0x00000000eeb00000| Untracked 
| 236|0x00000000eec00000, 0x00000000eec00000, 0x00000000eed00000|  0%| F|  |TAMS 0x00000000eec00000, 0x00000000eec00000| Untracked 
| 237|0x00000000eed00000, 0x00000000eed00000, 0x00000000eee00000|  0%| F|  |TAMS 0x00000000eed00000, 0x00000000eed00000| Untracked 
| 238|0x00000000eee00000, 0x00000000eee00000, 0x00000000eef00000|  0%| F|  |TAMS 0x00000000eee00000, 0x00000000eee00000| Untracked 
| 239|0x00000000eef00000, 0x00000000eef00000, 0x00000000ef000000|  0%| F|  |TAMS 0x00000000eef00000, 0x00000000eef00000| Untracked 
| 240|0x00000000ef000000, 0x00000000ef000000, 0x00000000ef100000|  0%| F|  |TAMS 0x00000000ef000000, 0x00000000ef000000| Untracked 
| 241|0x00000000ef100000, 0x00000000ef100000, 0x00000000ef200000|  0%| F|  |TAMS 0x00000000ef100000, 0x00000000ef100000| Untracked 
| 242|0x00000000ef200000, 0x00000000ef200000, 0x00000000ef300000|  0%| F|  |TAMS 0x00000000ef200000, 0x00000000ef200000| Untracked 
| 243|0x00000000ef300000, 0x00000000ef300000, 0x00000000ef400000|  0%| F|  |TAMS 0x00000000ef300000, 0x00000000ef300000| Untracked 
| 244|0x00000000ef400000, 0x00000000ef400000, 0x00000000ef500000|  0%| F|  |TAMS 0x00000000ef400000, 0x00000000ef400000| Untracked 
| 245|0x00000000ef500000, 0x00000000ef500000, 0x00000000ef600000|  0%| F|  |TAMS 0x00000000ef500000, 0x00000000ef500000| Untracked 
| 246|0x00000000ef600000, 0x00000000ef600000, 0x00000000ef700000|  0%| F|  |TAMS 0x00000000ef600000, 0x00000000ef600000| Untracked 
| 247|0x00000000ef700000, 0x00000000ef700000, 0x00000000ef800000|  0%| F|  |TAMS 0x00000000ef700000, 0x00000000ef700000| Untracked 
| 248|0x00000000ef800000, 0x00000000ef800000, 0x00000000ef900000|  0%| F|  |TAMS 0x00000000ef800000, 0x00000000ef800000| Untracked 
| 249|0x00000000ef900000, 0x00000000ef900000, 0x00000000efa00000|  0%| F|  |TAMS 0x00000000ef900000, 0x00000000ef900000| Untracked 
| 250|0x00000000efa00000, 0x00000000efa00000, 0x00000000efb00000|  0%| F|  |TAMS 0x00000000efa00000, 0x00000000efa00000| Untracked 
| 251|0x00000000efb00000, 0x00000000efb00000, 0x00000000efc00000|  0%| F|  |TAMS 0x00000000efb00000, 0x00000000efb00000| Untracked 
| 252|0x00000000efc00000, 0x00000000efc00000, 0x00000000efd00000|  0%| F|  |TAMS 0x00000000efc00000, 0x00000000efc00000| Untracked 
| 253|0x00000000efd00000, 0x00000000efd00000, 0x00000000efe00000|  0%| F|  |TAMS 0x00000000efd00000, 0x00000000efd00000| Untracked 
| 254|0x00000000efe00000, 0x00000000efe00000, 0x00000000eff00000|  0%| F|  |TAMS 0x00000000efe00000, 0x00000000efe00000| Untracked 
| 255|0x00000000eff00000, 0x00000000eff00000, 0x00000000f0000000|  0%| F|  |TAMS 0x00000000eff00000, 0x00000000eff00000| Untracked 
| 256|0x00000000f0000000, 0x00000000f0000000, 0x00000000f0100000|  0%| F|  |TAMS 0x00000000f0000000, 0x00000000f0000000| Untracked 
| 257|0x00000000f0100000, 0x00000000f0100000, 0x00000000f0200000|  0%| F|  |TAMS 0x00000000f0100000, 0x00000000f0100000| Untracked 
| 258|0x00000000f0200000, 0x00000000f0200000, 0x00000000f0300000|  0%| F|  |TAMS 0x00000000f0200000, 0x00000000f0200000| Untracked 
| 259|0x00000000f0300000, 0x00000000f0300000, 0x00000000f0400000|  0%| F|  |TAMS 0x00000000f0300000, 0x00000000f0300000| Untracked 
| 260|0x00000000f0400000, 0x00000000f0400000, 0x00000000f0500000|  0%| F|  |TAMS 0x00000000f0400000, 0x00000000f0400000| Untracked 
| 261|0x00000000f0500000, 0x00000000f0500000, 0x00000000f0600000|  0%| F|  |TAMS 0x00000000f0500000, 0x00000000f0500000| Untracked 
| 262|0x00000000f0600000, 0x00000000f0600000, 0x00000000f0700000|  0%| F|  |TAMS 0x00000000f0600000, 0x00000000f0600000| Untracked 
| 263|0x00000000f0700000, 0x00000000f0700000, 0x00000000f0800000|  0%| F|  |TAMS 0x00000000f0700000, 0x00000000f0700000| Untracked 
| 264|0x00000000f0800000, 0x00000000f0800000, 0x00000000f0900000|  0%| F|  |TAMS 0x00000000f0800000, 0x00000000f0800000| Untracked 
| 265|0x00000000f0900000, 0x00000000f0900000, 0x00000000f0a00000|  0%| F|  |TAMS 0x00000000f0900000, 0x00000000f0900000| Untracked 
| 266|0x00000000f0a00000, 0x00000000f0a00000, 0x00000000f0b00000|  0%| F|  |TAMS 0x00000000f0a00000, 0x00000000f0a00000| Untracked 
| 267|0x00000000f0b00000, 0x00000000f0b00000, 0x00000000f0c00000|  0%| F|  |TAMS 0x00000000f0b00000, 0x00000000f0b00000| Untracked 
| 268|0x00000000f0c00000, 0x00000000f0c00000, 0x00000000f0d00000|  0%| F|  |TAMS 0x00000000f0c00000, 0x00000000f0c00000| Untracked 
| 269|0x00000000f0d00000, 0x00000000f0d00000, 0x00000000f0e00000|  0%| F|  |TAMS 0x00000000f0d00000, 0x00000000f0d00000| Untracked 
| 270|0x00000000f0e00000, 0x00000000f0e00000, 0x00000000f0f00000|  0%| F|  |TAMS 0x00000000f0e00000, 0x00000000f0e00000| Untracked 
| 271|0x00000000f0f00000, 0x00000000f0f00000, 0x00000000f1000000|  0%| F|  |TAMS 0x00000000f0f00000, 0x00000000f0f00000| Untracked 
| 272|0x00000000f1000000, 0x00000000f1000000, 0x00000000f1100000|  0%| F|  |TAMS 0x00000000f1000000, 0x00000000f1000000| Untracked 
| 273|0x00000000f1100000, 0x00000000f1100000, 0x00000000f1200000|  0%| F|  |TAMS 0x00000000f1100000, 0x00000000f1100000| Untracked 
| 274|0x00000000f1200000, 0x00000000f1200000, 0x00000000f1300000|  0%| F|  |TAMS 0x00000000f1200000, 0x00000000f1200000| Untracked 
| 275|0x00000000f1300000, 0x00000000f1300000, 0x00000000f1400000|  0%| F|  |TAMS 0x00000000f1300000, 0x00000000f1300000| Untracked 
| 276|0x00000000f1400000, 0x00000000f1400000, 0x00000000f1500000|  0%| F|  |TAMS 0x00000000f1400000, 0x00000000f1400000| Untracked 
| 277|0x00000000f1500000, 0x00000000f1500000, 0x00000000f1600000|  0%| F|  |TAMS 0x00000000f1500000, 0x00000000f1500000| Untracked 
| 278|0x00000000f1600000, 0x00000000f1600000, 0x00000000f1700000|  0%| F|  |TAMS 0x00000000f1600000, 0x00000000f1600000| Untracked 
| 279|0x00000000f1700000, 0x00000000f1700000, 0x00000000f1800000|  0%| F|  |TAMS 0x00000000f1700000, 0x00000000f1700000| Untracked 
| 280|0x00000000f1800000, 0x00000000f1800000, 0x00000000f1900000|  0%| F|  |TAMS 0x00000000f1800000, 0x00000000f1800000| Untracked 
| 281|0x00000000f1900000, 0x00000000f1900000, 0x00000000f1a00000|  0%| F|  |TAMS 0x00000000f1900000, 0x00000000f1900000| Untracked 
| 282|0x00000000f1a00000, 0x00000000f1a00000, 0x00000000f1b00000|  0%| F|  |TAMS 0x00000000f1a00000, 0x00000000f1a00000| Untracked 
| 283|0x00000000f1b00000, 0x00000000f1b00000, 0x00000000f1c00000|  0%| F|  |TAMS 0x00000000f1b00000, 0x00000000f1b00000| Untracked 
| 284|0x00000000f1c00000, 0x00000000f1c00000, 0x00000000f1d00000|  0%| F|  |TAMS 0x00000000f1c00000, 0x00000000f1c00000| Untracked 
| 285|0x00000000f1d00000, 0x00000000f1d00000, 0x00000000f1e00000|  0%| F|  |TAMS 0x00000000f1d00000, 0x00000000f1d00000| Untracked 
| 286|0x00000000f1e00000, 0x00000000f1e00000, 0x00000000f1f00000|  0%| F|  |TAMS 0x00000000f1e00000, 0x00000000f1e00000| Untracked 
| 287|0x00000000f1f00000, 0x00000000f1f00000, 0x00000000f2000000|  0%| F|  |TAMS 0x00000000f1f00000, 0x00000000f1f00000| Untracked 
| 288|0x00000000f2000000, 0x00000000f2000000, 0x00000000f2100000|  0%| F|  |TAMS 0x00000000f2000000, 0x00000000f2000000| Untracked 
| 289|0x00000000f2100000, 0x00000000f2100000, 0x00000000f2200000|  0%| F|  |TAMS 0x00000000f2100000, 0x00000000f2100000| Untracked 
| 290|0x00000000f2200000, 0x00000000f2200000, 0x00000000f2300000|  0%| F|  |TAMS 0x00000000f2200000, 0x00000000f2200000| Untracked 
| 291|0x00000000f2300000, 0x00000000f2300000, 0x00000000f2400000|  0%| F|  |TAMS 0x00000000f2300000, 0x00000000f2300000| Untracked 
| 292|0x00000000f2400000, 0x00000000f2400000, 0x00000000f2500000|  0%| F|  |TAMS 0x00000000f2400000, 0x00000000f2400000| Untracked 
| 293|0x00000000f2500000, 0x00000000f2500000, 0x00000000f2600000|  0%| F|  |TAMS 0x00000000f2500000, 0x00000000f2500000| Untracked 
| 294|0x00000000f2600000, 0x00000000f2600000, 0x00000000f2700000|  0%| F|  |TAMS 0x00000000f2600000, 0x00000000f2600000| Untracked 
| 295|0x00000000f2700000, 0x00000000f2700000, 0x00000000f2800000|  0%| F|  |TAMS 0x00000000f2700000, 0x00000000f2700000| Untracked 
| 296|0x00000000f2800000, 0x00000000f2800000, 0x00000000f2900000|  0%| F|  |TAMS 0x00000000f2800000, 0x00000000f2800000| Untracked 
| 297|0x00000000f2900000, 0x00000000f2900000, 0x00000000f2a00000|  0%| F|  |TAMS 0x00000000f2900000, 0x00000000f2900000| Untracked 
| 298|0x00000000f2a00000, 0x00000000f2a00000, 0x00000000f2b00000|  0%| F|  |TAMS 0x00000000f2a00000, 0x00000000f2a00000| Untracked 
| 299|0x00000000f2b00000, 0x00000000f2b00000, 0x00000000f2c00000|  0%| F|  |TAMS 0x00000000f2b00000, 0x00000000f2b00000| Untracked 
| 300|0x00000000f2c00000, 0x00000000f2c00000, 0x00000000f2d00000|  0%| F|  |TAMS 0x00000000f2c00000, 0x00000000f2c00000| Untracked 
| 301|0x00000000f2d00000, 0x00000000f2d00000, 0x00000000f2e00000|  0%| F|  |TAMS 0x00000000f2d00000, 0x00000000f2d00000| Untracked 
| 302|0x00000000f2e00000, 0x00000000f2e00000, 0x00000000f2f00000|  0%| F|  |TAMS 0x00000000f2e00000, 0x00000000f2e00000| Untracked 
| 303|0x00000000f2f00000, 0x00000000f2f00000, 0x00000000f3000000|  0%| F|  |TAMS 0x00000000f2f00000, 0x00000000f2f00000| Untracked 
| 304|0x00000000f3000000, 0x00000000f3000000, 0x00000000f3100000|  0%| F|  |TAMS 0x00000000f3000000, 0x00000000f3000000| Untracked 
| 305|0x00000000f3100000, 0x00000000f3100000, 0x00000000f3200000|  0%| F|  |TAMS 0x00000000f3100000, 0x00000000f3100000| Untracked 
| 306|0x00000000f3200000, 0x00000000f3200000, 0x00000000f3300000|  0%| F|  |TAMS 0x00000000f3200000, 0x00000000f3200000| Untracked 
| 307|0x00000000f3300000, 0x00000000f3300000, 0x00000000f3400000|  0%| F|  |TAMS 0x00000000f3300000, 0x00000000f3300000| Untracked 
| 308|0x00000000f3400000, 0x00000000f3400000, 0x00000000f3500000|  0%| F|  |TAMS 0x00000000f3400000, 0x00000000f3400000| Untracked 
| 309|0x00000000f3500000, 0x00000000f3500000, 0x00000000f3600000|  0%| F|  |TAMS 0x00000000f3500000, 0x00000000f3500000| Untracked 
| 310|0x00000000f3600000, 0x00000000f3600000, 0x00000000f3700000|  0%| F|  |TAMS 0x00000000f3600000, 0x00000000f3600000| Untracked 
| 311|0x00000000f3700000, 0x00000000f3700000, 0x00000000f3800000|  0%| F|  |TAMS 0x00000000f3700000, 0x00000000f3700000| Untracked 
| 312|0x00000000f3800000, 0x00000000f3800000, 0x00000000f3900000|  0%| F|  |TAMS 0x00000000f3800000, 0x00000000f3800000| Untracked 
| 313|0x00000000f3900000, 0x00000000f3900000, 0x00000000f3a00000|  0%| F|  |TAMS 0x00000000f3900000, 0x00000000f3900000| Untracked 
| 314|0x00000000f3a00000, 0x00000000f3a5dd28, 0x00000000f3b00000| 36%| E|  |TAMS 0x00000000f3a00000, 0x00000000f3a00000| Complete 
| 315|0x00000000f3b00000, 0x00000000f3c00000, 0x00000000f3c00000|100%| E|CS|TAMS 0x00000000f3b00000, 0x00000000f3b00000| Complete 
| 316|0x00000000f3c00000, 0x00000000f3d00000, 0x00000000f3d00000|100%| E|CS|TAMS 0x00000000f3c00000, 0x00000000f3c00000| Complete 
| 317|0x00000000f3d00000, 0x00000000f3e00000, 0x00000000f3e00000|100%| E|CS|TAMS 0x00000000f3d00000, 0x00000000f3d00000| Complete 
| 318|0x00000000f3e00000, 0x00000000f3f00000, 0x00000000f3f00000|100%| E|CS|TAMS 0x00000000f3e00000, 0x00000000f3e00000| Complete 
| 319|0x00000000f3f00000, 0x00000000f4000000, 0x00000000f4000000|100%| E|CS|TAMS 0x00000000f3f00000, 0x00000000f3f00000| Complete 
| 320|0x00000000f4000000, 0x00000000f4100000, 0x00000000f4100000|100%| E|CS|TAMS 0x00000000f4000000, 0x00000000f4000000| Complete 
| 321|0x00000000f4100000, 0x00000000f4200000, 0x00000000f4200000|100%| E|CS|TAMS 0x00000000f4100000, 0x00000000f4100000| Complete 
| 322|0x00000000f4200000, 0x00000000f4300000, 0x00000000f4300000|100%| E|CS|TAMS 0x00000000f4200000, 0x00000000f4200000| Complete 
| 323|0x00000000f4300000, 0x00000000f4400000, 0x00000000f4400000|100%| E|CS|TAMS 0x00000000f4300000, 0x00000000f4300000| Complete 
| 324|0x00000000f4400000, 0x00000000f4500000, 0x00000000f4500000|100%| E|CS|TAMS 0x00000000f4400000, 0x00000000f4400000| Complete 
| 325|0x00000000f4500000, 0x00000000f4600000, 0x00000000f4600000|100%| E|CS|TAMS 0x00000000f4500000, 0x00000000f4500000| Complete 
| 326|0x00000000f4600000, 0x00000000f4700000, 0x00000000f4700000|100%| E|CS|TAMS 0x00000000f4600000, 0x00000000f4600000| Complete 
| 327|0x00000000f4700000, 0x00000000f4800000, 0x00000000f4800000|100%| E|CS|TAMS 0x00000000f4700000, 0x00000000f4700000| Complete 
| 328|0x00000000f4800000, 0x00000000f4900000, 0x00000000f4900000|100%| E|CS|TAMS 0x00000000f4800000, 0x00000000f4800000| Complete 
| 329|0x00000000f4900000, 0x00000000f4a00000, 0x00000000f4a00000|100%| E|CS|TAMS 0x00000000f4900000, 0x00000000f4900000| Complete 
| 330|0x00000000f4a00000, 0x00000000f4b00000, 0x00000000f4b00000|100%| E|CS|TAMS 0x00000000f4a00000, 0x00000000f4a00000| Complete 
| 331|0x00000000f4b00000, 0x00000000f4c00000, 0x00000000f4c00000|100%| E|CS|TAMS 0x00000000f4b00000, 0x00000000f4b00000| Complete 
| 332|0x00000000f4c00000, 0x00000000f4d00000, 0x00000000f4d00000|100%| E|CS|TAMS 0x00000000f4c00000, 0x00000000f4c00000| Complete 
| 333|0x00000000f4d00000, 0x00000000f4e00000, 0x00000000f4e00000|100%| E|CS|TAMS 0x00000000f4d00000, 0x00000000f4d00000| Complete 
| 334|0x00000000f4e00000, 0x00000000f4f00000, 0x00000000f4f00000|100%| E|CS|TAMS 0x00000000f4e00000, 0x00000000f4e00000| Complete 
| 335|0x00000000f4f00000, 0x00000000f5000000, 0x00000000f5000000|100%| E|CS|TAMS 0x00000000f4f00000, 0x00000000f4f00000| Complete 
| 336|0x00000000f5000000, 0x00000000f5100000, 0x00000000f5100000|100%| E|CS|TAMS 0x00000000f5000000, 0x00000000f5000000| Complete 
| 337|0x00000000f5100000, 0x00000000f5200000, 0x00000000f5200000|100%| E|CS|TAMS 0x00000000f5100000, 0x00000000f5100000| Complete 
| 338|0x00000000f5200000, 0x00000000f5300000, 0x00000000f5300000|100%| E|CS|TAMS 0x00000000f5200000, 0x00000000f5200000| Complete 
| 339|0x00000000f5300000, 0x00000000f5400000, 0x00000000f5400000|100%| E|CS|TAMS 0x00000000f5300000, 0x00000000f5300000| Complete 
| 340|0x00000000f5400000, 0x00000000f5500000, 0x00000000f5500000|100%| E|CS|TAMS 0x00000000f5400000, 0x00000000f5400000| Complete 
| 341|0x00000000f5500000, 0x00000000f5600000, 0x00000000f5600000|100%| E|CS|TAMS 0x00000000f5500000, 0x00000000f5500000| Complete 
| 342|0x00000000f5600000, 0x00000000f5700000, 0x00000000f5700000|100%| E|CS|TAMS 0x00000000f5600000, 0x00000000f5600000| Complete 
| 343|0x00000000f5700000, 0x00000000f5800000, 0x00000000f5800000|100%| E|CS|TAMS 0x00000000f5700000, 0x00000000f5700000| Complete 
| 344|0x00000000f5800000, 0x00000000f5900000, 0x00000000f5900000|100%| E|CS|TAMS 0x00000000f5800000, 0x00000000f5800000| Complete 
| 345|0x00000000f5900000, 0x00000000f5a00000, 0x00000000f5a00000|100%| E|CS|TAMS 0x00000000f5900000, 0x00000000f5900000| Complete 
| 346|0x00000000f5a00000, 0x00000000f5b00000, 0x00000000f5b00000|100%| E|CS|TAMS 0x00000000f5a00000, 0x00000000f5a00000| Complete 
| 347|0x00000000f5b00000, 0x00000000f5c00000, 0x00000000f5c00000|100%| E|CS|TAMS 0x00000000f5b00000, 0x00000000f5b00000| Complete 
| 348|0x00000000f5c00000, 0x00000000f5d00000, 0x00000000f5d00000|100%| E|CS|TAMS 0x00000000f5c00000, 0x00000000f5c00000| Complete 
| 349|0x00000000f5d00000, 0x00000000f5e00000, 0x00000000f5e00000|100%| E|CS|TAMS 0x00000000f5d00000, 0x00000000f5d00000| Complete 
| 350|0x00000000f5e00000, 0x00000000f5f00000, 0x00000000f5f00000|100%| E|CS|TAMS 0x00000000f5e00000, 0x00000000f5e00000| Complete 
| 351|0x00000000f5f00000, 0x00000000f6000000, 0x00000000f6000000|100%| E|CS|TAMS 0x00000000f5f00000, 0x00000000f5f00000| Complete 
| 352|0x00000000f6000000, 0x00000000f6100000, 0x00000000f6100000|100%| E|CS|TAMS 0x00000000f6000000, 0x00000000f6000000| Complete 
| 353|0x00000000f6100000, 0x00000000f6200000, 0x00000000f6200000|100%| E|CS|TAMS 0x00000000f6100000, 0x00000000f6100000| Complete 
| 354|0x00000000f6200000, 0x00000000f6300000, 0x00000000f6300000|100%| E|CS|TAMS 0x00000000f6200000, 0x00000000f6200000| Complete 
| 355|0x00000000f6300000, 0x00000000f6400000, 0x00000000f6400000|100%| E|CS|TAMS 0x00000000f6300000, 0x00000000f6300000| Complete 
| 356|0x00000000f6400000, 0x00000000f6500000, 0x00000000f6500000|100%| E|CS|TAMS 0x00000000f6400000, 0x00000000f6400000| Complete 
| 357|0x00000000f6500000, 0x00000000f6600000, 0x00000000f6600000|100%| E|CS|TAMS 0x00000000f6500000, 0x00000000f6500000| Complete 
| 358|0x00000000f6600000, 0x00000000f6700000, 0x00000000f6700000|100%| E|CS|TAMS 0x00000000f6600000, 0x00000000f6600000| Complete 
| 359|0x00000000f6700000, 0x00000000f6800000, 0x00000000f6800000|100%| E|CS|TAMS 0x00000000f6700000, 0x00000000f6700000| Complete 
| 360|0x00000000f6800000, 0x00000000f6900000, 0x00000000f6900000|100%| E|CS|TAMS 0x00000000f6800000, 0x00000000f6800000| Complete 
| 361|0x00000000f6900000, 0x00000000f6a00000, 0x00000000f6a00000|100%| E|CS|TAMS 0x00000000f6900000, 0x00000000f6900000| Complete 
| 362|0x00000000f6a00000, 0x00000000f6b00000, 0x00000000f6b00000|100%| E|CS|TAMS 0x00000000f6a00000, 0x00000000f6a00000| Complete 
| 363|0x00000000f6b00000, 0x00000000f6c00000, 0x00000000f6c00000|100%| E|CS|TAMS 0x00000000f6b00000, 0x00000000f6b00000| Complete 
| 364|0x00000000f6c00000, 0x00000000f6d00000, 0x00000000f6d00000|100%| E|CS|TAMS 0x00000000f6c00000, 0x00000000f6c00000| Complete 
| 365|0x00000000f6d00000, 0x00000000f6e00000, 0x00000000f6e00000|100%| E|CS|TAMS 0x00000000f6d00000, 0x00000000f6d00000| Complete 
| 366|0x00000000f6e00000, 0x00000000f6f00000, 0x00000000f6f00000|100%| E|CS|TAMS 0x00000000f6e00000, 0x00000000f6e00000| Complete 
| 367|0x00000000f6f00000, 0x00000000f7000000, 0x00000000f7000000|100%| E|CS|TAMS 0x00000000f6f00000, 0x00000000f6f00000| Complete 
| 368|0x00000000f7000000, 0x00000000f7100000, 0x00000000f7100000|100%| E|CS|TAMS 0x00000000f7000000, 0x00000000f7000000| Complete 
| 369|0x00000000f7100000, 0x00000000f7200000, 0x00000000f7200000|100%| E|CS|TAMS 0x00000000f7100000, 0x00000000f7100000| Complete 
| 370|0x00000000f7200000, 0x00000000f7300000, 0x00000000f7300000|100%| E|CS|TAMS 0x00000000f7200000, 0x00000000f7200000| Complete 
| 371|0x00000000f7300000, 0x00000000f7400000, 0x00000000f7400000|100%| E|CS|TAMS 0x00000000f7300000, 0x00000000f7300000| Complete 
| 372|0x00000000f7400000, 0x00000000f7500000, 0x00000000f7500000|100%| E|CS|TAMS 0x00000000f7400000, 0x00000000f7400000| Complete 
| 373|0x00000000f7500000, 0x00000000f7600000, 0x00000000f7600000|100%| E|CS|TAMS 0x00000000f7500000, 0x00000000f7500000| Complete 
| 374|0x00000000f7600000, 0x00000000f7700000, 0x00000000f7700000|100%| E|CS|TAMS 0x00000000f7600000, 0x00000000f7600000| Complete 
| 375|0x00000000f7700000, 0x00000000f7800000, 0x00000000f7800000|100%| E|CS|TAMS 0x00000000f7700000, 0x00000000f7700000| Complete 
| 376|0x00000000f7800000, 0x00000000f7900000, 0x00000000f7900000|100%| E|CS|TAMS 0x00000000f7800000, 0x00000000f7800000| Complete 
| 377|0x00000000f7900000, 0x00000000f7a00000, 0x00000000f7a00000|100%| E|CS|TAMS 0x00000000f7900000, 0x00000000f7900000| Complete 
| 378|0x00000000f7a00000, 0x00000000f7b00000, 0x00000000f7b00000|100%|HS|  |TAMS 0x00000000f7a00000, 0x00000000f7a00000| Complete 
| 379|0x00000000f7b00000, 0x00000000f7c00000, 0x00000000f7c00000|100%|HC|  |TAMS 0x00000000f7b00000, 0x00000000f7b00000| Complete 
| 380|0x00000000f7c00000, 0x00000000f7d00000, 0x00000000f7d00000|100%|HC|  |TAMS 0x00000000f7c00000, 0x00000000f7c00000| Complete 
| 381|0x00000000f7d00000, 0x00000000f7e00000, 0x00000000f7e00000|100%|HC|  |TAMS 0x00000000f7d00000, 0x00000000f7d00000| Complete 
| 382|0x00000000f7e00000, 0x00000000f7f00000, 0x00000000f7f00000|100%|HC|  |TAMS 0x00000000f7e00000, 0x00000000f7e00000| Complete 
| 383|0x00000000f7f00000, 0x00000000f8000000, 0x00000000f8000000|100%|HC|  |TAMS 0x00000000f7f00000, 0x00000000f7f00000| Complete 
| 384|0x00000000f8000000, 0x00000000f8100000, 0x00000000f8100000|100%|HC|  |TAMS 0x00000000f8000000, 0x00000000f8000000| Complete 
| 385|0x00000000f8100000, 0x00000000f8200000, 0x00000000f8200000|100%|HC|  |TAMS 0x00000000f8100000, 0x00000000f8100000| Complete 
| 386|0x00000000f8200000, 0x00000000f8300000, 0x00000000f8300000|100%|HC|  |TAMS 0x00000000f8200000, 0x00000000f8200000| Complete 
| 387|0x00000000f8300000, 0x00000000f8400000, 0x00000000f8400000|100%|HC|  |TAMS 0x00000000f8300000, 0x00000000f8300000| Complete 
| 388|0x00000000f8400000, 0x00000000f8500000, 0x00000000f8500000|100%|HC|  |TAMS 0x00000000f8400000, 0x00000000f8400000| Complete 
| 389|0x00000000f8500000, 0x00000000f8600000, 0x00000000f8600000|100%|HC|  |TAMS 0x00000000f8500000, 0x00000000f8500000| Complete 
| 390|0x00000000f8600000, 0x00000000f8700000, 0x00000000f8700000|100%|HC|  |TAMS 0x00000000f8600000, 0x00000000f8600000| Complete 
| 391|0x00000000f8700000, 0x00000000f8800000, 0x00000000f8800000|100%|HC|  |TAMS 0x00000000f8700000, 0x00000000f8700000| Complete 
| 392|0x00000000f8800000, 0x00000000f8900000, 0x00000000f8900000|100%|HC|  |TAMS 0x00000000f8800000, 0x00000000f8800000| Complete 
| 393|0x00000000f8900000, 0x00000000f8a00000, 0x00000000f8a00000|100%|HC|  |TAMS 0x00000000f8900000, 0x00000000f8900000| Complete 
| 394|0x00000000f8a00000, 0x00000000f8b00000, 0x00000000f8b00000|100%|HC|  |TAMS 0x00000000f8a00000, 0x00000000f8a00000| Complete 
| 395|0x00000000f8b00000, 0x00000000f8c00000, 0x00000000f8c00000|100%|HC|  |TAMS 0x00000000f8b00000, 0x00000000f8b00000| Complete 
| 396|0x00000000f8c00000, 0x00000000f8d00000, 0x00000000f8d00000|100%|HC|  |TAMS 0x00000000f8c00000, 0x00000000f8c00000| Complete 
| 397|0x00000000f8d00000, 0x00000000f8e00000, 0x00000000f8e00000|100%|HC|  |TAMS 0x00000000f8d00000, 0x00000000f8d00000| Complete 
| 398|0x00000000f8e00000, 0x00000000f8f00000, 0x00000000f8f00000|100%|HC|  |TAMS 0x00000000f8e00000, 0x00000000f8e00000| Complete 
| 399|0x00000000f8f00000, 0x00000000f9000000, 0x00000000f9000000|100%|HC|  |TAMS 0x00000000f8f00000, 0x00000000f8f00000| Complete 
| 400|0x00000000f9000000, 0x00000000f9100000, 0x00000000f9100000|100%|HC|  |TAMS 0x00000000f9000000, 0x00000000f9000000| Complete 
| 401|0x00000000f9100000, 0x00000000f9200000, 0x00000000f9200000|100%|HC|  |TAMS 0x00000000f9100000, 0x00000000f9100000| Complete 
| 402|0x00000000f9200000, 0x00000000f9300000, 0x00000000f9300000|100%|HC|  |TAMS 0x00000000f9200000, 0x00000000f9200000| Complete 
| 403|0x00000000f9300000, 0x00000000f9400000, 0x00000000f9400000|100%|HC|  |TAMS 0x00000000f9300000, 0x00000000f9300000| Complete 
| 404|0x00000000f9400000, 0x00000000f9500000, 0x00000000f9500000|100%|HC|  |TAMS 0x00000000f9400000, 0x00000000f9400000| Complete 
| 405|0x00000000f9500000, 0x00000000f9600000, 0x00000000f9600000|100%|HC|  |TAMS 0x00000000f9500000, 0x00000000f9500000| Complete 
| 406|0x00000000f9600000, 0x00000000f9700000, 0x00000000f9700000|100%|HC|  |TAMS 0x00000000f9600000, 0x00000000f9600000| Complete 
| 407|0x00000000f9700000, 0x00000000f9800000, 0x00000000f9800000|100%|HC|  |TAMS 0x00000000f9700000, 0x00000000f9700000| Complete 
| 408|0x00000000f9800000, 0x00000000f9900000, 0x00000000f9900000|100%|HC|  |TAMS 0x00000000f9800000, 0x00000000f9800000| Complete 
| 409|0x00000000f9900000, 0x00000000f9a00000, 0x00000000f9a00000|100%|HC|  |TAMS 0x00000000f9900000, 0x00000000f9900000| Complete 
| 410|0x00000000f9a00000, 0x00000000f9b00000, 0x00000000f9b00000|100%|HC|  |TAMS 0x00000000f9a00000, 0x00000000f9a00000| Complete 
| 411|0x00000000f9b00000, 0x00000000f9c00000, 0x00000000f9c00000|100%|HC|  |TAMS 0x00000000f9b00000, 0x00000000f9b00000| Complete 
| 412|0x00000000f9c00000, 0x00000000f9d00000, 0x00000000f9d00000|100%|HC|  |TAMS 0x00000000f9c00000, 0x00000000f9c00000| Complete 
| 413|0x00000000f9d00000, 0x00000000f9e00000, 0x00000000f9e00000|100%|HC|  |TAMS 0x00000000f9d00000, 0x00000000f9d00000| Complete 
| 414|0x00000000f9e00000, 0x00000000f9f00000, 0x00000000f9f00000|100%|HC|  |TAMS 0x00000000f9e00000, 0x00000000f9e00000| Complete 
| 415|0x00000000f9f00000, 0x00000000fa000000, 0x00000000fa000000|100%|HC|  |TAMS 0x00000000f9f00000, 0x00000000f9f00000| Complete 
| 416|0x00000000fa000000, 0x00000000fa100000, 0x00000000fa100000|100%|HC|  |TAMS 0x00000000fa000000, 0x00000000fa000000| Complete 
| 417|0x00000000fa100000, 0x00000000fa200000, 0x00000000fa200000|100%|HC|  |TAMS 0x00000000fa100000, 0x00000000fa100000| Complete 
| 418|0x00000000fa200000, 0x00000000fa300000, 0x00000000fa300000|100%|HC|  |TAMS 0x00000000fa200000, 0x00000000fa200000| Complete 
| 419|0x00000000fa300000, 0x00000000fa400000, 0x00000000fa400000|100%|HC|  |TAMS 0x00000000fa300000, 0x00000000fa300000| Complete 
| 420|0x00000000fa400000, 0x00000000fa500000, 0x00000000fa500000|100%|HC|  |TAMS 0x00000000fa400000, 0x00000000fa400000| Complete 
| 421|0x00000000fa500000, 0x00000000fa600000, 0x00000000fa600000|100%|HC|  |TAMS 0x00000000fa500000, 0x00000000fa500000| Complete 
| 422|0x00000000fa600000, 0x00000000fa700000, 0x00000000fa700000|100%|HC|  |TAMS 0x00000000fa600000, 0x00000000fa600000| Complete 
| 423|0x00000000fa700000, 0x00000000fa800000, 0x00000000fa800000|100%|HC|  |TAMS 0x00000000fa700000, 0x00000000fa700000| Complete 
| 424|0x00000000fa800000, 0x00000000fa900000, 0x00000000fa900000|100%|HC|  |TAMS 0x00000000fa800000, 0x00000000fa800000| Complete 
| 510|0x00000000ffe00000, 0x00000000ffe75000, 0x00000000fff00000| 45%|OA|  |TAMS 0x00000000ffe75000, 0x00000000ffe00000| Untracked 
| 511|0x00000000fff00000, 0x00000000fff78000, 0x0000000100000000| 46%|CA|  |TAMS 0x00000000fff78000, 0x00000000fff00000| Untracked 

Card table byte_map: [0x0000757d2cafb000,0x0000757d2cbfb000] _byte_map_base: 0x0000757d2c3fb000

Marking Bits (Prev, Next): (CMBitMap*) 0x0000757d440608e0, (CMBitMap*) 0x0000757d44060920
 Prev Bits: [0x0000757d2c000000, 0x0000757d2c800000)
 Next Bits: [0x0000757d2b800000, 0x0000757d2c000000)

Polling page: 0x0000757d49c87000

Metaspace:

Usage:
  Non-class:     59.74 MB used.
      Class:      6.06 MB used.
       Both:     65.80 MB used.

Virtual space:
  Non-class space:       64.00 MB reserved,      61.25 MB ( 96%) committed,  1 nodes.
      Class space:        1.00 GB reserved,       7.50 MB ( <1%) committed,  1 nodes.
             Both:        1.06 GB reserved,      68.75 MB (  6%) committed. 

Chunk freelists:
   Non-Class:  1.89 MB
       Class:  8.43 MB
        Both:  10.32 MB

MaxMetaspaceSize: unlimited
CompressedClassSpaceSize: 1.00 GB
Initial GC threshold: 21.00 MB
Current GC threshold: 107.00 MB
CDS: on
MetaspaceReclaimPolicy: balanced
 - commit_granule_bytes: 65536.
 - commit_granule_words: 8192.
 - virtual_space_node_default_size: 8388608.
 - enlarge_chunks_in_place: 1.
 - new_chunks_are_fully_committed: 0.
 - uncommit_free_chunks: 1.
 - use_allocation_guard: 0.
 - handle_deallocations: 1.


Internal statistics:

num_allocs_failed_limit: 6.
num_arena_births: 5476.
num_arena_deaths: 0.
num_vsnodes_births: 2.
num_vsnodes_deaths: 0.
num_space_committed: 1098.
num_space_uncommitted: 0.
num_chunks_returned_to_freelist: 6.
num_chunks_taken_from_freelist: 8687.
num_chunk_merges: 6.
num_chunk_splits: 5763.
num_chunks_enlarged: 3332.
num_inconsistent_stats: 0.

CodeHeap 'non-profiled nmethods': size=120028Kb used=3416Kb max_used=3416Kb free=116611Kb
 bounds [0x0000757d34cc9000, 0x0000757d35029000, 0x0000757d3c200000]
CodeHeap 'profiled nmethods': size=120028Kb used=17391Kb max_used=17391Kb free=102636Kb
 bounds [0x0000757d2d200000, 0x0000757d2e300000, 0x0000757d34737000]
CodeHeap 'non-nmethods': size=5704Kb used=1706Kb max_used=1880Kb free=3997Kb
 bounds [0x0000757d34737000, 0x0000757d349a7000, 0x0000757d34cc9000]
 total_blobs=7906 nmethods=6758 adapters=1061
 compilation: enabled
              stopped_count=0, restarted_count=0
 full_count=0

Compilation events (20 events):
Event: 29.551 Thread 0x0000757d44112bc0 nmethod 7271 0x0000757d3501c610 code [0x0000757d3501c7c0, 0x0000757d3501c910]
Event: 29.551 Thread 0x0000757d44112bc0 7273       4       android.database.AbstractCursor::$$robo$$android_database_AbstractCursor$checkPosition (36 bytes)
Event: 29.553 Thread 0x0000757d44112bc0 nmethod 7273 0x0000757d3501cd10 code [0x0000757d3501cec0, 0x0000757d3501cfc8]
Event: 29.553 Thread 0x0000757d44112bc0 7718       4       java.lang.invoke.LambdaForm$MH/0x0000757cd41af800::linkToCallSite (18 bytes)
Event: 29.554 Thread 0x0000757d44112bc0 nmethod 7718 0x0000757d3501d290 code [0x0000757d3501d420, 0x0000757d3501d518]
Event: 29.554 Thread 0x0000757d44112bc0 7719       4       java.lang.invoke.LambdaForm$MH/0x0000757cd41af400::guard (98 bytes)
Event: 29.557 Thread 0x0000757d44112bc0 nmethod 7719 0x0000757d3501d690 code [0x0000757d3501d840, 0x0000757d3501dac8]
Event: 29.557 Thread 0x0000757d44112bc0 7465       4       java.lang.invoke.DirectMethodHandle$Holder::invokeSpecial (15 bytes)
Event: 29.558 Thread 0x0000757d44112bc0 nmethod 7465 0x0000757d3501de10 code [0x0000757d3501dfa0, 0x0000757d3501e068]
Event: 29.558 Thread 0x0000757d44112bc0 7540       4       java.lang.invoke.LambdaForm$MH/0x0000757cd422e400::invoke (54 bytes)
Event: 29.561 Thread 0x0000757d44112bc0 nmethod 7540 0x0000757d3501e190 code [0x0000757d3501e360, 0x0000757d3501e550]
Event: 29.561 Thread 0x0000757d44112bc0 7268       4       java.lang.invoke.LambdaForm$MH/0x0000757cd42b0c00::invoke (54 bytes)
Event: 29.565 Thread 0x0000757d44112bc0 nmethod 7268 0x0000757d3501e810 code [0x0000757d3501e9e0, 0x0000757d3501ebd0]
Event: 29.565 Thread 0x0000757d44112bc0 7771       4       kotlinx.coroutines.AbstractCoroutine::isActive (5 bytes)
Event: 29.566 Thread 0x0000757d44112bc0 nmethod 7771 0x0000757d3501ee90 code [0x0000757d3501f020, 0x0000757d3501f178]
Event: 29.566 Thread 0x0000757d44112bc0 7772   !   4       android.database.sqlite.SQLiteOpenHelper::$$robo$$android_database_sqlite_SQLiteOpenHelper$getDatabaseLocked (475 bytes)
Event: 29.582 Thread 0x0000757d441140f0 7774       2       android.database.DatabaseUtils::cursorPickFillWindowStartPosition (8 bytes)
Event: 29.583 Thread 0x0000757d441140f0 nmethod 7774 0x0000757d2e2fb010 code [0x0000757d2e2fb220, 0x0000757d2e2fb5f0]
Event: 29.583 Thread 0x0000757d441140f0 7775       2       android.database.DatabaseUtils::$$robo$$android_database_DatabaseUtils$cursorPickFillWindowStartPosition (10 bytes)
Event: 29.584 Thread 0x0000757d441140f0 nmethod 7775 0x0000757d2e2fba90 code [0x0000757d2e2fbc20, 0x0000757d2e2fbd30]

GC Heap History (20 events):
Event: 16.016 GC heap before
{Heap before GC invocations=17 (full 0):
 garbage-first heap   total 198656K, used 124120K [0x00000000e0000000, 0x0000000100000000)
  region size 1024K, 9 young (9216K), 2 survivors (2048K)
 Metaspace       used 62115K, committed 64896K, reserved 1114112K
  class space    used 5718K, committed 6976K, reserved 1048576K
}
Event: 16.021 GC heap after
{Heap after GC invocations=18 (full 0):
 garbage-first heap   total 198656K, used 117251K [0x00000000e0000000, 0x0000000100000000)
  region size 1024K, 1 young (1024K), 1 survivors (1024K)
 Metaspace       used 62115K, committed 64896K, reserved 1114112K
  class space    used 5718K, committed 6976K, reserved 1048576K
}
Event: 16.156 GC heap before
{Heap before GC invocations=18 (full 0):
 garbage-first heap   total 198656K, used 131587K [0x00000000e0000000, 0x0000000100000000)
  region size 1024K, 16 young (16384K), 1 survivors (1024K)
 Metaspace       used 62436K, committed 65280K, reserved 1114112K
  class space    used 5766K, committed 7104K, reserved 1048576K
}
Event: 16.160 GC heap after
{Heap after GC invocations=19 (full 0):
 garbage-first heap   total 198656K, used 118338K [0x00000000e0000000, 0x0000000100000000)
  region size 1024K, 2 young (2048K), 2 survivors (2048K)
 Metaspace       used 62436K, committed 65280K, reserved 1114112K
  class space    used 5766K, committed 7104K, reserved 1048576K
}
Event: 17.888 GC heap before
{Heap before GC invocations=20 (full 0):
 garbage-first heap   total 321536K, used 265794K [0x00000000e0000000, 0x0000000100000000)
  region size 1024K, 34 young (34816K), 2 survivors (2048K)
 Metaspace       used 62727K, committed 65600K, reserved 1114112K
  class space    used 5795K, committed 7168K, reserved 1048576K
}
Event: 17.895 GC heap after
{Heap after GC invocations=21 (full 0):
 garbage-first heap   total 321536K, used 187151K [0x00000000e0000000, 0x0000000100000000)
  region size 1024K, 2 young (2048K), 2 survivors (2048K)
 Metaspace       used 62727K, committed 65600K, reserved 1114112K
  class space    used 5795K, committed 7168K, reserved 1048576K
}
Event: 18.645 GC heap before
{Heap before GC invocations=21 (full 0):
 garbage-first heap   total 340992K, used 332559K [0x00000000e0000000, 0x0000000100000000)
  region size 1024K, 14 young (14336K), 2 survivors (2048K)
 Metaspace       used 62730K, committed 65600K, reserved 1114112K
  class space    used 5795K, committed 7168K, reserved 1048576K
}
Event: 18.650 GC heap after
{Heap after GC invocations=22 (full 0):
 garbage-first heap   total 340992K, used 205350K [0x00000000e0000000, 0x0000000100000000)
  region size 1024K, 1 young (1024K), 1 survivors (1024K)
 Metaspace       used 62730K, committed 65600K, reserved 1114112K
  class space    used 5795K, committed 7168K, reserved 1048576K
}
Event: 19.162 GC heap before
{Heap before GC invocations=22 (full 0):
 garbage-first heap   total 340992K, used 319014K [0x00000000e0000000, 0x0000000100000000)
  region size 1024K, 52 young (53248K), 1 survivors (1024K)
 Metaspace       used 62754K, committed 65728K, reserved 1114112K
  class space    used 5800K, committed 7168K, reserved 1048576K
}
Event: 19.166 GC heap after
{Heap after GC invocations=23 (full 0):
 garbage-first heap   total 340992K, used 252650K [0x00000000e0000000, 0x0000000100000000)
  region size 1024K, 1 young (1024K), 1 survivors (1024K)
 Metaspace       used 62754K, committed 65728K, reserved 1114112K
  class space    used 5800K, committed 7168K, reserved 1048576K
}
Event: 19.294 GC heap before
{Heap before GC invocations=23 (full 0):
 garbage-first heap   total 340992K, used 300778K [0x00000000e0000000, 0x0000000100000000)
  region size 1024K, 2 young (2048K), 1 survivors (1024K)
 Metaspace       used 62754K, committed 65728K, reserved 1114112K
  class space    used 5800K, committed 7168K, reserved 1048576K
}
Event: 19.298 GC heap after
{Heap after GC invocations=24 (full 0):
 garbage-first heap   total 340992K, used 165551K [0x00000000e0000000, 0x0000000100000000)
  region size 1024K, 1 young (1024K), 1 survivors (1024K)
 Metaspace       used 62754K, committed 65728K, reserved 1114112K
  class space    used 5800K, committed 7168K, reserved 1048576K
}
Event: 19.333 GC heap before
{Heap before GC invocations=24 (full 0):
 garbage-first heap   total 340992K, used 173743K [0x00000000e0000000, 0x0000000100000000)
  region size 1024K, 2 young (2048K), 1 survivors (1024K)
 Metaspace       used 62754K, committed 65728K, reserved 1114112K
  class space    used 5800K, committed 7168K, reserved 1048576K
}
Event: 19.336 GC heap after
{Heap after GC invocations=25 (full 0):
 garbage-first heap   total 340992K, used 173746K [0x00000000e0000000, 0x0000000100000000)
  region size 1024K, 1 young (1024K), 1 survivors (1024K)
 Metaspace       used 62754K, committed 65728K, reserved 1114112K
  class space    used 5800K, committed 7168K, reserved 1048576K
}
Event: 20.686 GC heap before
{Heap before GC invocations=26 (full 0):
 garbage-first heap   total 389120K, used 380594K [0x00000000e0000000, 0x0000000100000000)
  region size 1024K, 62 young (63488K), 1 survivors (1024K)
 Metaspace       used 62754K, committed 65728K, reserved 1114112K
  class space    used 5800K, committed 7168K, reserved 1048576K
}
Event: 20.690 GC heap after
{Heap after GC invocations=27 (full 0):
 garbage-first heap   total 389120K, used 257736K [0x00000000e0000000, 0x0000000100000000)
  region size 1024K, 1 young (1024K), 1 survivors (1024K)
 Metaspace       used 62754K, committed 65728K, reserved 1114112K
  class space    used 5800K, committed 7168K, reserved 1048576K
}
Event: 22.101 GC heap before
{Heap before GC invocations=27 (full 0):
 garbage-first heap   total 437248K, used 384712K [0x00000000e0000000, 0x0000000100000000)
  region size 1024K, 19 young (19456K), 1 survivors (1024K)
 Metaspace       used 62755K, committed 65728K, reserved 1114112K
  class space    used 5800K, committed 7168K, reserved 1048576K
}
Event: 22.104 GC heap after
{Heap after GC invocations=28 (full 0):
 garbage-first heap   total 437248K, used 230565K [0x00000000e0000000, 0x0000000100000000)
  region size 1024K, 1 young (1024K), 1 survivors (1024K)
 Metaspace       used 62755K, committed 65728K, reserved 1114112K
  class space    used 5800K, committed 7168K, reserved 1048576K
}
Event: 26.244 GC heap before
{Heap before GC invocations=28 (full 0):
 garbage-first heap   total 437248K, used 391333K [0x00000000e0000000, 0x0000000100000000)
  region size 1024K, 149 young (152576K), 1 survivors (1024K)
 Metaspace       used 67199K, committed 70144K, reserved 1114112K
  class space    used 6197K, committed 7616K, reserved 1048576K
}
Event: 26.257 GC heap after
{Heap after GC invocations=29 (full 0):
 garbage-first heap   total 437248K, used 180024K [0x00000000e0000000, 0x0000000100000000)
  region size 1024K, 6 young (6144K), 6 survivors (6144K)
 Metaspace       used 67199K, committed 70144K, reserved 1114112K
  class space    used 6197K, committed 7616K, reserved 1048576K
}

Dll operation events (13 events):
Event: 0.007 Loaded shared library /home/robw/android-tools/jdk/lib/libjava.so
Event: 0.090 Loaded shared library /home/robw/android-tools/jdk/lib/libjsvml.so
Event: 0.173 Loaded shared library /home/robw/android-tools/jdk/lib/libnio.so
Event: 0.179 Loaded shared library /home/robw/android-tools/jdk/lib/libzip.so
Event: 0.410 Loaded shared library /home/robw/android-tools/jdk/lib/libverify.so
Event: 0.426 Loaded shared library /home/robw/android-tools/jdk/lib/libjimage.so
Event: 0.578 Loaded shared library /home/robw/android-tools/jdk/lib/libnet.so
Event: 1.475 Loaded shared library /home/robw/android-tools/jdk/lib/libextnet.so
Event: 4.466 Loaded shared library /tmp/libconscrypt_openjdk_jni-linux-x86_6417883471056830000.so
Event: 8.838 Loaded shared library /tmp/robolectric-nativeruntime2081235074316326275/librobolectric-nativeruntime.so
Event: 15.031 Loaded shared library /home/robw/android-tools/jdk/lib/libawt.so
Event: 15.032 Loaded shared library /home/robw/android-tools/jdk/lib/libawt_headless.so
Event: 15.215 Loaded shared library /home/robw/android-tools/jdk/lib/libjavajpeg.so

Deoptimization events (20 events):
Event: 26.262 Thread 0x0000757d4482ba60 Uncommon trap: trap_request=0xffffff45 fr.pc=0x0000757d34f5373c relative=0x00000000000001fc
Event: 26.262 Thread 0x0000757d4482ba60 Uncommon trap: reason=unstable_if action=reinterpret pc=0x0000757d34f5373c method=java.lang.ThreadLocal$ThreadLocalMap.getEntryAfterMiss(Ljava/lang/ThreadLocal;ILjava/lang/ThreadLocal$ThreadLocalMap$Entry;)Ljava/lang/ThreadLocal$ThreadLocalMap$Entry; @ 30
Event: 26.262 Thread 0x0000757d4482ba60 DEOPT PACKING pc=0x0000757d34f5373c sp=0x0000757cce247f20
Event: 26.262 Thread 0x0000757d4482ba60 DEOPT UNPACKING pc=0x0000757d3478d699 sp=0x0000757cce247dd0 mode 2
Event: 26.279 Thread 0x0000757c4c015c80 Uncommon trap: trap_request=0xffffff45 fr.pc=0x0000757d34f52e84 relative=0x0000000000000164
Event: 26.279 Thread 0x0000757c4c015c80 Uncommon trap: reason=unstable_if action=reinterpret pc=0x0000757d34f52e84 method=java.lang.ThreadLocal$ThreadLocalMap.getEntryAfterMiss(Ljava/lang/ThreadLocal;ILjava/lang/ThreadLocal$ThreadLocalMap$Entry;)Ljava/lang/ThreadLocal$ThreadLocalMap$Entry; @ 30
Event: 26.279 Thread 0x0000757c4c015c80 DEOPT PACKING pc=0x0000757d34f52e84 sp=0x0000757ccc500d70
Event: 26.279 Thread 0x0000757c4c015c80 DEOPT UNPACKING pc=0x0000757d3478d699 sp=0x0000757ccc500c98 mode 2
Event: 29.002 Thread 0x0000757d4482ba60 Uncommon trap: trap_request=0xffffffde fr.pc=0x0000757d34e6d33c relative=0x000000000000011c
Event: 29.002 Thread 0x0000757d4482ba60 Uncommon trap: reason=class_check action=maybe_recompile pc=0x0000757d34e6d33c method=java.util.AbstractList.rangeCheckForAdd(I)V @ 6 c2
Event: 29.002 Thread 0x0000757d4482ba60 DEOPT PACKING pc=0x0000757d34e6d33c sp=0x0000757cce246820
Event: 29.002 Thread 0x0000757d4482ba60 DEOPT UNPACKING pc=0x0000757d3478d699 sp=0x0000757cce246770 mode 2
Event: 29.075 Thread 0x0000757d4482ba60 Uncommon trap: trap_request=0xffffffde fr.pc=0x0000757d34e6d33c relative=0x000000000000011c
Event: 29.075 Thread 0x0000757d4482ba60 Uncommon trap: reason=class_check action=maybe_recompile pc=0x0000757d34e6d33c method=java.util.AbstractList.rangeCheckForAdd(I)V @ 6 c2
Event: 29.075 Thread 0x0000757d4482ba60 DEOPT PACKING pc=0x0000757d34e6d33c sp=0x0000757cce2467e0
Event: 29.075 Thread 0x0000757d4482ba60 DEOPT UNPACKING pc=0x0000757d3478d699 sp=0x0000757cce246730 mode 2
Event: 29.146 Thread 0x0000757d4482ba60 Uncommon trap: trap_request=0xffffffde fr.pc=0x0000757d34e6d33c relative=0x000000000000011c
Event: 29.146 Thread 0x0000757d4482ba60 Uncommon trap: reason=class_check action=maybe_recompile pc=0x0000757d34e6d33c method=java.util.AbstractList.rangeCheckForAdd(I)V @ 6 c2
Event: 29.146 Thread 0x0000757d4482ba60 DEOPT PACKING pc=0x0000757d34e6d33c sp=0x0000757cce2468e0
Event: 29.146 Thread 0x0000757d4482ba60 DEOPT UNPACKING pc=0x0000757d3478d699 sp=0x0000757cce246830 mode 2

Classes loaded (20 events):
Event: 22.282 Loading class java/util/concurrent/atomic/AtomicReferenceFieldUpdater$AtomicReferenceFieldUpdaterImpl$1
Event: 22.282 Loading class java/util/concurrent/atomic/AtomicReferenceFieldUpdater$AtomicReferenceFieldUpdaterImpl$1 done
Event: 22.284 Loading class java/util/concurrent/atomic/AtomicReferenceArray
Event: 22.285 Loading class java/util/concurrent/atomic/AtomicReferenceArray done
Event: 22.402 Loading class java/util/concurrent/CancellationException
Event: 22.402 Loading class java/util/concurrent/CancellationException done
Event: 22.542 Loading class java/lang/StackTraceElement$HashedModules
Event: 22.543 Loading class java/lang/StackTraceElement$HashedModules done
Event: 22.641 Loading class java/util/concurrent/ScheduledThreadPoolExecutor
Event: 22.642 Loading class java/util/concurrent/ScheduledThreadPoolExecutor done
Event: 22.642 Loading class java/util/concurrent/ScheduledFuture
Event: 22.642 Loading class java/util/concurrent/Delayed
Event: 22.642 Loading class java/util/concurrent/Delayed done
Event: 22.642 Loading class java/util/concurrent/ScheduledFuture done
Event: 22.662 Loading class java/io/NotSerializableException
Event: 22.662 Loading class java/io/NotSerializableException done
Event: 23.473 Loading class java/util/UUID$Holder
Event: 23.474 Loading class java/util/UUID$Holder done
Event: 23.487 Loading class java/util/concurrent/locks/ReentrantReadWriteLock$Sync$HoldCounter
Event: 23.487 Loading class java/util/concurrent/locks/ReentrantReadWriteLock$Sync$HoldCounter done

Classes unloaded (0 events):
No events

Classes redefined (0 events):
No events

Internal exceptions (20 events):
Event: 26.190 Thread 0x0000757d4482ba60 Exception <a 'sun/nio/fs/UnixException'{0x00000000eb63f7e8}> (0x00000000eb63f7e8) 
thrown [src/hotspot/share/prims/jni.cpp, line 516]
Event: 26.221 Thread 0x0000757d4482ba60 Exception <a 'sun/nio/fs/UnixException'{0x00000000eb3ecb60}> (0x00000000eb3ecb60) 
thrown [src/hotspot/share/prims/jni.cpp, line 516]
Event: 26.276 Thread 0x0000757d4482ba60 Exception <a 'sun/nio/fs/UnixException'{0x00000000f7489630}> (0x00000000f7489630) 
thrown [src/hotspot/share/prims/jni.cpp, line 516]
Event: 26.312 Thread 0x0000757d4482ba60 Exception <a 'sun/nio/fs/UnixException'{0x00000000f6e09a08}> (0x00000000f6e09a08) 
thrown [src/hotspot/share/prims/jni.cpp, line 516]
Event: 26.350 Thread 0x0000757d4482ba60 Exception <a 'sun/nio/fs/UnixException'{0x00000000f6bb77e0}> (0x00000000f6bb77e0) 
thrown [src/hotspot/share/prims/jni.cpp, line 516]
Event: 26.422 Thread 0x0000757d4482ba60 Exception <a 'sun/nio/fs/UnixException'{0x00000000f67e0e28}> (0x00000000f67e0e28) 
thrown [src/hotspot/share/prims/jni.cpp, line 516]
Event: 29.024 Thread 0x0000757d4482ba60 Exception <a 'java/lang/NoSuchMethodError'{0x00000000f4cc1bf8}: 'void java.lang.invoke.DelegatingMethodHandle$Holder.delegate(java.lang.Object, java.lang.Object, long, int)'> (0x00000000f4cc1bf8) 
thrown [src/hotspot/share/interpreter/linkResolver.cpp, line 758]
Event: 29.026 Thread 0x0000757d4482ba60 Exception <a 'java/lang/NoSuchMethodError'{0x00000000f4cfaa00}: 'java.lang.Object java.lang.invoke.DelegatingMethodHandle$Holder.delegate(java.lang.Object, java.lang.Object, java.lang.Object, java.lang.Object, java.lang.Object, int, int, int)'> (0x00000000f4cfaa00) 
thrown [src/hotspot/share/interpreter/linkResolver.cpp, line 758]
Event: 29.027 Thread 0x0000757d4482ba60 Exception <a 'java/lang/NoSuchMethodError'{0x00000000f4cfe320}: 'void java.lang.invoke.DelegatingMethodHandle$Holder.delegate(java.lang.Object, java.lang.Object, java.lang.Object, java.lang.Object, java.lang.Object, java.lang.Object, int, int, int)'> (0x00000000f4cfe320) 
thrown [src/hotspot/share/interpreter/linkResolver.cpp, line 758]
Event: 29.028 Thread 0x0000757d4482ba60 Exception <a 'java/lang/NoSuchMethodError'{0x00000000f4b022c8}: 'java.lang.Object java.lang.invoke.DelegatingMethodHandle$Holder.delegate(java.lang.Object, java.lang.Object, java.lang.Object, java.lang.Object, java.lang.Object, java.lang.Object, int, java.lang.Object, java.lang.Object)'> (0x00000000f4b022c8) 
thrown [src/hotspot/share/interpreter/linkResolver.cpp, line 758]
Event: 29.028 Thread 0x0000757d4482ba60 Exception <a 'java/lang/NoSuchMethodError'{0x00000000f4b05fe0}: 'java.lang.Object java.lang.invoke.DelegatingMethodHandle$Holder.delegate(java.lang.Object, java.lang.Object, java.lang.Object, java.lang.Object, java.lang.Object, java.lang.Object, int, java.lang.Object, java.lang.Object, java.lang.Object)'> (0x00000000f4b05fe0) 
thrown [src/hotspot/share/interpreter/linkResolver.cpp, line 758]
Event: 29.029 Thread 0x0000757d4482ba60 Exception <a 'java/lang/NoSuchMethodError'{0x00000000f4b09e60}: 'void java.lang.invoke.DelegatingMethodHandle$Holder.delegate(java.lang.Object, java.lang.Object, java.lang.Object, int, java.lang.Object, float, java.lang.Object)'> (0x00000000f4b09e60) 
thrown [src/hotspot/share/interpreter/linkResolver.cpp, line 758]
Event: 29.030 Thread 0x0000757d4482ba60 Exception <a 'java/lang/NoSuchMethodError'{0x00000000f4b10330}: 'java.lang.Object java.lang.invoke.DelegatingMethodHandle$Holder.delegate(java.lang.Object, java.lang.Object, java.lang.Object, int, long, long, java.lang.Object, java.lang.Object)'> (0x00000000f4b10330) 
thrown [src/hotspot/share/interpreter/linkResolver.cpp, line 758]
Event: 29.030 Thread 0x0000757d4482ba60 Exception <a 'java/lang/NoSuchMethodError'{0x00000000f4b13eb8}: 'java.lang.Object java.lang.invoke.DelegatingMethodHandle$Holder.delegate(java.lang.Object, java.lang.Object, java.lang.Object, int, long, long, java.lang.Object, java.lang.Object, int)'> (0x00000000f4b13eb8) 
thrown [src/hotspot/share/interpreter/linkResolver.cpp, line 758]
Event: 29.031 Thread 0x0000757d4482ba60 Exception <a 'java/lang/NoSuchMethodError'{0x00000000f4b17ad8}: 'java.lang.Object java.lang.invoke.DelegatingMethodHandle$Holder.delegate(java.lang.Object, java.lang.Object, int, java.lang.Object, int)'> (0x00000000f4b17ad8) 
thrown [src/hotspot/share/interpreter/linkResolver.cpp, line 758]
Event: 29.031 Thread 0x0000757d4482ba60 Exception <a 'java/lang/NoSuchMethodError'{0x00000000f4b1b348}: 'int java.lang.invoke.DelegatingMethodHandle$Holder.delegate(java.lang.Object, int, java.lang.Object, java.lang.Object, java.lang.Object, int)'> (0x00000000f4b1b348) 
thrown [src/hotspot/share/interpreter/linkResolver.cpp, line 758]
Event: 29.031 Thread 0x0000757d4482ba60 Exception <a 'sun/nio/fs/UnixException'{0x00000000f4b1e9c0}> (0x00000000f4b1e9c0) 
thrown [src/hotspot/share/prims/jni.cpp, line 516]
Event: 29.062 Thread 0x0000757d4482ba60 Exception <a 'sun/nio/fs/UnixException'{0x00000000f48cfbc0}> (0x00000000f48cfbc0) 
thrown [src/hotspot/share/prims/jni.cpp, line 516]
Event: 29.096 Thread 0x0000757d4482ba60 Exception <a 'sun/nio/fs/UnixException'{0x00000000f44ee5d8}> (0x00000000f44ee5d8) 
thrown [src/hotspot/share/prims/jni.cpp, line 516]
Event: 29.164 Thread 0x0000757d4482ba60 Exception <a 'sun/nio/fs/UnixException'{0x00000000f3f33d98}> (0x00000000f3f33d98) 
thrown [src/hotspot/share/prims/jni.cpp, line 516]

VM Operations (20 events):
Event: 24.536 Executing VM operation: Cleanup
Event: 24.537 Executing VM operation: Cleanup done
Event: 24.828 Executing VM operation: HandshakeAllThreads
Event: 24.828 Executing VM operation: HandshakeAllThreads done
Event: 24.996 Executing VM operation: HandshakeAllThreads
Event: 24.996 Executing VM operation: HandshakeAllThreads done
Event: 25.095 Executing VM operation: HandshakeAllThreads
Event: 25.095 Executing VM operation: HandshakeAllThreads done
Event: 25.136 Executing VM operation: ICBufferFull
Event: 25.136 Executing VM operation: ICBufferFull done
Event: 26.136 Executing VM operation: Cleanup
Event: 26.136 Executing VM operation: Cleanup done
Event: 26.244 Executing VM operation: G1CollectForAllocation
Event: 26.257 Executing VM operation: G1CollectForAllocation done
Event: 27.257 Executing VM operation: Cleanup
Event: 27.257 Executing VM operation: Cleanup done
Event: 28.257 Executing VM operation: Cleanup
Event: 28.257 Executing VM operation: Cleanup done
Event: 29.257 Executing VM operation: Cleanup
Event: 29.257 Executing VM operation: Cleanup done

Memory protections (20 events):
Event: 22.646 Protecting memory [0x0000757ccc504000,0x0000757ccc508000] with protection modes 0
Event: 22.658 Protecting memory [0x0000757ccc404000,0x0000757ccc408000] with protection modes 0
Event: 22.720 Protecting memory [0x0000757ccc304000,0x0000757ccc308000] with protection modes 0
Event: 22.723 Protecting memory [0x0000757ccc304000,0x0000757ccc308000] with protection modes 0
Event: 22.728 Protecting memory [0x0000757ccc204000,0x0000757ccc208000] with protection modes 0
Event: 22.732 Protecting memory [0x0000757ccc104000,0x0000757ccc108000] with protection modes 0
Event: 22.802 Protecting memory [0x0000757ccc004000,0x0000757ccc008000] with protection modes 0
Event: 22.804 Protecting memory [0x0000757ccc004000,0x0000757ccc008000] with protection modes 0
Event: 22.927 Protecting memory [0x0000757c6e66d000,0x0000757c6e671000] with protection modes 0
Event: 22.928 Protecting memory [0x0000757c6e66d000,0x0000757c6e671000] with protection modes 0
Event: 23.035 Protecting memory [0x0000757c6e56d000,0x0000757c6e571000] with protection modes 0
Event: 23.035 Protecting memory [0x0000757c6e56d000,0x0000757c6e571000] with protection modes 0
Event: 23.140 Protecting memory [0x0000757c6e46d000,0x0000757c6e471000] with protection modes 0
Event: 23.141 Protecting memory [0x0000757c6e46d000,0x0000757c6e471000] with protection modes 0
Event: 23.193 Protecting memory [0x0000757c6e36d000,0x0000757c6e371000] with protection modes 0
Event: 23.195 Protecting memory [0x0000757c6e36d000,0x0000757c6e371000] with protection modes 0
Event: 23.284 Protecting memory [0x0000757c6e26d000,0x0000757c6e271000] with protection modes 0
Event: 23.285 Protecting memory [0x0000757c6e26d000,0x0000757c6e271000] with protection modes 0
Event: 23.372 Protecting memory [0x0000757c6e16d000,0x0000757c6e171000] with protection modes 0
Event: 23.373 Protecting memory [0x0000757c6e16d000,0x0000757c6e171000] with protection modes 0

Nmethod flushes (20 events):
Event: 20.656 Thread 0x0000757d4411d550 flushing  nmethod 0x0000757d2da85790
Event: 20.656 Thread 0x0000757d4411d550 flushing  nmethod 0x0000757d2da86190
Event: 20.656 Thread 0x0000757d4411d550 flushing  nmethod 0x0000757d2da86690
Event: 20.656 Thread 0x0000757d4411d550 flushing  nmethod 0x0000757d2da86a10
Event: 20.656 Thread 0x0000757d4411d550 flushing  nmethod 0x0000757d2da87510
Event: 20.656 Thread 0x0000757d4411d550 flushing  nmethod 0x0000757d2daad690
Event: 20.656 Thread 0x0000757d4411d550 flushing  nmethod 0x0000757d2daada10
Event: 20.656 Thread 0x0000757d4411d550 flushing  nmethod 0x0000757d2daadf90
Event: 20.656 Thread 0x0000757d4411d550 flushing osr nmethod 0x0000757d2daae390
Event: 20.656 Thread 0x0000757d4411d550 flushing  nmethod 0x0000757d2dab0690
Event: 20.656 Thread 0x0000757d4411d550 flushing  nmethod 0x0000757d2dab0b90
Event: 20.656 Thread 0x0000757d4411d550 flushing  nmethod 0x0000757d2dab1510
Event: 20.656 Thread 0x0000757d4411d550 flushing osr nmethod 0x0000757d2dab3d10
Event: 20.656 Thread 0x0000757d4411d550 flushing  nmethod 0x0000757d2dab4810
Event: 20.656 Thread 0x0000757d4411d550 flushing  nmethod 0x0000757d2dab5110
Event: 20.656 Thread 0x0000757d4411d550 flushing  nmethod 0x0000757d2dabfc10
Event: 20.657 Thread 0x0000757d4411d550 flushing  nmethod 0x0000757d2daebd10
Event: 20.657 Thread 0x0000757d4411d550 flushing osr nmethod 0x0000757d2dafc890
Event: 20.657 Thread 0x0000757d4411d550 flushing  nmethod 0x0000757d2dafe790
Event: 24.842 Thread 0x0000757d4411d550 flushing  nmethod 0x0000757d2daf2d10

Events (20 events):
Event: 23.141 Thread 0x0000757d4482ba60 Thread added: 0x0000757c74f636d0
Event: 23.193 Thread 0x0000757d4482ba60 Thread added: 0x0000757c74faa1e0
Event: 23.194 Thread 0x0000757c74faa1e0 Thread exited: 0x0000757c74faa1e0
Event: 23.194 Thread 0x0000757d4482ba60 Thread added: 0x0000757c74faa1e0
Event: 23.284 Thread 0x0000757d4482ba60 Thread added: 0x0000757c74f8fe10
Event: 23.285 Thread 0x0000757c74f8fe10 Thread exited: 0x0000757c74f8fe10
Event: 23.285 Thread 0x0000757d4482ba60 Thread added: 0x0000757c74f8fe10
Event: 23.372 Thread 0x0000757d4482ba60 Thread added: 0x0000757c74fa5170
Event: 23.373 Thread 0x0000757c74fa5170 Thread exited: 0x0000757c74fa5170
Event: 23.373 Thread 0x0000757d4482ba60 Thread added: 0x0000757c74fa5170
Event: 26.259 Thread 0x0000757c74f38940 Thread exited: 0x0000757c74f38940
Event: 26.265 Thread 0x0000757c74f3c0c0 Thread exited: 0x0000757c74f3c0c0
Event: 26.265 Thread 0x0000757c74f676c0 Thread exited: 0x0000757c74f676c0
Event: 26.266 Thread 0x0000757c74f6d370 Thread exited: 0x0000757c74f6d370
Event: 26.266 Thread 0x0000757c74f76a20 Thread exited: 0x0000757c74f76a20
Event: 26.267 Thread 0x0000757c74f0fc70 Thread exited: 0x0000757c74f0fc70
Event: 26.267 Thread 0x0000757c74faa1e0 Thread exited: 0x0000757c74faa1e0
Event: 26.267 Thread 0x0000757c74f8fe10 Thread exited: 0x0000757c74f8fe10
Event: 26.268 Thread 0x0000757c74fa5170 Thread exited: 0x0000757c74fa5170
Event: 26.268 Thread 0x0000757c74f636d0 Thread exited: 0x0000757c74f636d0


Dynamic libraries:
e0000000-fa900000 rw-p 00000000 00:00 0 
fa900000-ffe00000 ---p 00000000 00:00 0 
ffe00000-ffe75000 rw-p 00c7a000 08:30 233434                             /home/robw/android-tools/jdk/lib/server/classes.jsa
ffe75000-fff00000 rw-p 00000000 00:00 0 
fff00000-fff78000 rw-p 00c02000 08:30 233434                             /home/robw/android-tools/jdk/lib/server/classes.jsa
fff78000-100000000 rw-p 00000000 00:00 0 
59c6d60d5000-59c6d60d6000 r--p 00000000 08:30 217542                     /home/robw/android-tools/jdk/bin/java
59c6d60d6000-59c6d60d7000 r-xp 00001000 08:30 217542                     /home/robw/android-tools/jdk/bin/java
59c6d60d7000-59c6d60d8000 r--p 00002000 08:30 217542                     /home/robw/android-tools/jdk/bin/java
59c6d60d8000-59c6d60d9000 r--p 00002000 08:30 217542                     /home/robw/android-tools/jdk/bin/java
59c6d60d9000-59c6d60da000 rw-p 00003000 08:30 217542                     /home/robw/android-tools/jdk/bin/java
59c6de39c000-59c6de3ec000 rw-p 00000000 00:00 0                          [heap]
757c1c000000-757c1ffff000 rw-p 00000000 00:00 0 
757c1ffff000-757c20000000 ---p 00000000 00:00 0 
757c20000000-757c202a4000 rw-p 00000000 00:00 0 
757c202a4000-757c24000000 ---p 00000000 00:00 0 
757c24000000-757c24021000 rw-p 00000000 00:00 0 
757c24021000-757c28000000 ---p 00000000 00:00 0 
757c28000000-757c28021000 rw-p 00000000 00:00 0 
757c28021000-757c2c000000 ---p 00000000 00:00 0 
757c2c000000-757c2c021000 rw-p 00000000 00:00 0 
757c2c021000-757c30000000 ---p 00000000 00:00 0 
757c30000000-757c30021000 rw-p 00000000 00:00 0 
757c30021000-757c34000000 ---p 00000000 00:00 0 
757c34000000-757c34021000 rw-p 00000000 00:00 0 
757c34021000-757c38000000 ---p 00000000 00:00 0 
757c38000000-757c38021000 rw-p 00000000 00:00 0 
757c38021000-757c3c000000 ---p 00000000 00:00 0 
757c3c000000-757c3c13c000 rw-p 00000000 00:00 0 
757c3c13c000-757c40000000 ---p 00000000 00:00 0 
757c40000000-757c40021000 rw-p 00000000 00:00 0 
757c40021000-757c44000000 ---p 00000000 00:00 0 
757c44000000-757c44021000 rw-p 00000000 00:00 0 
757c44021000-757c48000000 ---p 00000000 00:00 0 
757c48000000-757c4805e000 rw-p 00000000 00:00 0 
757c4805e000-757c4c000000 ---p 00000000 00:00 0 
757c4c000000-757c4c099000 rw-p 00000000 00:00 0 
757c4c099000-757c50000000 ---p 00000000 00:00 0 
757c50000000-757c5006e000 rw-p 00000000 00:00 0 
757c5006e000-757c54000000 ---p 00000000 00:00 0 
757c54000000-757c54021000 rw-p 00000000 00:00 0 
757c54021000-757c58000000 ---p 00000000 00:00 0 
757c58000000-757c58021000 rw-p 00000000 00:00 0 
757c58021000-757c5c000000 ---p 00000000 00:00 0 
757c5c000000-757c5cedc000 rw-p 00000000 00:00 0 
757c5cedc000-757c60000000 ---p 00000000 00:00 0 
757c60000000-757c60021000 rw-p 00000000 00:00 0 
757c60021000-757c64000000 ---p 00000000 00:00 0 
757c64000000-757c64021000 rw-p 00000000 00:00 0 
757c64021000-757c68000000 ---p 00000000 00:00 0 
757c68000000-757c68021000 rw-p 00000000 00:00 0 
757c68021000-757c6c000000 ---p 00000000 00:00 0 
757c6e16d000-757c6e171000 ---p 00000000 00:00 0 
757c6e171000-757c6e26d000 rw-p 00000000 00:00 0 
757c6e26d000-757c6e271000 ---p 00000000 00:00 0 
757c6e271000-757c6e36d000 rw-p 00000000 00:00 0 
757c6e36d000-757c6e371000 ---p 00000000 00:00 0 
757c6e371000-757c6e46d000 rw-p 00000000 00:00 0 
757c6e46d000-757c6e471000 ---p 00000000 00:00 0 
757c6e471000-757c6e56d000 rw-p 00000000 00:00 0 
757c6e56d000-757c6e571000 ---p 00000000 00:00 0 
757c6e571000-757c6e66d000 rw-p 00000000 00:00 0 
757c6e66d000-757c6e671000 ---p 00000000 00:00 0 
757c6e671000-757c6e76d000 rw-p 00000000 00:00 0 
757c6e76d000-757c70000000 r--p 00000000 00:48 420001                     /tmp/robolectric-nativeruntime2081235074316326275/icu/icudt68l.dat
757c70000000-757c70021000 rw-p 00000000 00:00 0 
757c70021000-757c74000000 ---p 00000000 00:00 0 
757c74000000-757c74fde000 rw-p 00000000 00:00 0 
757c74fde000-757c78000000 ---p 00000000 00:00 0 
757c78000000-757c78021000 rw-p 00000000 00:00 0 
757c78021000-757c7c000000 ---p 00000000 00:00 0 
757c7c000000-757c7c021000 rw-p 00000000 00:00 0 
757c7c021000-757c80000000 ---p 00000000 00:00 0 
757c80000000-757c80021000 rw-p 00000000 00:00 0 
757c80021000-757c84000000 ---p 00000000 00:00 0 
757c84000000-757c84021000 rw-p 00000000 00:00 0 
757c84021000-757c88000000 ---p 00000000 00:00 0 
757c88000000-757c88021000 rw-p 00000000 00:00 0 
757c88021000-757c8c000000 ---p 00000000 00:00 0 
757c8c000000-757c8c021000 rw-p 00000000 00:00 0 
757c8c021000-757c90000000 ---p 00000000 00:00 0 
757c90000000-757c90021000 rw-p 00000000 00:00 0 
757c90021000-757c94000000 ---p 00000000 00:00 0 
757c94000000-757c9406d000 rw-p 00000000 00:00 0 
757c9406d000-757c98000000 ---p 00000000 00:00 0 
757c98000000-757c98021000 rw-p 00000000 00:00 0 
757c98021000-757c9c000000 ---p 00000000 00:00 0 
757c9c000000-757c9c021000 rw-p 00000000 00:00 0 
757c9c021000-757ca0000000 ---p 00000000 00:00 0 
757ca0000000-757ca0021000 rw-p 00000000 00:00 0 
757ca0021000-757ca4000000 ---p 00000000 00:00 0 
757ca4000000-757ca4021000 rw-p 00000000 00:00 0 
757ca4021000-757ca8000000 ---p 00000000 00:00 0 
757ca8000000-757ca9c5e000 rw-p 00000000 00:00 0 
757ca9c5e000-757cac000000 ---p 00000000 00:00 0 
757cac000000-757cac059000 rw-p 00000000 00:00 0 
757cac059000-757cb0000000 ---p 00000000 00:00 0 
757cb0000000-757cb0021000 rw-p 00000000 00:00 0 
757cb0021000-757cb4000000 ---p 00000000 00:00 0 
757cb4000000-757cb7ffa000 rw-p 00000000 00:00 0 
757cb7ffa000-757cb8000000 ---p 00000000 00:00 0 
757cb8000000-757cb8021000 rw-p 00000000 00:00 0 
757cb8021000-757cbc000000 ---p 00000000 00:00 0 
757cbc000000-757cbc021000 rw-p 00000000 00:00 0 
757cbc021000-757cc0000000 ---p 00000000 00:00 0 
757cc0000000-757cc0021000 rw-p 00000000 00:00 0 
757cc0021000-757cc4000000 ---p 00000000 00:00 0 
757cc4000000-757cc4021000 rw-p 00000000 00:00 0 
757cc4021000-757cc8000000 ---p 00000000 00:00 0 
757cc8000000-757cc8047000 rw-p 00000000 00:00 0 
757cc8047000-757ccc000000 ---p 00000000 00:00 0 
757ccc004000-757ccc008000 ---p 00000000 00:00 0 
757ccc008000-757ccc104000 rw-p 00000000 00:00 0 
757ccc104000-757ccc108000 ---p 00000000 00:00 0 
757ccc108000-757ccc204000 rw-p 00000000 00:00 0 
757ccc204000-757ccc208000 ---p 00000000 00:00 0 
757ccc208000-757ccc304000 rw-p 00000000 00:00 0 
757ccc304000-757ccc308000 ---p 00000000 00:00 0 
757ccc308000-757ccc404000 rw-p 00000000 00:00 0 
757ccc404000-757ccc408000 ---p 00000000 00:00 0 
757ccc408000-757ccc504000 rw-p 00000000 00:00 0 
757ccc504000-757ccc508000 ---p 00000000 00:00 0 
757ccc508000-757ccc604000 rw-p 00000000 00:00 0 
757ccc604000-757ccc608000 ---p 00000000 00:00 0 
757ccc608000-757ccc704000 rw-p 00000000 00:00 0 
757ccc704000-757ccc708000 ---p 00000000 00:00 0 
757ccc708000-757ccc804000 rw-p 00000000 00:00 0 
757ccc804000-757ccc808000 ---p 00000000 00:00 0 
757ccc808000-757ccc904000 rw-p 00000000 00:00 0 
757ccc904000-757ccc908000 ---p 00000000 00:00 0 
757ccc908000-757ccca04000 rw-p 00000000 00:00 0 
757ccca04000-757ccca08000 ---p 00000000 00:00 0 
757ccca08000-757cccb04000 rw-p 00000000 00:00 0 
757cccb04000-757cccf3d000 r--p 00000000 00:48 420002                     /tmp/robolectric-nativeruntime2081235074316326275/librobolectric-nativeruntime.so
757cccf3d000-757ccd7a4000 r-xp 00438000 00:48 420002                     /tmp/robolectric-nativeruntime2081235074316326275/librobolectric-nativeruntime.so
757ccd7a4000-757ccd7eb000 r--p 00c9e000 00:48 420002                     /tmp/robolectric-nativeruntime2081235074316326275/librobolectric-nativeruntime.so
757ccd7eb000-757ccd7f6000 rw-p 00ce4000 00:48 420002                     /tmp/robolectric-nativeruntime2081235074316326275/librobolectric-nativeruntime.so
757ccd7f6000-757ccd800000 rw-p 00000000 00:00 0 
757ccd800000-757ccd8a3000 r--p 00000000 08:30 14501                      /usr/lib/x86_64-linux-gnu/libstdc++.so.6.0.35
757ccd8a3000-757ccd9fe000 r-xp 000a3000 08:30 14501                      /usr/lib/x86_64-linux-gnu/libstdc++.so.6.0.35
757ccd9fe000-757ccda8a000 r--p 001fe000 08:30 14501                      /usr/lib/x86_64-linux-gnu/libstdc++.so.6.0.35
757ccda8a000-757ccda99000 r--p 0028a000 08:30 14501                      /usr/lib/x86_64-linux-gnu/libstdc++.so.6.0.35
757ccda99000-757ccda9c000 rw-p 00299000 08:30 14501                      /usr/lib/x86_64-linux-gnu/libstdc++.so.6.0.35
757ccda9c000-757ccdaa0000 rw-p 00000000 00:00 0 
757ccdaff000-757ccdc00000 rw-p 00000000 00:00 0 
757ccdc00000-757ccde44000 r-xp 00000000 00:48 419994                     /tmp/libconscrypt_openjdk_jni-linux-x86_6417883471056830000.so (deleted)
757ccde44000-757cce043000 ---p 00244000 00:48 419994                     /tmp/libconscrypt_openjdk_jni-linux-x86_6417883471056830000.so (deleted)
757cce043000-757cce054000 r--p 00243000 00:48 419994                     /tmp/libconscrypt_openjdk_jni-linux-x86_6417883471056830000.so (deleted)
757cce054000-757cce057000 rw-p 00254000 00:48 419994                     /tmp/libconscrypt_openjdk_jni-linux-x86_6417883471056830000.so (deleted)
757cce057000-757cce058000 rw-p 00000000 00:00 0 
757cce05c000-757cce089000 r--p 00000000 08:30 233439                     /home/robw/android-tools/jdk/lib/libawt.so
757cce089000-757cce10c000 r-xp 0002d000 08:30 233439                     /home/robw/android-tools/jdk/lib/libawt.so
757cce10c000-757cce119000 r--p 000b0000 08:30 233439                     /home/robw/android-tools/jdk/lib/libawt.so
757cce119000-757cce11a000 r--p 000bc000 08:30 233439                     /home/robw/android-tools/jdk/lib/libawt.so
757cce11a000-757cce125000 rw-p 000bd000 08:30 233439                     /home/robw/android-tools/jdk/lib/libawt.so
757cce125000-757cce14a000 rw-p 00000000 00:00 0 
757cce14a000-757cce14e000 ---p 00000000 00:00 0 
757cce14e000-757cce24a000 rw-p 00000000 00:00 0 
757cce337000-757ccea3e000 rw-p 00000000 00:00 0 
757cceaff000-757cceb03000 ---p 00000000 00:00 0 
757cceb03000-757ccebff000 rw-p 00000000 00:00 0 
757ccebff000-757ccec03000 ---p 00000000 00:00 0 
757ccec03000-757ccecff000 rw-p 00000000 00:00 0 
757ccecff000-757cced03000 ---p 00000000 00:00 0 
757cced03000-757ccedff000 rw-p 00000000 00:00 0 
757ccedff000-757ccee03000 ---p 00000000 00:00 0 
757ccee03000-757ccf000000 rw-p 00000000 00:00 0 
757ccf000000-757ccf400000 rw-p 00000000 00:00 0 
757ccf400000-757ccf7c0000 rw-p 00000000 00:00 0 
757ccf7c0000-757ccf900000 rw-p 00000000 00:00 0 
757ccf900000-757ccfb00000 rw-p 00000000 00:00 0 
757ccfb00000-757ccfc00000 rw-p 00000000 00:00 0 
757ccfc00000-757cd0a00000 rw-p 00000000 00:00 0 
757cd0a00000-757cd0d80000 rw-p 00000000 00:00 0 
757cd0d80000-757cd0e00000 rw-p 00000000 00:00 0 
757cd0e00000-757cd1fc0000 rw-p 00000000 00:00 0 
757cd1fc0000-757cd2100000 rw-p 00000000 00:00 0 
757cd2100000-757cd2300000 rw-p 00000000 00:00 0 
757cd2300000-757cd2d00000 rw-p 00000000 00:00 0 
757cd2d00000-757cd2d20000 rw-p 00000000 00:00 0 
757cd2d20000-757cd2e00000 ---p 00000000 00:00 0 
757cd2e00000-757cd2e20000 rw-p 00000000 00:00 0 
757cd2e20000-757cd3000000 ---p 00000000 00:00 0 
757cd3000000-757cd3bca000 rw-p 00001000 08:30 233434                     /home/robw/android-tools/jdk/lib/server/classes.jsa
757cd3bca000-757cd4000000 ---p 00000000 00:00 0 
757cd4000000-757cd4040000 rw-p 00000000 00:00 0 
757cd4040000-757cd40c0000 rw-p 00000000 00:00 0 
757cd40c0000-757cd4100000 rw-p 00000000 00:00 0 
757cd4100000-757cd4180000 rw-p 00000000 00:00 0 
757cd4180000-757cd4660000 rw-p 00000000 00:00 0 
757cd4660000-757cd4680000 ---p 00000000 00:00 0 
757cd4680000-757cd47a0000 rw-p 00000000 00:00 0 
757cd47a0000-757d14000000 ---p 00000000 00:00 0 
757d14000000-757d14021000 rw-p 00000000 00:00 0 
757d14021000-757d18000000 ---p 00000000 00:00 0 
757d18000000-757d18021000 rw-p 00000000 00:00 0 
757d18021000-757d1c000000 ---p 00000000 00:00 0 
757d1c000000-757d1c021000 rw-p 00000000 00:00 0 
757d1c021000-757d20000000 ---p 00000000 00:00 0 
757d20000000-757d20021000 rw-p 00000000 00:00 0 
757d20021000-757d24000000 ---p 00000000 00:00 0 
757d24000000-757d24022000 rw-p 00000000 00:00 0 
757d24022000-757d28000000 ---p 00000000 00:00 0 
757d28090000-757d28092000 r--p 00000000 08:30 229809                     /home/robw/android-tools/jdk/lib/libjavajpeg.so
757d28092000-757d280bf000 r-xp 00002000 08:30 229809                     /home/robw/android-tools/jdk/lib/libjavajpeg.so
757d280bf000-757d280c6000 r--p 0002f000 08:30 229809                     /home/robw/android-tools/jdk/lib/libjavajpeg.so
757d280c6000-757d280c7000 r--p 00035000 08:30 229809                     /home/robw/android-tools/jdk/lib/libjavajpeg.so
757d280c7000-757d280c8000 rw-p 00036000 08:30 229809                     /home/robw/android-tools/jdk/lib/libjavajpeg.so
757d280c8000-757d280cc000 r--p 00000000 08:30 14275                      /usr/lib/x86_64-linux-gnu/libgcc_s.so.1
757d280cc000-757d280f0000 r-xp 00004000 08:30 14275                      /usr/lib/x86_64-linux-gnu/libgcc_s.so.1
757d280f0000-757d280f4000 r--p 00028000 08:30 14275                      /usr/lib/x86_64-linux-gnu/libgcc_s.so.1
757d280f4000-757d280f5000 r--p 0002c000 08:30 14275                      /usr/lib/x86_64-linux-gnu/libgcc_s.so.1
757d280f5000-757d280f6000 rw-p 0002d000 08:30 14275                      /usr/lib/x86_64-linux-gnu/libgcc_s.so.1
757d280f6000-757d280fa000 ---p 00000000 00:00 0 
757d280fa000-757d281f6000 rw-p 00000000 00:00 0 
757d281f6000-757d281fa000 ---p 00000000 00:00 0 
757d281fa000-757d282f6000 rw-p 00000000 00:00 0 
757d282f6000-757d282fa000 ---p 00000000 00:00 0 
757d282fa000-757d283f6000 rw-p 00000000 00:00 0 
757d283f6000-757d283fa000 ---p 00000000 00:00 0 
757d283fa000-757d284f6000 rw-p 00000000 00:00 0 
757d284f6000-757d284fa000 ---p 00000000 00:00 0 
757d284fa000-757d285f6000 rw-p 00000000 00:00 0 
757d285f6000-757d285fa000 ---p 00000000 00:00 0 
757d285fa000-757d286f6000 rw-p 00000000 00:00 0 
757d286f6000-757d286fa000 ---p 00000000 00:00 0 
757d286fa000-757d287f6000 rw-p 00000000 00:00 0 
757d287f6000-757d287fa000 ---p 00000000 00:00 0 
757d287fa000-757d288f6000 rw-p 00000000 00:00 0 
757d288f6000-757d288fa000 ---p 00000000 00:00 0 
757d288fa000-757d28cf9000 rw-p 00000000 00:00 0 
757d28cf9000-757d2b400000 rw-p 00000000 00:00 0 
757d2b42c000-757d2b431000 r--p 00000000 08:30 228905                     /home/robw/android-tools/jdk/lib/libjsvml.so
757d2b431000-757d2b472000 r-xp 00005000 08:30 228905                     /home/robw/android-tools/jdk/lib/libjsvml.so
757d2b472000-757d2b4fb000 r--p 00046000 08:30 228905                     /home/robw/android-tools/jdk/lib/libjsvml.so
757d2b4fb000-757d2b4fc000 r--p 000ce000 08:30 228905                     /home/robw/android-tools/jdk/lib/libjsvml.so
757d2b4fc000-757d2b4fd000 rw-p 000cf000 08:30 228905                     /home/robw/android-tools/jdk/lib/libjsvml.so
757d2b4fd000-757d2b5fe000 rw-p 00000000 00:00 0 
757d2b5fe000-757d2b800000 rw-p 00000000 00:00 0 
757d2b800000-757d2bea4000 rw-p 00000000 00:00 0 
757d2bea4000-757d2bff8000 ---p 00000000 00:00 0 
757d2bff8000-757d2c6a4000 rw-p 00000000 00:00 0 
757d2c6a4000-757d2c7f8000 ---p 00000000 00:00 0 
757d2c7f8000-757d2c800000 rw-p 00000000 00:00 0 
757d2c806000-757d2c809000 r--p 00000000 08:30 233446                     /home/robw/android-tools/jdk/lib/libawt_headless.so
757d2c809000-757d2c80d000 r-xp 00003000 08:30 233446                     /home/robw/android-tools/jdk/lib/libawt_headless.so
757d2c80d000-757d2c80f000 r--p 00007000 08:30 233446                     /home/robw/android-tools/jdk/lib/libawt_headless.so
757d2c80f000-757d2c810000 r--p 00008000 08:30 233446                     /home/robw/android-tools/jdk/lib/libawt_headless.so
757d2c810000-757d2c811000 rw-p 00009000 08:30 233446                     /home/robw/android-tools/jdk/lib/libawt_headless.so
757d2c811000-757d2c813000 r--p 00000000 08:30 233440                     /home/robw/android-tools/jdk/lib/libzip.so
757d2c813000-757d2c826000 r-xp 00002000 08:30 233440                     /home/robw/android-tools/jdk/lib/libzip.so
757d2c826000-757d2c82d000 r--p 00015000 08:30 233440                     /home/robw/android-tools/jdk/lib/libzip.so
757d2c82d000-757d2c82e000 ---p 0001c000 08:30 233440                     /home/robw/android-tools/jdk/lib/libzip.so
757d2c82e000-757d2c82f000 r--p 0001c000 08:30 233440                     /home/robw/android-tools/jdk/lib/libzip.so
757d2c82f000-757d2c830000 rw-p 0001d000 08:30 233440                     /home/robw/android-tools/jdk/lib/libzip.so
757d2c830000-757d2c861000 rw-p 00000000 00:00 0 
757d2c861000-757d2c865000 r--p 00000000 08:30 228923                     /home/robw/android-tools/jdk/lib/libnet.so
757d2c865000-757d2c873000 r-xp 00004000 08:30 228923                     /home/robw/android-tools/jdk/lib/libnet.so
757d2c873000-757d2c877000 r--p 00012000 08:30 228923                     /home/robw/android-tools/jdk/lib/libnet.so
757d2c877000-757d2c878000 r--p 00015000 08:30 228923                     /home/robw/android-tools/jdk/lib/libnet.so
757d2c878000-757d2c879000 rw-p 00016000 08:30 228923                     /home/robw/android-tools/jdk/lib/libnet.so
757d2c879000-757d2c8fa000 rw-p 00000000 00:00 0 
757d2c8fa000-757d2c9fb000 rw-p 00000000 00:00 0 
757d2c9fb000-757d2cad0000 rw-p 00000000 00:00 0 
757d2cad0000-757d2cafa000 ---p 00000000 00:00 0 
757d2cafa000-757d2cbd0000 rw-p 00000000 00:00 0 
757d2cbd0000-757d2cbfa000 ---p 00000000 00:00 0 
757d2cbfa000-757d2ccd0000 rw-p 00000000 00:00 0 
757d2ccd0000-757d2ccfa000 ---p 00000000 00:00 0 
757d2ccfa000-757d2d200000 rw-p 00000000 00:00 0 
757d2d200000-757d2e300000 rwxp 00000000 00:00 0 
757d2e300000-757d34737000 ---p 00000000 00:00 0 
757d34737000-757d349a7000 rwxp 00000000 00:00 0 
757d349a7000-757d34cc9000 ---p 00000000 00:00 0 
757d34cc9000-757d35029000 rwxp 00000000 00:00 0 
757d35029000-757d3c200000 ---p 00000000 00:00 0 
757d3c200000-757d43e3b000 r--s 00000000 08:30 231796                     /home/robw/android-tools/jdk/lib/modules
757d43e3c000-757d43e40000 r--p 00000000 08:30 233428                     /home/robw/android-tools/jdk/lib/libverify.so
757d43e40000-757d43e47000 r-xp 00004000 08:30 233428                     /home/robw/android-tools/jdk/lib/libverify.so
757d43e47000-757d43e49000 r--p 0000b000 08:30 233428                     /home/robw/android-tools/jdk/lib/libverify.so
757d43e49000-757d43e4b000 r--p 0000c000 08:30 233428                     /home/robw/android-tools/jdk/lib/libverify.so
757d43e4b000-757d43e4c000 rw-p 0000e000 08:30 233428                     /home/robw/android-tools/jdk/lib/libverify.so
757d43e4c000-757d43e53000 r--p 00000000 08:30 229826                     /home/robw/android-tools/jdk/lib/libnio.so
757d43e53000-757d43e5c000 r-xp 00007000 08:30 229826                     /home/robw/android-tools/jdk/lib/libnio.so
757d43e5c000-757d43e60000 r--p 00010000 08:30 229826                     /home/robw/android-tools/jdk/lib/libnio.so
757d43e60000-757d43e61000 ---p 00014000 08:30 229826                     /home/robw/android-tools/jdk/lib/libnio.so
757d43e61000-757d43e62000 r--p 00014000 08:30 229826                     /home/robw/android-tools/jdk/lib/libnio.so
757d43e62000-757d43e63000 rw-p 00015000 08:30 229826                     /home/robw/android-tools/jdk/lib/libnio.so
757d43e63000-757d448e3000 rw-p 00000000 00:00 0 
757d448e3000-757d48000000 ---p 00000000 00:00 0 
757d48002000-757d4820b000 rw-p 00000000 00:00 0 
757d4820b000-757d482ef000 ---p 00000000 00:00 0 
757d482ef000-757d48311000 rw-p 00000000 00:00 0 
757d48311000-757d483da000 ---p 00000000 00:00 0 
757d483da000-757d483de000 ---p 00000000 00:00 0 
757d483de000-757d484da000 rw-p 00000000 00:00 0 
757d484da000-757d484ec000 r--p 00000000 08:30 13631                      /usr/lib/x86_64-linux-gnu/libm.so.6
757d484ec000-757d4858c000 r-xp 00012000 08:30 13631                      /usr/lib/x86_64-linux-gnu/libm.so.6
757d4858c000-757d485fe000 r--p 000b2000 08:30 13631                      /usr/lib/x86_64-linux-gnu/libm.so.6
757d485fe000-757d485ff000 r--p 00123000 08:30 13631                      /usr/lib/x86_64-linux-gnu/libm.so.6
757d485ff000-757d48600000 rw-p 00124000 08:30 13631                      /usr/lib/x86_64-linux-gnu/libm.so.6
757d48600000-757d48853000 r--p 00000000 08:30 233437                     /home/robw/android-tools/jdk/lib/server/libjvm.so
757d48853000-757d4957b000 r-xp 00253000 08:30 233437                     /home/robw/android-tools/jdk/lib/server/libjvm.so
757d4957b000-757d49808000 r--p 00f7b000 08:30 233437                     /home/robw/android-tools/jdk/lib/server/libjvm.so
757d49808000-757d49809000 ---p 01208000 08:30 233437                     /home/robw/android-tools/jdk/lib/server/libjvm.so
757d49809000-757d498c2000 r--p 01208000 08:30 233437                     /home/robw/android-tools/jdk/lib/server/libjvm.so
757d498c2000-757d498f7000 rw-p 012c1000 08:30 233437                     /home/robw/android-tools/jdk/lib/server/libjvm.so
757d498f7000-757d49952000 rw-p 00000000 00:00 0 
757d49959000-757d499b4000 r--p 00000000 08:30 13665                      /usr/lib/locale/C.utf8/LC_CTYPE
757d499b4000-757d499d6000 rw-p 00000000 00:00 0 
757d499d6000-757d499e4000 r--p 00000000 08:30 233444                     /home/robw/android-tools/jdk/lib/libjava.so
757d499e4000-757d499f6000 r-xp 0000e000 08:30 233444                     /home/robw/android-tools/jdk/lib/libjava.so
757d499f6000-757d499fc000 r--p 00020000 08:30 233444                     /home/robw/android-tools/jdk/lib/libjava.so
757d499fc000-757d499fd000 ---p 00026000 08:30 233444                     /home/robw/android-tools/jdk/lib/libjava.so
757d499fd000-757d499fe000 r--p 00026000 08:30 233444                     /home/robw/android-tools/jdk/lib/libjava.so
757d499fe000-757d499ff000 rw-p 00027000 08:30 233444                     /home/robw/android-tools/jdk/lib/libjava.so
757d499ff000-757d49a00000 rw-p 00000000 00:00 0 
757d49a00000-757d49a28000 r--p 00000000 08:30 13628                      /usr/lib/x86_64-linux-gnu/libc.so.6
757d49a28000-757d49bc0000 r-xp 00028000 08:30 13628                      /usr/lib/x86_64-linux-gnu/libc.so.6
757d49bc0000-757d49c0e000 r--p 001c0000 08:30 13628                      /usr/lib/x86_64-linux-gnu/libc.so.6
757d49c0e000-757d49c12000 r--p 0020d000 08:30 13628                      /usr/lib/x86_64-linux-gnu/libc.so.6
757d49c12000-757d49c14000 rw-p 00211000 08:30 13628                      /usr/lib/x86_64-linux-gnu/libc.so.6
757d49c14000-757d49c21000 rw-p 00000000 00:00 0 
757d49c2a000-757d49c2b000 rw-p 00000000 00:00 0 
757d49c2b000-757d49c2c000 r--p 00000000 08:30 232925                     /home/robw/android-tools/jdk/lib/libextnet.so
757d49c2c000-757d49c2d000 r-xp 00001000 08:30 232925                     /home/robw/android-tools/jdk/lib/libextnet.so
757d49c2d000-757d49c2e000 r--p 00002000 08:30 232925                     /home/robw/android-tools/jdk/lib/libextnet.so
757d49c2e000-757d49c2f000 r--p 00002000 08:30 232925                     /home/robw/android-tools/jdk/lib/libextnet.so
757d49c2f000-757d49c30000 rw-p 00003000 08:30 232925                     /home/robw/android-tools/jdk/lib/libextnet.so
757d49c30000-757d49c31000 r--p 00000000 08:30 13671                      /usr/lib/locale/C.utf8/LC_NUMERIC
757d49c31000-757d49c32000 r--p 00000000 08:30 13674                      /usr/lib/locale/C.utf8/LC_TIME
757d49c32000-757d49c33000 r--p 00000000 08:30 13664                      /usr/lib/locale/C.utf8/LC_COLLATE
757d49c33000-757d49c34000 r--p 00000000 08:30 13669                      /usr/lib/locale/C.utf8/LC_MONETARY
757d49c34000-757d49c35000 r--p 00000000 08:30 13668                      /usr/lib/locale/C.utf8/LC_MESSAGES/SYS_LC_MESSAGES
757d49c35000-757d49c36000 r--p 00000000 08:30 13672                      /usr/lib/locale/C.utf8/LC_PAPER
757d49c36000-757d49c3d000 r--s 00000000 08:30 13624                      /usr/lib/x86_64-linux-gnu/gconv/gconv-modules.cache
757d49c3d000-757d49c42000 rw-p 00000000 00:00 0 
757d49c42000-757d49c49000 ---p 00000000 00:00 0 
757d49c49000-757d49c51000 rw-s 00000000 00:48 419983                     /tmp/hsperfdata_robw/2458379
757d49c51000-757d49c55000 r--p 00000000 08:30 229799                     /home/robw/android-tools/jdk/lib/libjimage.so
757d49c55000-757d49c68000 r-xp 00004000 08:30 229799                     /home/robw/android-tools/jdk/lib/libjimage.so
757d49c68000-757d49c6e000 r--p 00017000 08:30 229799                     /home/robw/android-tools/jdk/lib/libjimage.so
757d49c6e000-757d49c70000 r--p 0001c000 08:30 229799                     /home/robw/android-tools/jdk/lib/libjimage.so
757d49c70000-757d49c71000 rw-p 0001e000 08:30 229799                     /home/robw/android-tools/jdk/lib/libjimage.so
757d49c71000-757d49c72000 r--p 00000000 08:30 13642                      /usr/lib/x86_64-linux-gnu/librt.so.1
757d49c72000-757d49c73000 r-xp 00001000 08:30 13642                      /usr/lib/x86_64-linux-gnu/librt.so.1
757d49c73000-757d49c74000 r--p 00002000 08:30 13642                      /usr/lib/x86_64-linux-gnu/librt.so.1
757d49c74000-757d49c75000 r--p 00002000 08:30 13642                      /usr/lib/x86_64-linux-gnu/librt.so.1
757d49c75000-757d49c76000 rw-p 00003000 08:30 13642                      /usr/lib/x86_64-linux-gnu/librt.so.1
757d49c76000-757d49c78000 rw-p 00000000 00:00 0 
757d49c78000-757d49c79000 r--p 00000000 08:30 13630                      /usr/lib/x86_64-linux-gnu/libdl.so.2
757d49c79000-757d49c7a000 r-xp 00001000 08:30 13630                      /usr/lib/x86_64-linux-gnu/libdl.so.2
757d49c7a000-757d49c7b000 r--p 00002000 08:30 13630                      /usr/lib/x86_64-linux-gnu/libdl.so.2
757d49c7b000-757d49c7c000 r--p 00002000 08:30 13630                      /usr/lib/x86_64-linux-gnu/libdl.so.2
757d49c7c000-757d49c7d000 rw-p 00003000 08:30 13630                      /usr/lib/x86_64-linux-gnu/libdl.so.2
757d49c7d000-757d49c7e000 r--p 00000000 08:30 13640                      /usr/lib/x86_64-linux-gnu/libpthread.so.0
757d49c7e000-757d49c7f000 r-xp 00001000 08:30 13640                      /usr/lib/x86_64-linux-gnu/libpthread.so.0
757d49c7f000-757d49c80000 r--p 00002000 08:30 13640                      /usr/lib/x86_64-linux-gnu/libpthread.so.0
757d49c80000-757d49c81000 r--p 00002000 08:30 13640                      /usr/lib/x86_64-linux-gnu/libpthread.so.0
757d49c81000-757d49c82000 rw-p 00003000 08:30 13640                      /usr/lib/x86_64-linux-gnu/libpthread.so.0
757d49c82000-757d49c83000 r--p 00000000 08:30 13670                      /usr/lib/locale/C.utf8/LC_NAME
757d49c83000-757d49c84000 r--p 00000000 08:30 13663                      /usr/lib/locale/C.utf8/LC_ADDRESS
757d49c84000-757d49c85000 r--p 00000000 08:30 13673                      /usr/lib/locale/C.utf8/LC_TELEPHONE
757d49c85000-757d49c86000 r--p 00000000 08:30 13667                      /usr/lib/locale/C.utf8/LC_MEASUREMENT
757d49c86000-757d49c87000 r--p 00000000 08:30 13666                      /usr/lib/locale/C.utf8/LC_IDENTIFICATION
757d49c87000-757d49c88000 ---p 00000000 00:00 0 
757d49c88000-757d49c89000 r--p 00000000 00:00 0 
757d49c89000-757d49c8a000 ---p 00000000 00:00 0 
757d49c8a000-757d49c8d000 r--p 00000000 08:30 229625                     /home/robw/android-tools/jdk/lib/libjli.so
757d49c8d000-757d49c9d000 r-xp 00003000 08:30 229625                     /home/robw/android-tools/jdk/lib/libjli.so
757d49c9d000-757d49ca4000 r--p 00013000 08:30 229625                     /home/robw/android-tools/jdk/lib/libjli.so
757d49ca4000-757d49ca5000 r--p 00019000 08:30 229625                     /home/robw/android-tools/jdk/lib/libjli.so
757d49ca5000-757d49ca6000 rw-p 0001a000 08:30 229625                     /home/robw/android-tools/jdk/lib/libjli.so
757d49ca6000-757d49ca8000 rw-p 00000000 00:00 0 
757d49ca8000-757d49cac000 r--p 00000000 00:00 0                          [vvar]
757d49cac000-757d49cae000 r--p 00000000 00:00 0                          [vvar_vclock]
757d49cae000-757d49cb0000 r-xp 00000000 00:00 0                          [vdso]
757d49cb0000-757d49cb1000 r--p 00000000 08:30 13625                      /usr/lib/x86_64-linux-gnu/ld-linux-x86-64.so.2
757d49cb1000-757d49ce0000 r-xp 00001000 08:30 13625                      /usr/lib/x86_64-linux-gnu/ld-linux-x86-64.so.2
757d49ce0000-757d49ceb000 r--p 00030000 08:30 13625                      /usr/lib/x86_64-linux-gnu/ld-linux-x86-64.so.2
757d49ceb000-757d49ced000 r--p 0003b000 08:30 13625                      /usr/lib/x86_64-linux-gnu/ld-linux-x86-64.so.2
757d49ced000-757d49cee000 rw-p 0003d000 08:30 13625                      /usr/lib/x86_64-linux-gnu/ld-linux-x86-64.so.2
757d49cee000-757d49cef000 rw-p 00000000 00:00 0 
7fff2ffc6000-7fff2ffe8000 rw-p 00000000 00:00 0                          [stack]


VM Arguments:
jvm_args: -Djava.awt.headless=true -Dorg.gradle.internal.worker.tmpdir=/home/robw/projects/reticulum-mobile-app/androidApp/build/tmp/testDebugUnitTest/work -Dorg.gradle.native=false -Xmx512m -Dfile.encoding=UTF-8 -Duser.country -Duser.language=en -Duser.variant -ea 
java_command: worker.org.gradle.process.internal.worker.GradleWorkerMain 'Gradle Test Executor 8'
java_class_path (initial): /home/robw/.gradle/caches/8.7/workerMain/gradle-worker.jar:/home/robw/projects/reticulum-mobile-app/androidApp/build/tmp/kotlin-classes/debugUnitTest:/home/robw/projects/reticulum-mobile-app/androidApp/build/intermediates/java_res/debugUnitTest/out:/home/robw/projects/reticulum-mobile-app/androidApp/build/intermediates/runtime_app_classes_jar/debug/classes.jar:/home/robw/.gradle/caches/modules-2/files-2.1/org.jetbrains.kotlin/kotlin-test-junit/2.0.21/977fd8384b1557420643e28be93a0faf30d99f7a/kotlin-test-junit-2.0.21.jar:/home/robw/.gradle/caches/modules-2/files-2.1/org.jetbrains.kotlin/kotlin-test/2.0.21/c6ea143e356327ddfda57e53e829c553e3b45b64/kotlin-test-2.0.21.jar:/home/robw/projects/reticulum-mobile-app/shared/build/intermediates/runtime_library_classes_jar/debug/classes.jar:/home/robw/.gradle/caches/modules-2/files-2.1/androidx.room/room-migration/2.6.1/8d8218e4ccfe9b34485619a8ca68f8760840301d/room-migration-2.6.1.jar:/home/robw/.gradle/caches/modules-2/files-2.1/androidx.room/room-common/2.6.1/ff1b9580850a9b7eef56554e356628d225785265/room-common-2.6.1.jar:/home/robw/.gradle/caches/transforms-4/7552c85386820709b06f02f8e1ede8b3/transformed/room-ktx-2.6.1-runtime.jar:/home/robw/.gradle/caches/transforms-4/4bd75cd79dfa31795f9665a68284ba8f/transformed/room-runtime-2.6.1-runtime.jar:/home/robw/.gradle/caches/transforms-4/1ffe39adc4a614e01a348eb4de17cf35/transformed/room-testing-2.6.1-runtime.jar:/home/robw/.gradle/caches/modules-2/files-2.1/junit/junit/4.13.2/8ac9e16d933b6fb43bc7f576336b8f4d7eb5ba12/junit-4.13.2.jar:/home/robw/.gradle/caches/modules-2/files-2.1/org.robolectric/robolectric/4.13/8fb54d67fe046127c20b491acfde2cc6a5260fa0/robolectric-4.13.jar:/home/robw/.gradle/caches/transforms-4/a4c3f42b5269ee858d40e42e7afc1017/transformed/core-1.6.1-runtime.jar:/home/robw/.gradle/caches/transforms-4/09dfef07c508b45bf37a626c4f082e69/transformed/navigation-common-2.8.5-runtime.jar:/home/robw/.gradle/caches/transforms-4/4f1f741fe718e9bd8089092
Launcher Type: SUN_STANDARD

[Global flags]
     intx CICompilerCount                          = 4                                         {product} {ergonomic}
     uint ConcGCThreads                            = 2                                         {product} {ergonomic}
     uint G1ConcRefinementThreads                  = 8                                         {product} {ergonomic}
   size_t G1HeapRegionSize                         = 1048576                                   {product} {ergonomic}
    uintx GCDrainStackTargetSize                   = 64                                        {product} {ergonomic}
   size_t InitialHeapSize                          = 130023424                                 {product} {ergonomic}
   size_t MarkStackSize                            = 4194304                                   {product} {ergonomic}
   size_t MaxHeapSize                              = 536870912                                 {product} {command line}
   size_t MaxNewSize                               = 321912832                                 {product} {ergonomic}
   size_t MinHeapDeltaBytes                        = 1048576                                   {product} {ergonomic}
   size_t MinHeapSize                              = 8388608                                   {product} {ergonomic}
    uintx NonNMethodCodeHeapSize                   = 5839372                                {pd product} {ergonomic}
    uintx NonProfiledCodeHeapSize                  = 122909434                              {pd product} {ergonomic}
    uintx ProfiledCodeHeapSize                     = 122909434                              {pd product} {ergonomic}
    uintx ReservedCodeCacheSize                    = 251658240                              {pd product} {ergonomic}
     bool SegmentedCodeCache                       = true                                      {product} {ergonomic}
   size_t SoftMaxHeapSize                          = 536870912                              {manageable} {ergonomic}
     bool UseCompressedClassPointers               = true                           {product lp64_product} {ergonomic}
     bool UseCompressedOops                        = true                           {product lp64_product} {ergonomic}
     bool UseG1GC                                  = true                                      {product} {ergonomic}

Logging:
Log output configuration:
 #0: stdout all=warning uptime,level,tags
 #1: stderr all=off uptime,level,tags

Environment Variables:
JAVA_HOME=/home/robw/android-tools/jdk
PATH=/home/robw/android-tools/jdk/bin:/home/robw/platform-tools:/home/robw/.local/bin:/home/robw/.vscode-server/bin/110a328ea54b42367b803ec53ee0bf52ef26b419/bin/remote-cli:/home/robw/platform-tools:/home/robw/.local/bin:/home/robw/bin:/home/robw/platform-tools:/home/robw/.local/bin:/usr/local/sbin:/usr/local/bin:/usr/sbin:/usr/bin:/sbin:/bin:/usr/games:/usr/local/games:/usr/lib/wsl/lib:/mnt/c/WINDOWS/system32:/mnt/c/WINDOWS:/mnt/c/WINDOWS/System32/Wbem:/mnt/c/WINDOWS/System32/WindowsPowerShell/v1.0/:/mnt/c/WINDOWS/System32/OpenSSH/:/mnt/c/Program Files/usbipd-win/:/mnt/c/Program Files/dotnet/:/mnt/c/Users/rob/AppData/Local/Microsoft/WindowsApps:/mnt/c/Users/rob/AppData/Local/Programs/Microsoft VS Code/bin:/snap/bin
SHELL=/bin/bash
DISPLAY=:0
HOSTTYPE=x86_64
LANG=C.UTF-8
TERM=xterm-256color

Active Locale:
LC_ALL=LC_CTYPE=C.UTF-8;LC_NUMERIC=C;LC_TIME=C.UTF-8;LC_COLLATE=C.UTF-8;LC_MONETARY=C.UTF-8;LC_MESSAGES=C.UTF-8;LC_PAPER=C.UTF-8;LC_NAME=C.UTF-8;LC_ADDRESS=C.UTF-8;LC_TELEPHONE=C.UTF-8;LC_MEASUREMENT=C.UTF-8;LC_IDENTIFICATION=C.UTF-8
LC_COLLATE=C.UTF-8
LC_CTYPE=C.UTF-8
LC_MESSAGES=C.UTF-8
LC_MONETARY=C.UTF-8
LC_NUMERIC=C
LC_TIME=C.UTF-8

Signal Handlers:
   SIGSEGV: crash_handler in libjvm.so, mask=11100100010111111101111111111110, flags=SA_RESTART|SA_SIGINFO, unblocked
    SIGBUS: crash_handler in libjvm.so, mask=11100100010111111101111111111110, flags=SA_RESTART|SA_SIGINFO, unblocked
    SIGFPE: crash_handler in libjvm.so, mask=11100100010111111101111111111110, flags=SA_RESTART|SA_SIGINFO, unblocked
   SIGPIPE: javaSignalHandler in libjvm.so, mask=11100100010111111101111111111110, flags=SA_RESTART|SA_SIGINFO, blocked
   SIGXFSZ: javaSignalHandler in libjvm.so, mask=11100100010111111101111111111110, flags=SA_RESTART|SA_SIGINFO, blocked
    SIGILL: crash_handler in libjvm.so, mask=11100100010111111101111111111110, flags=SA_RESTART|SA_SIGINFO, unblocked
   SIGUSR2: SR_handler in libjvm.so, mask=00100000000000000000000000000000, flags=SA_RESTART|SA_SIGINFO, blocked
    SIGHUP: UserHandler in libjvm.so, mask=11100100010111111101111111111110, flags=SA_RESTART|SA_SIGINFO, blocked
    SIGINT: UserHandler in libjvm.so, mask=11100100010111111101111111111110, flags=SA_RESTART|SA_SIGINFO, blocked
   SIGTERM: UserHandler in libjvm.so, mask=11100100010111111101111111111110, flags=SA_RESTART|SA_SIGINFO, blocked
   SIGQUIT: UserHandler in libjvm.so, mask=11100100010111111101111111111110, flags=SA_RESTART|SA_SIGINFO, blocked
   SIGTRAP: crash_handler in libjvm.so, mask=11100100010111111101111111111110, flags=SA_RESTART|SA_SIGINFO, unblocked


Periodic native trim disabled


---------------  S Y S T E M  ---------------

OS:
DISTRIB_ID=Ubuntu
DISTRIB_RELEASE=26.04
DISTRIB_CODENAME=resolute
DISTRIB_DESCRIPTION="Ubuntu 26.04 LTS"
uname: Linux 6.18.33.2-microsoft-standard-WSL2 #1 SMP PREEMPT_DYNAMIC Thu Jun 18 21:54:43 UTC 2026 x86_64
OS uptime: 13 days 9:46 hours
libc: glibc 2.43 NPTL 2.43 
rlimit (soft/hard): STACK 8192k/infinity , CORE 0k/infinity , NPROC 31459/31459 , NOFILE 1048576/1048576 , AS infinity/infinity , CPU infinity/infinity , DATA infinity/infinity , FSIZE infinity/infinity , MEMLOCK 65536k/65536k
load average: 4.99 2.88 1.89

/proc/meminfo:
MemTotal:        8064640 kB
MemFree:           88936 kB
MemAvailable:    1145548 kB
Buffers:          105936 kB
Cached:          1369132 kB
SwapCached:        37884 kB
Active:          1104256 kB
Inactive:        6189928 kB
Active(anon):     427476 kB
Inactive(anon):  5827308 kB
Active(file):     676780 kB
Inactive(file):   362620 kB
Unevictable:           0 kB
Mlocked:               0 kB
SwapTotal:       2097152 kB
SwapFree:              0 kB
Dirty:               744 kB
Writeback:             0 kB
AnonPages:       5781468 kB
Mapped:           184892 kB
Shmem:            435488 kB
KReclaimable:     213556 kB
Slab:             354652 kB
SReclaimable:     213556 kB
SUnreclaim:       141096 kB
KernelStack:       15264 kB
PageTables:        50404 kB
SecPageTables:         0 kB
NFS_Unstable:          0 kB
Bounce:                0 kB
WritebackTmp:          0 kB
CommitLimit:     6129472 kB
Committed_AS:   12221056 kB
VmallocTotal:   34359738367 kB
VmallocUsed:       42640 kB
VmallocChunk:          0 kB
Percpu:             3968 kB
HardwareCorrupted:     0 kB
AnonHugePages:         0 kB
ShmemHugePages:        0 kB
ShmemPmdMapped:        0 kB
FileHugePages:     12288 kB
FilePmdMapped:         0 kB
Unaccepted:            0 kB
Balloon:               0 kB
HugePages_Total:       0
HugePages_Free:        0
HugePages_Rsvd:        0
HugePages_Surp:        0
Hugepagesize:       2048 kB
Hugetlb:               0 kB
DirectMap4k:      117760 kB
DirectMap2M:     5056512 kB
DirectMap1G:    12582912 kB

/sys/kernel/mm/transparent_hugepage/enabled: always [madvise] never
/sys/kernel/mm/transparent_hugepage/hpage_pmd_size: 2097152
/sys/kernel/mm/transparent_hugepage/defrag (defrag/compaction efforts parameter): always defer defer+madvise [madvise] never

Process Memory:
Virtual Size: 5432380K (peak: 5440012K)
Resident Set Size: 786784K (peak: 792916K) (anon: 755576K, file: 23792K, shmem: 7416K)
Swapped out: 0K
C-Heap outstanding allocations: 199187K, retained: 30668K
glibc malloc tunables: (default)

/proc/sys/kernel/threads-max (system-wide limit on the number of threads): 62919
/proc/sys/vm/max_map_count (maximum number of memory map areas a process may have): 1048576
/proc/sys/vm/swappiness (control to define how aggressively the kernel swaps out anonymous memory): 60
/proc/sys/kernel/pid_max (system-wide limit on number of process identifiers): 4194304

container information not found.
Hyper-V virtualization detected
Steal ticks since vm start: 0
Steal ticks percentage since vm start:  0.000

CPU: total 8 (initial active 8) (4 cores per cpu, 2 threads per core) family 6 model 142 stepping 10 microcode 0xffffffff, cx8, cmov, fxsr, ht, mmx, 3dnowpref, sse, sse2, sse3, ssse3, sse4.1, sse4.2, popcnt, lzcnt, tsc, avx, avx2, aes, erms, clmul, bmi1, bmi2, adx, fma, vzeroupper, clflush, clflushopt, hv
CPU Model and flags from /proc/cpuinfo:
model name	: Intel(R) Core(TM) i7-8550U CPU @ 1.80GHz
flags		: fpu vme de pse tsc msr pae mce cx8 apic sep mtrr pge mca cmov pat pse36 clflush mmx fxsr sse sse2 ss ht syscall nx pdpe1gb rdtscp lm arch_perfmon rep_good nopl xtopology cpuid tsc_known_freq pni pclmulqdq vmx ssse3 fma cx16 pdcm pcid sse4_1 sse4_2 movbe popcnt aes xsave avx f16c rdrand hypervisor lahf_lm abm 3dnowprefetch pti ssbd ibrs ibpb stibp tpr_shadow ept vpid ept_ad fsgsbase bmi1 avx2 smep bmi2 erms invpcid rdseed adx smap clflushopt xsaveopt xsavec xgetbv1 xsaves vnmi md_clear flush_l1d arch_capabilities

Online cpus: 0-7
Offline cpus: 
BIOS frequency limitation: <Not Available>
Frequency switch latency (ns): <Not Available>
Available cpu frequencies: <Not Available>
Current governor: <Not Available>
Core performance/turbo boost: <Not Available>

Memory: 4k page, physical 8064640k(88936k free), swap 2097152k(0k free)
Page Sizes: 4k

vm_info: OpenJDK 64-Bit Server VM (17.0.19+10) for linux-amd64 JRE (17.0.19+10), built on Apr 21 2026 00:00:00 by "admin" with gcc 10.3.0

END.
