JvmtiExport can_access_local_variables 0
JvmtiExport can_hotswap_or_post_breakpoint 0
JvmtiExport can_post_on_exceptions 0
# 884 ciObject found
instanceKlass android/database/sqlite/SQLiteOpenHelper
ciMethodData java/lang/Object <init> ()V 2 1523968 orig 80 1 0 0 0 0 0 0 0 0 0 0 0 0 0 0 0 0 0 0 0 0 0 0 0 0 0 0 0 0 0 0 0 0 0 0 0 0 0 0 0 0 0 0 0 0 0 0 0 0 0 0 0 0 0 0 0 0 0 0 0 0 0 0 0 0 0 0 0 0 0 0 0 0 0 0 0 0 0 0 0 data 4 0x0 0x9 0x1 0x0 oops 0 methods 0
ciMethodData java/lang/Class getName ()Ljava/lang/String; 2 56769 orig 80 0 0 0 0 0 0 0 0 0 0 0 0 0 0 0 0 0 0 0 0 0 0 0 0 0 0 0 0 0 0 0 0 0 0 0 0 0 0 0 0 0 0 0 0 0 0 0 0 0 0 0 0 0 0 0 0 0 0 0 0 0 0 0 0 0 0 0 0 0 0 0 0 0 0 0 0 0 0 0 0 data 23 0x60007 0x128b 0x38 0xca36 0xa0003 0xca36 0x50 0xe0005 0x128b 0x0 0x0 0x0 0x0 0x0 0x0 0x0 0x0 0x0 0x0 0x0 0x9 0x1 0xffffffffffffffff oops 0 methods 0
ciMethod java/lang/invoke/MethodHandle linkToSpecial (Ljava/lang/Object;Ljava/lang/Object;Ljava/lang/invoke/MemberName;)Ljava/lang/Object; 0 0 1 0 -1
ciMethod java/lang/invoke/MethodHandle linkToSpecial (Ljava/lang/Object;Ljava/lang/Object;Ljava/lang/invoke/MemberName;)V 0 0 1 0 -1
ciMethod java/lang/invoke/MethodHandle invokeBasic (Ljava/lang/Object;)Ljava/lang/Object; 0 0 1 0 -1
ciMethod java/lang/invoke/MethodHandle linkToSpecial (Ljava/lang/Object;Ljava/lang/invoke/MemberName;)Ljava/lang/Object; 0 0 1 0 -1
ciMethod java/lang/invoke/MethodHandle invokeBasic ()Ljava/lang/Object; 0 0 1 0 -1
ciMethod java/lang/invoke/MethodHandle linkToSpecial (Ljava/lang/Object;Ljava/lang/Object;Ljava/lang/Object;Ljava/lang/invoke/MemberName;)V 0 0 1 0 -1
ciMethod java/lang/invoke/MethodHandle invokeBasic (Ljava/lang/Object;Ljava/lang/Object;)Ljava/lang/Object; 0 0 1 0 -1
ciMethod java/lang/invoke/MethodHandle linkToSpecial (Ljava/lang/Object;Ljava/lang/Object;ILjava/lang/invoke/MemberName;)V 0 0 1 0 -1
ciMethod java/util/concurrent/atomic/AtomicBoolean compareAndSet (ZZ)Z 3564 0 29482 0 -1
ciMethod java/lang/invoke/MethodHandle linkToStatic (Ljava/lang/invoke/MemberName;)Ljava/lang/Object; 0 0 1 0 -1
ciMethod java/lang/invoke/MethodHandle linkToSpecial (Ljava/lang/Object;Ljava/lang/Object;Ljava/lang/Object;Ljava/lang/Object;Ljava/lang/invoke/MemberName;)V 0 0 1 0 -1
ciMethod java/lang/invoke/MethodHandle invokeBasic (Ljava/lang/Object;Ljava/lang/Object;Ljava/lang/Object;)Ljava/lang/Object; 0 0 1 0 -1
ciMethod java/lang/invoke/MethodHandle invokeBasic (Ljava/lang/Object;Ljava/lang/Object;I)I 0 0 1 0 -1
ciMethod java/lang/invoke/MethodHandle linkToSpecial (Ljava/lang/Object;Ljava/lang/invoke/MemberName;)I 0 0 1 0 -1
ciMethod java/lang/invoke/MethodHandle linkToSpecial (Ljava/lang/Object;Ljava/lang/invoke/MemberName;)V 0 0 1 0 -1
ciMethod java/lang/invoke/MethodHandle linkToVirtual (Ljava/lang/Object;Ljava/lang/invoke/MemberName;)Ljava/lang/Object; 0 0 1 0 -1
ciMethod java/lang/invoke/MethodHandle invokeBasic (Ljava/lang/Object;Ljava/lang/Object;)V 0 0 1 0 -1
ciMethod java/lang/invoke/MethodHandle invokeBasic (Ljava/lang/Object;I)Ljava/lang/Object; 0 0 1 0 -1
ciMethod java/lang/invoke/MethodHandle linkToSpecial (Ljava/lang/Object;Ljava/lang/Object;ILjava/lang/Object;Ljava/lang/invoke/MemberName;)V 0 0 1 0 -1
ciMethod java/lang/invoke/MethodHandle invokeBasic (Ljava/lang/Object;)I 0 0 1 0 -1
ciMethodData java/lang/invoke/DirectMethodHandle allocateInstance (Ljava/lang/Object;)Ljava/lang/Object; 2 137082 orig 80 0 0 0 0 0 0 0 0 0 0 0 0 125 117 0 0 0 0 0 0 0 0 0 0 0 0 0 0 0 0 0 0 0 0 0 0 0 0 0 0 0 0 0 0 0 0 0 0 0 0 0 0 0 0 0 0 0 0 0 0 0 0 0 0 0 0 0 0 0 0 0 0 0 0 0 0 0 0 0 0 data 23 0x10004 0x0 0x0 0x757cb75369c0 0x2f2c 0x0 0x0 0xc0005 0x216ad 0x0 0x0 0x0 0x0 0x0 0x0 0x0 0x0 0x0 0x0 0x0 0x9 0x1 0x0 oops 1 3 java/lang/invoke/DirectMethodHandle$Constructor methods 0
ciMethodData java/lang/invoke/DirectMethodHandle constructorMethod (Ljava/lang/Object;)Ljava/lang/Object; 2 145684 orig 80 0 0 0 0 0 0 0 0 0 0 0 0 125 117 0 0 0 0 0 0 0 0 0 0 0 0 0 0 0 0 0 0 0 0 0 0 0 0 0 0 0 0 0 0 0 0 0 0 0 0 0 0 0 0 0 0 0 0 0 0 0 0 0 0 0 0 0 0 0 0 0 0 0 0 0 0 0 0 0 0 data 16 0x10004 0x0 0x0 0x757cb75369c0 0x2f2c 0x0 0x0 0x0 0x0 0x0 0x0 0x0 0x0 0x9 0x1 0x0 oops 1 3 java/lang/invoke/DirectMethodHandle$Constructor methods 0
ciMethod java/lang/invoke/MethodHandle linkToSpecial (Ljava/lang/Object;ILjava/lang/invoke/MemberName;)V 0 0 1 0 -1
ciMethod java/lang/invoke/MethodHandle linkToSpecial (Ljava/lang/Object;ILjava/lang/invoke/MemberName;)Ljava/lang/Object; 0 0 1 0 -1
ciMethod java/lang/invoke/MethodHandle linkToStatic (Ljava/lang/invoke/MemberName;)J 0 0 1 0 -1
ciMethod java/lang/invoke/MethodHandle linkToSpecial (Ljava/lang/Object;Ljava/lang/Object;Ljava/lang/Object;Ljava/lang/Object;Ljava/lang/invoke/MemberName;)I 0 0 1 0 -1
ciMethod java/lang/invoke/MethodHandle linkToSpecial (Ljava/lang/Object;ILjava/lang/invoke/MemberName;)I 0 0 1 0 -1
ciMethod java/lang/invoke/LambdaForm$DMH+0x0000757cd4014000 invokeSpecial (Ljava/lang/Object;Ljava/lang/Object;Ljava/lang/Object;I)V 770 0 32506 0 -1
ciMethodData java/lang/invoke/LambdaForm$DMH+0x0000757cd4014000 invokeSpecial (Ljava/lang/Object;Ljava/lang/Object;Ljava/lang/Object;I)V 2 32506 orig 80 0 0 0 0 0 0 0 0 0 0 0 0 0 0 0 0 0 0 0 0 0 0 0 0 0 0 0 0 0 0 0 0 0 0 0 0 0 0 0 0 0 0 0 0 0 0 0 0 0 0 0 0 0 0 0 0 0 0 0 0 0 0 0 0 0 0 0 0 0 0 0 0 0 0 0 0 0 0 0 0 data 38 0x1000a 0x7d79 0x3 0x0 0x757c1c790ef0 0x757cb4004c90 0xb0004 0x0 0x0 0x0 0x0 0x0 0x0 0xe000a 0x7d79 0x4 0x0 0x2 0x1 0x3 0x0 0x0 0x0 0x0 0x0 0x0 0x9 0x4 0x0 0x0 0x0 0x0 0xc 0x4 0x0 0x757c1c790ef0 0x1 0x2 oops 3 4 java/lang/invoke/DirectMethodHandle$Special 5 java/lang/invoke/MemberName 35 java/lang/invoke/DirectMethodHandle$Special methods 0
ciMethod java/lang/invoke/LambdaForm$DMH+0x0000757cd402d400 invokeSpecial (Ljava/lang/Object;Ljava/lang/Object;Ljava/lang/Object;ILjava/lang/Object;)V 1024 0 25650 0 -1
ciMethodData java/lang/invoke/LambdaForm$DMH+0x0000757cd402d400 invokeSpecial (Ljava/lang/Object;Ljava/lang/Object;Ljava/lang/Object;ILjava/lang/Object;)V 2 25650 orig 80 0 0 0 0 0 0 0 0 0 0 0 0 0 0 0 0 0 0 0 0 0 0 0 0 0 0 0 0 0 0 0 0 0 0 0 0 0 0 0 0 0 0 0 0 0 0 0 0 0 0 0 0 0 0 0 0 0 0 0 0 0 0 0 0 0 0 0 0 0 0 0 0 0 0 0 0 0 0 0 0 data 39 0x1000a 0x6233 0x3 0x0 0x757c1c790ef0 0x757cb4004c90 0xd0004 0x0 0x0 0x757cb4004c90 0x10 0x0 0x0 0x10000a 0x6234 0x4 0x0 0x757c1c6f8ea0 0x1 0x757cb4002ac1 0x0 0x0 0x0 0x0 0x0 0x0 0x9 0x5 0x0 0x0 0x0 0x0 0x0 0xc 0x4 0x0 0x757c1c790ef0 0x1 0x757c1c6f8ea0 oops 7 4 java/lang/invoke/DirectMethodHandle$Special 5 java/lang/invoke/MemberName 9 java/lang/invoke/MemberName 17 android/database/sqlite/SQLiteSession 19 java/lang/String 36 java/lang/invoke/DirectMethodHandle$Special 38 android/database/sqlite/SQLiteSession methods 0
ciMethod kotlin/jvm/internal/Intrinsics checkNotNullParameter (Ljava/lang/Object;Ljava/lang/String;)V 4102 0 606574 0 -1
ciMethod org/robolectric/util/PerfStatsCollector getInstance ()Lorg/robolectric/util/PerfStatsCollector; 450 0 95058 0 64
ciMethod org/robolectric/util/PerfStatsCollector startEvent (Ljava/lang/String;)Lorg/robolectric/util/PerfStatsCollector$Event; 710 0 25752 0 0
ciMethod org/robolectric/util/PerfStatsCollector measure (Ljava/lang/String;Lorg/robolectric/util/PerfStatsCollector$ThrowingRunnable;)V 4374 0 16659 0 416
ciMethod org/robolectric/util/PerfStatsCollector access$200 (Lorg/robolectric/util/PerfStatsCollector;)Lorg/robolectric/util/Clock; 258 0 129 0 0
ciMethod org/robolectric/util/PerfStatsCollector access$300 (Lorg/robolectric/util/PerfStatsCollector;)Z 272 0 136 0 0
ciMethod org/robolectric/util/PerfStatsCollector access$400 (Lorg/robolectric/util/PerfStatsCollector;)Ljava/util/Map; 34 0 17 0 -1
ciMethod org/robolectric/util/Clock nanoTime ()J 0 0 1 0 -1
ciMethod org/robolectric/util/PerfStatsCollector$$Lambda$62+0x0000757cd40b31f8 nanoTime ()J 766 0 25767 0 0
ciMethod org/robolectric/util/PerfStatsCollector$Event <init> (Lorg/robolectric/util/PerfStatsCollector;Ljava/lang/String;)V 710 0 25752 0 0
ciMethod org/robolectric/util/PerfStatsCollector$Event finished (Z)V 708 0 8555 0 128
ciMethod java/lang/invoke/LambdaForm$DMH+0x0000757cd40b0c00 invokeStatic (Ljava/lang/Object;)J 2742 0 29908 0 -1
ciMethodData java/lang/invoke/LambdaForm$DMH+0x0000757cd40b0c00 invokeStatic (Ljava/lang/Object;)J 2 29909 orig 80 0 0 0 0 0 0 0 0 0 0 0 0 0 0 0 0 0 0 0 0 0 0 0 0 0 0 0 0 0 0 0 0 0 0 0 0 0 0 0 0 0 0 0 0 0 0 0 0 0 0 0 0 0 0 0 0 0 0 0 0 0 0 0 0 0 0 0 0 0 0 0 0 0 0 0 0 0 0 0 0 data 31 0x1000a 0x6f7a 0x3 0x0 0x757cb4004ae0 0x757cb4004c90 0x60004 0x0 0x0 0x757cb4004c90 0x4 0x0 0x0 0x9000a 0x6f7a 0x2 0x0 0x757cb4004c90 0x0 0x0 0x0 0x0 0x0 0x0 0x9 0x1 0x0 0xc 0x2 0x0 0x757cb4004ae0 oops 5 4 java/lang/invoke/DirectMethodHandle 5 java/lang/invoke/MemberName 9 java/lang/invoke/MemberName 17 java/lang/invoke/MemberName 30 java/lang/invoke/DirectMethodHandle methods 0
ciMethod org/robolectric/util/PerfStatsCollector$MetricKey <init> (Ljava/lang/String;Z)V 38 0 273 0 -1
ciMethod org/robolectric/util/PerfStatsCollector$MetricKey access$000 (Lorg/robolectric/util/PerfStatsCollector$MetricKey;)Ljava/lang/String; 258 0 129 0 -1
ciMethod org/robolectric/util/PerfStatsCollector$MetricKey access$100 (Lorg/robolectric/util/PerfStatsCollector$MetricKey;)Z 258 0 129 0 -1
ciMethod org/robolectric/pluginapi/perf/Metric <init> (Ljava/lang/String;Z)V 198 0 356 0 -1
ciMethod org/robolectric/pluginapi/perf/Metric record (J)V 30 0 15 0 -1
ciMethod java/lang/invoke/MethodHandle invokeBasic (Ljava/lang/Object;Ljava/lang/Object;I)Ljava/lang/Object; 0 0 1 0 -1
ciMethod java/lang/invoke/MethodHandle invokeBasic ()I 0 0 1 0 -1
ciMethod java/lang/invoke/MethodHandle invokeBasic (Ljava/lang/Object;Ljava/lang/Object;Ljava/lang/Object;)V 0 0 1 0 -1
ciMethod java/lang/invoke/MethodHandleImpl$CountingWrapper getTarget ()Ljava/lang/invoke/MethodHandle; 292 0 146 0 0
ciMethod java/lang/invoke/MethodHandle invokeBasic (Ljava/lang/Object;I)I 0 0 1 0 -1
ciMethod java/lang/invoke/MethodHandle invokeBasic (Ljava/lang/Object;)V 0 0 1 0 -1
ciMethodData java/lang/invoke/DirectMethodHandle internalMemberName (Ljava/lang/Object;)Ljava/lang/Object; 2 5798624 orig 80 0 0 0 0 0 0 0 0 0 0 0 0 0 0 0 0 0 0 0 0 0 0 0 0 0 0 0 0 0 0 0 0 0 0 0 0 0 0 0 0 0 0 0 0 0 0 0 0 0 0 0 0 0 0 0 0 0 0 0 0 0 0 0 0 0 0 0 0 0 0 0 0 0 0 0 0 0 0 0 0 data 16 0x10004 0x0 0x0 0x757cb4004ae0 0x16131 0x757c1c790ef0 0x22456 0x0 0x0 0x0 0x0 0x0 0x0 0x9 0x1 0x0 oops 2 3 java/lang/invoke/DirectMethodHandle 5 java/lang/invoke/DirectMethodHandle$Special methods 0
ciMethod java/lang/invoke/MethodHandle invokeBasic (Ljava/lang/Object;)J 0 0 1 0 -1
ciMethod java/lang/invoke/MethodHandle invokeBasic ()J 0 0 1 0 -1
ciMethod java/lang/invoke/MethodHandle invokeBasic (Ljava/lang/Object;Ljava/lang/Object;I)V 0 0 1 0 -1
ciMethod java/lang/invoke/MethodHandle invokeBasic (Ljava/lang/Object;Ljava/lang/Object;Ljava/lang/Object;I)V 0 0 1 0 -1
ciMethod java/lang/invoke/MethodHandle invokeBasic (Ljava/lang/Object;I)V 0 0 1 0 -1
ciMethod java/lang/invoke/MethodHandle invokeBasic (Ljava/lang/Object;Ljava/lang/Object;)I 0 0 1 0 -1
ciMethod java/lang/invoke/MethodHandle linkToStatic (Ljava/lang/invoke/MemberName;)I 0 0 1 0 -1
ciMethod android/content/Context openOrCreateDatabase (Ljava/lang/String;ILandroid/database/sqlite/SQLiteDatabase$CursorFactory;Landroid/database/DatabaseErrorHandler;)Landroid/database/sqlite/SQLiteDatabase; 0 0 1 0 -1
ciMethod java/lang/invoke/LambdaForm$MH+0x0000757cd4180400 invoke (Ljava/lang/Object;)Ljava/lang/Object; 774 0 2672743 0 -1
ciMethodData java/lang/invoke/LambdaForm$MH+0x0000757cd4180400 invoke (Ljava/lang/Object;)Ljava/lang/Object; 2 2672761 orig 80 0 0 0 0 0 0 0 0 0 0 0 0 0 0 0 0 0 0 0 0 0 0 0 0 0 0 0 0 0 0 0 0 0 0 0 0 0 0 0 0 0 0 0 0 0 0 0 0 0 0 0 0 0 0 0 0 0 0 0 0 0 0 0 0 0 0 0 0 0 0 0 0 0 0 0 0 0 0 0 0 data 38 0x10004 0x0 0x0 0x757c1c7f3b40 0x650a 0x0 0x0 0x100004 0x0 0x0 0x757cb4004ae0 0x650a 0x0 0x0 0x14000b 0x28c706 0x0 0x0 0x0 0x0 0x0 0x3 0x1 0x757cb4005230 0x757c1c7f5df0 0x0 0x0 0x0 0x0 0x0 0x0 0x9 0x1 0x0 0xc 0x2 0x0 0x757c1c7f3b40 oops 5 3 java/lang/invoke/BoundMethodHandle$Species_LL 10 java/lang/invoke/DirectMethodHandle 23 java/lang/invoke/MutableCallSite 24 java/lang/invoke/BoundMethodHandle$Species_I 37 java/lang/invoke/BoundMethodHandle$Species_LL methods 0
ciMethod java/lang/invoke/LambdaForm$MH+0x0000757cd4180c00 invoke (Ljava/lang/Object;)I 4096 0 106775 0 -1
ciMethod java/lang/invoke/LambdaForm$DMH+0x0000757cd4181400 invokeSpecial (Ljava/lang/Object;Ljava/lang/Object;Ljava/lang/Object;Ljava/lang/Object;Ljava/lang/Object;)V 4116 0 30491 0 -1
ciMethodData java/lang/invoke/LambdaForm$DMH+0x0000757cd4181400 invokeSpecial (Ljava/lang/Object;Ljava/lang/Object;Ljava/lang/Object;Ljava/lang/Object;Ljava/lang/Object;)V 2 30492 orig 80 0 0 0 0 0 0 0 0 0 0 0 0 0 0 0 0 0 0 0 0 0 0 0 0 0 0 0 0 0 0 0 0 0 0 0 0 0 0 0 0 0 0 0 0 0 0 0 0 0 0 0 0 0 0 0 0 0 0 0 0 0 0 0 0 0 0 0 0 0 0 0 0 0 0 0 0 0 0 0 0 data 39 0x1000a 0x6f12 0x3 0x0 0x757c1c790ef0 0x757cb4004c90 0xd0004 0x0 0x0 0x0 0x0 0x0 0x0 0x10000a 0x6f12 0x4 0x0 0x2 0x1 0x2 0x0 0x0 0x0 0x0 0x0 0x0 0x9 0x5 0x0 0x0 0x0 0x0 0x0 0xc 0x4 0x0 0x757c1c790ef0 0x1 0x2 oops 3 4 java/lang/invoke/DirectMethodHandle$Special 5 java/lang/invoke/MemberName 36 java/lang/invoke/DirectMethodHandle$Special methods 0
ciMethod org/robolectric/config/ConfigurationRegistry get (Ljava/lang/Class;)Ljava/lang/Object; 266 0 390 0 0
ciMethod org/robolectric/config/ConfigurationRegistry getInSandboxClassLoader (Ljava/lang/Class;)Ljava/lang/Object; 46 0 279 0 0
ciMethod org/robolectric/config/ConfigurationRegistry maybeReloadInSandboxClassLoader (Ljava/lang/Object;)Ljava/lang/Object; 274 0 397 0 0
ciMethod java/lang/invoke/LambdaForm$MH+0x0000757cd418e800 invoke (Ljava/lang/Object;Ljava/lang/Object;)I 512 0 1272516 0 -1
ciMethod java/lang/invoke/LambdaForm$MH+0x0000757cd418fc00 guard (Ljava/lang/Object;Ljava/lang/Object;)Ljava/lang/Object; 4114 0 168874 0 -1
ciMethod java/lang/invoke/LambdaForm$DMH+0x0000757cd4194400 invokeSpecial (Ljava/lang/Object;Ljava/lang/Object;Ljava/lang/Object;)V 524 0 235139 0 -1
ciMethodData java/lang/invoke/LambdaForm$DMH+0x0000757cd4194400 invokeSpecial (Ljava/lang/Object;Ljava/lang/Object;Ljava/lang/Object;)V 2 235140 orig 80 0 0 0 0 0 0 0 0 0 0 0 0 0 0 0 0 0 0 0 0 0 0 0 0 0 0 0 0 0 0 0 0 0 0 0 0 0 0 0 0 0 0 0 0 0 0 0 0 0 0 0 0 0 0 0 0 0 0 0 0 0 0 0 0 0 0 0 0 0 0 0 0 0 0 0 0 0 0 0 0 data 37 0x1000a 0x3957e 0x3 0x0 0x757c1c790ef0 0x757cb4004c90 0x80004 0x0 0x0 0x0 0x0 0x0 0x0 0xb000a 0x3957e 0x4 0x0 0x2 0x1 0x3 0x0 0x0 0x0 0x0 0x0 0x0 0x9 0x3 0x0 0x0 0x0 0xc 0x4 0x0 0x757c1c790ef0 0x1 0x2 oops 3 4 java/lang/invoke/DirectMethodHandle$Special 5 java/lang/invoke/MemberName 34 java/lang/invoke/DirectMethodHandle$Special methods 0
ciMethod java/lang/invoke/LambdaForm$MH+0x0000757cd4194c00 guardWithCatch (Ljava/lang/Object;Ljava/lang/Object;)V 770 0 658183 0 -1
ciMethod java/lang/invoke/LambdaForm$MH+0x0000757cd4195c00 guard (Ljava/lang/Object;Ljava/lang/Object;)V 522 0 718678 0 -1
ciMethod java/lang/invoke/LambdaForm$MH+0x0000757cd4196000 linkToCallSite (Ljava/lang/Object;Ljava/lang/Object;)V 522 0 743066 0 -1
ciMethodData java/lang/invoke/LambdaForm$MH+0x0000757cd4196000 linkToCallSite (Ljava/lang/Object;Ljava/lang/Object;)V 2 743067 orig 80 0 0 0 0 0 0 0 0 0 0 0 0 0 0 0 0 0 0 0 0 0 0 0 0 0 0 0 0 0 0 0 0 0 0 0 0 0 0 0 0 0 0 0 0 0 0 0 0 0 0 0 0 0 0 0 0 0 0 0 0 0 0 0 0 0 0 0 0 0 0 0 0 0 0 0 0 0 0 0 0 data 46 0x10004 0x0 0x0 0x757c1c6a7880 0x1f89 0x0 0x0 0x4000a 0xb5595 0x3 0x0 0x757c1c6a7880 0x757c1c7f0440 0x90004 0x0 0x0 0x0 0x0 0x0 0x0 0xd000b 0xb55c6 0x0 0x0 0x0 0x0 0x0 0x2 0x1 0x2 0x0 0x0 0x0 0x0 0x0 0x0 0x9 0x2 0x0 0x0 0xc 0x4 0x0 0x2 0x1 0x757c1c6a7880 oops 4 3 org/robolectric/internal/bytecode/MethodCallSite 11 org/robolectric/internal/bytecode/MethodCallSite 12 java/lang/invoke/BoundMethodHandle$Species_LLLL 45 org/robolectric/internal/bytecode/MethodCallSite methods 0
ciMethod java/lang/invoke/LambdaForm$MH+0x0000757cd4197000 guardWithCatch (Ljava/lang/Object;)Ljava/lang/Object; 4096 0 40108 0 -1
ciMethod java/lang/invoke/LambdaForm$MH+0x0000757cd4197c00 guard (Ljava/lang/Object;)Ljava/lang/Object; 4110 0 40146 0 -1
ciMethod java/lang/invoke/LambdaForm$MH+0x0000757cd41a5800 guardWithCatch (Ljava/lang/Object;)J 1310 0 17375 0 -1
ciMethod java/lang/invoke/LambdaForm$MH+0x0000757cd41a7000 guard (Ljava/lang/Object;)J 1308 0 17374 0 -1
ciMethod java/lang/invoke/LambdaForm$MH+0x0000757cd41a7400 linkToCallSite (Ljava/lang/Object;)J 1306 0 17352 0 -1
ciMethodData java/lang/invoke/LambdaForm$MH+0x0000757cd41a7400 linkToCallSite (Ljava/lang/Object;)J 2 17374 orig 80 0 0 0 0 0 0 0 0 0 0 0 0 0 0 0 0 0 0 0 0 0 0 0 0 0 0 0 0 0 0 0 0 0 0 0 0 0 0 0 0 0 0 0 0 0 0 0 0 0 0 0 0 0 0 0 0 0 0 0 0 0 0 0 0 0 0 0 0 0 0 0 0 0 0 0 0 0 0 0 0 data 40 0x10004 0x0 0x0 0x757c1c6a7880 0x3 0x0 0x0 0x4000a 0x4152 0x3 0x0 0x757c1c6a7880 0x757c1c7f0440 0x90004 0x0 0x0 0x757c1c7f0440 0x3 0x0 0x0 0xc0005 0x4152 0x0 0x0 0x0 0x0 0x0 0x0 0x0 0x0 0x0 0x0 0x0 0x9 0x1 0x0 0xc 0x2 0x0 0x757c1c6a7880 oops 5 3 org/robolectric/internal/bytecode/MethodCallSite 11 org/robolectric/internal/bytecode/MethodCallSite 12 java/lang/invoke/BoundMethodHandle$Species_LLLL 16 java/lang/invoke/BoundMethodHandle$Species_LLLL 39 org/robolectric/internal/bytecode/MethodCallSite methods 0
ciMethod java/lang/invoke/LambdaForm$MH+0x0000757cd41a9c00 guardWithCatch (Ljava/lang/Object;Ljava/lang/Object;Ljava/lang/Object;I)V 4110 0 32795 0 -1
ciMethod java/lang/invoke/LambdaForm$MH+0x0000757cd41ab400 invoke (Ljava/lang/Object;Ljava/lang/Object;Ljava/lang/Object;I)I 4098 0 36608 0 -1
ciMethod java/lang/invoke/LambdaForm$MH+0x0000757cd41ac000 guard (Ljava/lang/Object;Ljava/lang/Object;Ljava/lang/Object;I)V 4108 0 32739 0 -1
ciMethod java/lang/invoke/LambdaForm$MH+0x0000757cd41ac400 linkToCallSite (Ljava/lang/Object;Ljava/lang/Object;ILjava/lang/Object;)V 4104 0 32738 0 -1
ciMethodData java/lang/invoke/LambdaForm$MH+0x0000757cd41ac400 linkToCallSite (Ljava/lang/Object;Ljava/lang/Object;ILjava/lang/Object;)V 2 32739 orig 80 0 0 0 0 0 0 0 0 0 0 0 0 0 0 0 0 0 0 0 0 0 0 0 0 0 0 0 0 0 0 0 0 0 0 0 0 0 0 0 0 0 0 0 0 0 0 0 0 0 0 0 0 0 0 0 0 0 0 0 0 0 0 0 0 0 0 0 0 0 0 0 0 0 0 0 0 0 0 0 0 data 50 0x10004 0x0 0x0 0x757c1c6a7880 0x2ba 0x0 0x0 0x4000a 0x77de 0x3 0x0 0x757c1c6a7880 0x757c1c7f0440 0xb0004 0x0 0x0 0x0 0x0 0x0 0x0 0x11000b 0x77de 0x0 0x0 0x0 0x0 0x0 0x4 0x1 0x2 0x2 0x3 0x0 0x0 0x0 0x0 0x0 0x0 0x9 0x4 0x0 0x0 0x0 0x0 0xc 0x4 0x0 0x2 0x1 0x3 oops 3 3 org/robolectric/internal/bytecode/MethodCallSite 11 org/robolectric/internal/bytecode/MethodCallSite 12 java/lang/invoke/BoundMethodHandle$Species_LLLL methods 0
ciMethod java/lang/invoke/LambdaForm$DMH+0x0000757cd41ac800 invokeSpecial (Ljava/lang/Object;Ljava/lang/Object;I)V 4098 0 95481 0 -1
ciMethodData java/lang/invoke/LambdaForm$DMH+0x0000757cd41ac800 invokeSpecial (Ljava/lang/Object;Ljava/lang/Object;I)V 2 95481 orig 80 0 0 0 0 0 0 0 0 0 0 0 0 0 0 0 0 0 0 0 0 0 0 0 0 0 0 0 0 0 0 0 0 0 0 0 0 0 0 0 0 0 0 0 0 0 0 0 0 0 0 0 0 0 0 0 0 0 0 0 0 0 0 0 0 0 0 0 0 0 0 0 0 0 0 0 0 0 0 0 0 data 37 0x1000a 0x16cf8 0x3 0x0 0x757c1c790ef0 0x757cb4004c90 0x80004 0x0 0x0 0x0 0x0 0x0 0x0 0xb000a 0x16cf8 0x4 0x0 0x2 0x2 0x757cb4004c90 0x0 0x0 0x0 0x0 0x0 0x0 0x9 0x3 0x0 0x0 0x0 0xc 0x4 0x0 0x757c1c790ef0 0x1 0x2 oops 4 4 java/lang/invoke/DirectMethodHandle$Special 5 java/lang/invoke/MemberName 19 java/lang/invoke/MemberName 34 java/lang/invoke/DirectMethodHandle$Special methods 0
ciMethod java/lang/invoke/LambdaForm$MH+0x0000757cd41adc00 guardWithCatch (Ljava/lang/Object;Ljava/lang/Object;I)V 4106 0 95820 0 -1
ciMethod java/lang/invoke/LambdaForm$MH+0x0000757cd41ae400 delegate (Ljava/lang/Object;Ljava/lang/Object;Ljava/lang/Object;I)V 780 0 32272 0 -1
ciMethodData java/lang/invoke/LambdaForm$MH+0x0000757cd41ae400 delegate (Ljava/lang/Object;Ljava/lang/Object;Ljava/lang/Object;I)V 2 32272 orig 80 0 0 0 0 0 0 0 0 0 0 0 0 0 0 0 0 0 0 0 0 0 0 0 0 0 0 0 0 0 0 0 0 0 0 0 0 0 0 0 0 0 0 0 0 0 0 0 0 0 0 0 0 0 0 0 0 0 0 0 0 0 0 0 0 0 0 0 0 0 0 0 0 0 0 0 0 0 0 0 0 data 53 0x10004 0x0 0x0 0x757c1c7f3bf0 0x2b55 0x0 0x0 0x4000b 0x0 0x0 0x757c1c7f3bf0 0x7c8a 0x0 0x0 0x1 0x757c1c796d00 0xb0004 0x0 0x0 0x757c1c796d00 0x1 0x0 0x0 0x11000b 0x7c8c 0x0 0x0 0x0 0x0 0x0 0x4 0x1 0x2 0x2 0x3 0x0 0x0 0x0 0x0 0x0 0x0 0x9 0x4 0x0 0x0 0x0 0x0 0xc 0x4 0x0 0x757c1c7f3bf0 0x1 0x2 oops 5 3 java/lang/invoke/MethodHandleImpl$CountingWrapper 10 java/lang/invoke/MethodHandleImpl$CountingWrapper 15 java/lang/invoke/BoundMethodHandle$Species_LLLLL 19 java/lang/invoke/BoundMethodHandle$Species_LLLLL 50 java/lang/invoke/MethodHandleImpl$CountingWrapper methods 0
ciMethod java/lang/invoke/LambdaForm$MH+0x0000757cd41aec00 invoke (Ljava/lang/Object;Ljava/lang/Object;I)I 522 0 302656 0 -1
ciMethod java/lang/invoke/LambdaForm$MH+0x0000757cd41af400 guard (Ljava/lang/Object;Ljava/lang/Object;I)V 4110 0 95757 0 -1
ciMethod java/lang/invoke/LambdaForm$MH+0x0000757cd41af800 linkToCallSite (Ljava/lang/Object;ILjava/lang/Object;)V 4106 0 95756 0 -1
ciMethodData java/lang/invoke/LambdaForm$MH+0x0000757cd41af800 linkToCallSite (Ljava/lang/Object;ILjava/lang/Object;)V 2 95757 orig 80 0 0 0 0 0 0 0 0 0 0 0 0 0 0 0 0 0 0 0 0 0 0 0 0 0 0 0 0 0 0 0 0 0 0 0 0 0 0 0 0 0 0 0 0 0 0 0 0 0 0 0 0 0 0 0 0 0 0 0 0 0 0 0 0 0 0 0 0 0 0 0 0 0 0 0 0 0 0 0 0 data 47 0x10004 0x0 0x0 0x757c1c6a7880 0x1495 0x0 0x0 0x4000a 0x16e08 0x3 0x0 0x757c1c6a7880 0x757c1c7f0440 0x90004 0x0 0x0 0x757c1c7f0440 0x2 0x0 0x0 0xe000b 0x16e08 0x0 0x0 0x0 0x0 0x0 0x2 0x1 0x2 0x0 0x0 0x0 0x0 0x0 0x0 0x9 0x3 0x0 0x0 0x0 0xc 0x4 0x0 0x2 0x2 0x757c1c6a7880 oops 5 3 org/robolectric/internal/bytecode/MethodCallSite 11 org/robolectric/internal/bytecode/MethodCallSite 12 java/lang/invoke/BoundMethodHandle$Species_LLLL 16 java/lang/invoke/BoundMethodHandle$Species_LLLL 46 org/robolectric/internal/bytecode/MethodCallSite methods 0
ciMethod java/lang/invoke/LambdaForm$MH+0x0000757cd41b0400 guardWithCatch (Ljava/lang/Object;Ljava/lang/Object;Ljava/lang/Object;)V 788 0 244564 0 -1
ciMethod java/lang/invoke/LambdaForm$MH+0x0000757cd41b1000 invoke (Ljava/lang/Object;Ljava/lang/Object;Ljava/lang/Object;)I 520 0 307941 0 -1
ciMethod java/lang/invoke/LambdaForm$MH+0x0000757cd41b1c00 guard (Ljava/lang/Object;Ljava/lang/Object;Ljava/lang/Object;)V 782 0 247951 0 -1
ciMethod java/lang/invoke/LambdaForm$MH+0x0000757cd41b2000 linkToCallSite (Ljava/lang/Object;Ljava/lang/Object;Ljava/lang/Object;)V 776 0 244976 0 -1
ciMethodData java/lang/invoke/LambdaForm$MH+0x0000757cd41b2000 linkToCallSite (Ljava/lang/Object;Ljava/lang/Object;Ljava/lang/Object;)V 2 244979 orig 80 0 0 0 0 0 0 0 0 0 0 0 0 0 0 0 0 0 0 0 0 0 0 0 0 0 0 0 0 0 0 0 0 0 0 0 0 0 0 0 0 0 0 0 0 0 0 0 0 0 0 0 0 0 0 0 0 0 0 0 0 0 0 0 0 0 0 0 0 0 0 0 0 0 0 0 0 0 0 0 0 data 49 0x10004 0x0 0x0 0x757c1c6a7880 0x2342 0x0 0x0 0x4000a 0x3bb6f 0x3 0x0 0x757c1c6a7880 0x757c1c7f0440 0x90004 0x0 0x0 0x757c1c7f0440 0x3 0x0 0x0 0xe000b 0x3bb6f 0x0 0x0 0x0 0x0 0x0 0x4 0x1 0x2 0x2 0x3 0x0 0x0 0x0 0x0 0x0 0x0 0x9 0x3 0x0 0x0 0x0 0xc 0x4 0x0 0x2 0x1 0x3 oops 4 3 org/robolectric/internal/bytecode/MethodCallSite 11 org/robolectric/internal/bytecode/MethodCallSite 12 java/lang/invoke/BoundMethodHandle$Species_LLLL 16 java/lang/invoke/BoundMethodHandle$Species_LLLL methods 0
ciMethod java/lang/invoke/LambdaForm$DMH+0x0000757cd41b2400 invokeStatic (Ljava/lang/Object;)I 4100 0 49116 0 -1
ciMethodData java/lang/invoke/LambdaForm$DMH+0x0000757cd41b2400 invokeStatic (Ljava/lang/Object;)I 2 49116 orig 80 0 0 0 0 0 0 0 0 0 0 0 0 0 0 0 0 0 0 0 0 0 0 0 0 0 0 0 0 0 0 0 0 0 0 0 0 0 0 0 0 0 0 0 0 0 0 0 0 0 0 0 0 0 0 0 0 0 0 0 0 0 0 0 0 0 0 0 0 0 0 0 0 0 0 0 0 0 0 0 0 data 31 0x1000a 0xb7da 0x3 0x0 0x757cb4004ae0 0x757cb4004c90 0x60004 0x0 0x0 0x0 0x0 0x0 0x0 0x9000a 0xb7db 0x2 0x0 0x757cb4004c90 0x0 0x0 0x0 0x0 0x0 0x0 0x9 0x1 0x0 0xc 0x2 0x0 0x757cb4004ae0 oops 4 4 java/lang/invoke/DirectMethodHandle 5 java/lang/invoke/MemberName 17 java/lang/invoke/MemberName 30 java/lang/invoke/DirectMethodHandle methods 0
ciMethod java/lang/invoke/LambdaForm$MH+0x0000757cd41b3400 guardWithCatch (Ljava/lang/Object;)I 4106 0 49120 0 -1
ciMethod java/lang/invoke/LambdaForm$MH+0x0000757cd41b3c00 guard (Ljava/lang/Object;)I 4106 0 49130 0 -1
ciMethod java/lang/invoke/LambdaForm$MH+0x0000757cd41b4000 linkToCallSite (Ljava/lang/Object;)I 4102 0 49127 0 -1
ciMethodData java/lang/invoke/LambdaForm$MH+0x0000757cd41b4000 linkToCallSite (Ljava/lang/Object;)I 2 49128 orig 80 0 0 0 0 0 0 0 0 0 0 0 0 0 0 0 0 0 0 0 0 0 0 0 0 0 0 0 0 0 0 0 0 0 0 0 0 0 0 0 0 0 0 0 0 0 0 0 0 0 0 0 0 0 0 0 0 0 0 0 0 0 0 0 0 0 0 0 0 0 0 0 0 0 0 0 0 0 0 0 0 data 40 0x10004 0x0 0x0 0x757c1c6a7880 0x5c1 0x0 0x0 0x4000a 0xb7e4 0x3 0x0 0x757c1c6a7880 0x757c1c7f0440 0x90004 0x0 0x0 0x757c1c7f0440 0x2 0x0 0x0 0xc0005 0xb7e4 0x0 0x0 0x0 0x0 0x0 0x0 0x0 0x0 0x0 0x0 0x0 0x9 0x1 0x0 0xc 0x2 0x0 0x757c1c6a7880 oops 5 3 org/robolectric/internal/bytecode/MethodCallSite 11 org/robolectric/internal/bytecode/MethodCallSite 12 java/lang/invoke/BoundMethodHandle$Species_LLLL 16 java/lang/invoke/BoundMethodHandle$Species_LLLL 39 org/robolectric/internal/bytecode/MethodCallSite methods 0
ciMethod java/lang/invoke/LambdaForm$MH+0x0000757cd41b4c00 guardWithCatch (Ljava/lang/Object;Ljava/lang/Object;I)I 4098 0 132082 0 -1
ciMethod java/lang/invoke/LambdaForm$MH+0x0000757cd41b5c00 guard (Ljava/lang/Object;Ljava/lang/Object;I)I 4100 0 139668 0 -1
ciMethod java/lang/invoke/LambdaForm$MH+0x0000757cd41b6000 linkToCallSite (Ljava/lang/Object;ILjava/lang/Object;)I 4098 0 147746 0 -1
ciMethodData java/lang/invoke/LambdaForm$MH+0x0000757cd41b6000 linkToCallSite (Ljava/lang/Object;ILjava/lang/Object;)I 2 147747 orig 80 0 0 0 0 0 0 0 0 0 0 0 0 0 0 0 0 0 0 0 0 0 0 0 0 0 0 0 0 0 0 0 0 0 0 0 0 0 0 0 0 0 0 0 0 0 0 0 0 0 0 0 0 0 0 0 0 0 0 0 0 0 0 0 0 0 0 0 0 0 0 0 0 0 0 0 0 0 0 0 0 data 47 0x10004 0x0 0x0 0x757c1c6a7880 0x82d 0x0 0x0 0x4000a 0x23920 0x3 0x0 0x757c1c6a7880 0x757c1c7f0440 0x90004 0x0 0x0 0x757c1c7f0440 0x1 0x0 0x0 0xe000b 0x23922 0x0 0x0 0x0 0x0 0x0 0x2 0x1 0x2 0x0 0x0 0x0 0x0 0x0 0x0 0x9 0x3 0x0 0x0 0x0 0xc 0x4 0x0 0x2 0x2 0x757c1c6a7880 oops 5 3 org/robolectric/internal/bytecode/MethodCallSite 11 org/robolectric/internal/bytecode/MethodCallSite 12 java/lang/invoke/BoundMethodHandle$Species_LLLL 16 java/lang/invoke/BoundMethodHandle$Species_LLLL 46 org/robolectric/internal/bytecode/MethodCallSite methods 0
ciMethod org/robolectric/shadows/ShadowLooper looperMode ()Lorg/robolectric/annotation/LooperMode$Mode; 4112 0 10282 0 928
ciMethodData java/lang/invoke/Invokers checkCustomized (Ljava/lang/invoke/MethodHandle;)V 2 2773346 orig 80 0 0 0 0 0 0 0 0 0 0 0 0 0 0 0 0 0 0 0 0 0 0 0 0 0 0 0 0 0 0 0 0 0 0 0 0 0 0 0 0 0 0 0 0 0 0 0 0 0 0 0 0 0 0 0 0 0 0 0 0 0 0 0 0 0 0 0 0 0 0 0 0 0 0 0 0 0 0 0 0 data 21 0x10002 0x2a4a06 0x40007 0x2a4aa8 0x20 0x0 0xf0007 0x2a42b7 0x30 0x803 0x130002 0x803 0x0 0x0 0x0 0x0 0x0 0x0 0x9 0x1 0x0 oops 0 methods 0
ciMethod java/lang/invoke/MethodHandle invokeBasic (Ljava/lang/Object;Ljava/lang/Object;Ljava/lang/Object;Ljava/lang/Object;)V 0 0 1 0 -1
ciMethod java/lang/invoke/MethodHandle invokeBasic (Ljava/lang/Object;Ljava/lang/Object;Ljava/lang/Object;)I 0 0 1 0 -1
ciMethodData java/lang/invoke/Invokers checkExactType (Ljava/lang/invoke/MethodHandle;Ljava/lang/invoke/MethodType;)V 2 2770049 orig 80 0 0 0 0 0 0 0 0 0 0 0 0 0 0 0 0 0 0 0 0 0 0 0 0 0 0 0 0 0 0 0 0 0 0 0 0 0 0 0 0 0 0 0 0 0 0 0 0 0 0 0 0 0 0 0 0 0 0 0 0 0 0 0 0 0 0 0 0 0 0 0 0 0 0 0 0 0 0 0 0 data 23 0x10005 0x16 0x0 0x757c1c7f5df0 0x2a456d 0x757cb4004ae0 0xac 0x70007 0x2a4615 0x30 0x0 0xc0002 0x0 0x0 0x0 0x0 0x0 0x0 0x0 0x9 0x2 0x0 0x0 oops 2 3 java/lang/invoke/BoundMethodHandle$Species_I 5 java/lang/invoke/DirectMethodHandle methods 0
ciMethodData java/lang/invoke/Invokers getCallSiteTarget (Ljava/lang/invoke/CallSite;)Ljava/lang/invoke/MethodHandle; 2 2858564 orig 80 0 0 0 0 0 0 0 0 0 0 0 0 0 0 0 0 0 0 0 0 0 0 0 0 0 0 0 0 0 0 0 0 0 0 0 0 0 0 0 0 0 0 0 0 0 0 0 0 0 0 0 0 0 0 0 0 0 0 0 0 0 0 0 0 0 0 0 0 0 0 0 0 0 0 0 0 0 0 0 0 data 16 0x10005 0x2a4231 0x0 0x757c1c6a7880 0x151ca 0x757c1c7f1050 0xc48 0x0 0x0 0x0 0x0 0x0 0x0 0x9 0x1 0x0 oops 2 3 org/robolectric/internal/bytecode/MethodCallSite 5 org/robolectric/internal/bytecode/RoboCallSite methods 0
ciMethodData java/lang/invoke/DirectMethodHandle$Holder invokeVirtual (Ljava/lang/Object;Ljava/lang/Object;)Ljava/lang/Object; 2 2673142 orig 80 0 0 0 0 0 0 0 0 0 0 0 0 0 0 0 0 0 0 0 0 0 0 0 0 0 0 0 0 0 0 0 0 0 0 0 0 0 0 0 0 0 0 0 0 0 0 0 0 0 0 0 0 0 0 0 0 0 0 0 0 0 0 0 0 0 0 0 0 0 0 0 0 0 0 0 0 0 0 0 0 data 37 0x1000a 0x28c8b9 0x3 0x0 0x757cb4004ae0 0x757cb4004c90 0x70004 0x0 0x0 0x0 0x0 0x0 0x0 0xa000a 0x28c909 0x5 0x0 0x757cb4005230 0x1 0x757cb4004c90 0x757c1c7f5df0 0x0 0x0 0x0 0x0 0x0 0x0 0x9 0x2 0x0 0x0 0xc 0x4 0x0 0x757cb4004ae0 0x1 0x757cb4005230 oops 7 4 java/lang/invoke/DirectMethodHandle 5 java/lang/invoke/MemberName 17 java/lang/invoke/MutableCallSite 19 java/lang/invoke/MemberName 20 java/lang/invoke/BoundMethodHandle$Species_I 34 java/lang/invoke/DirectMethodHandle 36 java/lang/invoke/MutableCallSite methods 0
ciMethod java/lang/invoke/MethodHandle invokeBasic (Ljava/lang/Object;Ljava/lang/Object;Ljava/lang/Object;Ljava/lang/Object;Ljava/lang/Object;)V 0 0 1 0 -1
ciMethod java/lang/invoke/MethodHandle invokeBasic (Ljava/lang/Object;Ljava/lang/Object;Ljava/lang/Object;Ljava/lang/Object;)I 0 0 1 0 -1
ciMethod java/lang/invoke/MethodHandle linkToSpecial (Ljava/lang/Object;Ljava/lang/Object;ILjava/lang/Object;Ljava/lang/invoke/MemberName;)Ljava/lang/Object; 0 0 1 0 -1
ciMethod java/lang/invoke/MethodHandle invokeBasic (Ljava/lang/Object;Ljava/lang/Object;ILjava/lang/Object;)Ljava/lang/Object; 0 0 1 0 -1
ciMethod java/lang/invoke/MethodHandle invokeBasic (Ljava/lang/Object;Ljava/lang/Object;ILjava/lang/Object;)V 0 0 1 0 -1
ciMethodData java/lang/invoke/DirectMethodHandle$Holder invokeSpecial (Ljava/lang/Object;Ljava/lang/Object;Ljava/lang/Object;)Ljava/lang/Object; 2 86316 orig 80 0 0 0 0 0 0 0 0 0 0 0 0 0 0 0 0 0 0 0 0 0 0 0 0 0 0 0 0 0 0 0 0 0 0 0 0 0 0 0 0 0 0 0 0 0 0 0 0 0 0 0 0 0 0 0 0 0 0 0 0 0 0 0 0 0 0 0 0 0 0 0 0 0 0 0 0 0 0 0 0 data 38 0x1000a 0x14928 0x3 0x0 0x2 0x757cb4004c90 0x80004 0x0 0x0 0x0 0x0 0x0 0x0 0xb000a 0x14929 0x5 0x0 0x2 0x1 0x3 0x3 0x0 0x0 0x0 0x0 0x0 0x0 0x9 0x3 0x0 0x0 0x0 0xc 0x4 0x0 0x2 0x1 0x2 oops 1 5 java/lang/invoke/MemberName methods 0
ciMethod java/lang/invoke/MethodHandle invokeBasic (Ljava/lang/Object;Ljava/lang/Object;Ljava/lang/Object;ILjava/lang/Object;)Ljava/lang/Object; 0 0 1 0 -1
ciMethod java/lang/invoke/MethodHandle invokeBasic (Ljava/lang/Object;Ljava/lang/Object;ILjava/lang/Object;)I 0 0 1 0 -1
ciMethodData java/lang/invoke/Invokers$Holder linkToCallSite (Ljava/lang/Object;Ljava/lang/Object;)Ljava/lang/Object; 2 182308 orig 80 0 0 0 0 0 0 0 0 0 0 0 0 0 0 0 0 0 0 0 0 0 0 0 0 0 0 0 0 0 0 0 0 0 0 0 0 0 0 0 0 0 0 0 0 0 0 0 0 0 0 0 0 0 0 0 0 0 0 0 0 0 0 0 0 0 0 0 0 0 0 0 0 0 0 0 0 0 0 0 0 data 47 0x10004 0x0 0x0 0x757c1c6a7880 0x1491 0x757c1c7f1050 0xb8b 0x4000a 0x2c021 0x3 0x0 0x2 0x757c1c7f0440 0x90004 0x0 0x0 0x0 0x0 0x0 0x0 0xd000b 0x2c01e 0x0 0x0 0x0 0x0 0x0 0x3 0x1 0x3 0x3 0x0 0x0 0x0 0x0 0x0 0x0 0x9 0x2 0x0 0x0 0xc 0x4 0x0 0x3 0x1 0x2 oops 3 3 org/robolectric/internal/bytecode/MethodCallSite 5 org/robolectric/internal/bytecode/RoboCallSite 12 java/lang/invoke/BoundMethodHandle$Species_LLLL methods 0
ciMethod java/lang/invoke/MethodHandle invokeBasic (Ljava/lang/Object;Ljava/lang/Object;Ljava/lang/Object;Ljava/lang/Object;Ljava/lang/Object;)I 0 0 1 0 -1
ciMethod java/lang/invoke/MethodHandle invokeBasic (JJ)Ljava/lang/Object; 0 0 1 0 -1
ciMethod java/lang/invoke/MethodHandle invokeBasic (JJ)I 0 0 1 0 -1
ciMethod java/lang/invoke/MethodHandle linkToSpecial (Ljava/lang/Object;JJLjava/lang/invoke/MemberName;)V 0 0 1 0 -1
ciMethod java/lang/invoke/MethodHandle linkToStatic (JJLjava/lang/invoke/MemberName;)V 0 0 1 0 -1
ciMethod java/lang/invoke/MethodHandle invokeBasic (JJ)V 0 0 1 0 -1
ciMethod java/lang/invoke/MethodHandle invokeBasic (Ljava/lang/Object;JJ)V 0 0 1 0 -1
ciMethodData java/lang/invoke/DirectMethodHandle$Holder invokeSpecial (Ljava/lang/Object;Ljava/lang/Object;)V 2 649394 orig 80 0 0 0 0 0 0 0 0 0 0 0 0 0 0 0 0 0 0 0 0 0 0 0 0 0 0 0 0 0 0 0 0 0 0 0 0 0 0 0 0 0 0 0 0 0 0 0 0 0 0 0 0 0 0 0 0 0 0 0 0 0 0 0 0 0 0 0 0 0 0 0 0 0 0 0 0 0 0 0 0 data 36 0x1000a 0x9e730 0x3 0x0 0x757c1c790ef0 0x757cb4004c90 0x70004 0x0 0x0 0x0 0x0 0x0 0x0 0xa000a 0x9e740 0x4 0x0 0x2 0x1 0x757cb4004c90 0x0 0x0 0x0 0x0 0x0 0x0 0x9 0x2 0x0 0x0 0xc 0x4 0x0 0x757c1c790ef0 0x1 0x2 oops 4 4 java/lang/invoke/DirectMethodHandle$Special 5 java/lang/invoke/MemberName 19 java/lang/invoke/MemberName 33 java/lang/invoke/DirectMethodHandle$Special methods 0
ciMethod java/lang/invoke/MethodHandle invokeBasic (Ljava/lang/Object;Ljava/lang/Object;Ljava/lang/Object;ILjava/lang/Object;)V 0 0 1 0 -1
ciMethod java/lang/invoke/MethodHandle linkToSpecial (Ljava/lang/Object;ILjava/lang/Object;ILjava/lang/Object;Ljava/lang/invoke/MemberName;)V 0 0 1 0 -1
ciMethod java/lang/invoke/MethodHandle invokeBasic (Ljava/lang/Object;ILjava/lang/Object;ILjava/lang/Object;)V 0 0 1 0 -1
ciMethod java/lang/invoke/MethodHandle invokeBasic (Ljava/lang/Object;Ljava/lang/Object;ILjava/lang/Object;ILjava/lang/Object;)V 0 0 1 0 -1
ciMethod java/lang/invoke/MethodHandle invokeBasic (Ljava/lang/Object;ILjava/lang/Object;ILjava/lang/Object;)I 0 0 1 0 -1
ciMethodData java/lang/invoke/Invokers$Holder linkToCallSite (Ljava/lang/Object;Ljava/lang/Object;Ljava/lang/Object;)Ljava/lang/Object; 2 59646 orig 80 0 0 0 0 0 0 0 0 0 0 0 0 0 0 0 0 0 0 0 0 0 0 0 0 0 0 0 0 0 0 0 0 0 0 0 0 0 0 0 0 0 0 0 0 0 0 0 0 0 0 0 0 0 0 0 0 0 0 0 0 0 0 0 0 0 0 0 0 0 0 0 0 0 0 0 0 0 0 0 0 data 50 0x10004 0x0 0x0 0x757c1c6a7880 0x8c2 0x0 0x0 0x4000a 0xe0d6 0x3 0x0 0x757c1c6a7880 0x757c1c7f0440 0x90004 0x0 0x0 0x0 0x0 0x0 0x0 0xe000b 0xe0d6 0x0 0x0 0x0 0x0 0x0 0x5 0x1 0x3 0x2 0x3 0x3 0x0 0x0 0x0 0x0 0x0 0x0 0x9 0x3 0x0 0x0 0x0 0xc 0x4 0x0 0x3 0x1 0x3 oops 3 3 org/robolectric/internal/bytecode/MethodCallSite 11 org/robolectric/internal/bytecode/MethodCallSite 12 java/lang/invoke/BoundMethodHandle$Species_LLLL methods 0
ciMethodData java/lang/invoke/Invokers$Holder linkToTargetMethod (JJLjava/lang/Object;)Ljava/lang/Object; 2 55832 orig 80 0 0 0 0 0 0 0 0 0 0 0 0 0 0 0 0 0 0 0 0 0 0 0 0 0 0 0 0 0 0 0 0 0 0 0 0 0 0 0 0 0 0 0 0 0 0 0 0 0 0 0 0 0 0 0 0 0 0 0 0 0 0 0 0 0 0 0 0 0 0 0 0 0 0 0 0 0 0 0 0 data 33 0x20004 0x0 0x0 0x757cb75369c0 0x6fb 0x0 0x0 0x7000b 0xd1bb 0x0 0x0 0x0 0x0 0x0 0x1 0x2 0x0 0x0 0x0 0x0 0x0 0x0 0x9 0x5 0x0 0x0 0x0 0x0 0x0 0xc 0x2 0x4 0x757cb75369c0 oops 2 3 java/lang/invoke/DirectMethodHandle$Constructor 32 java/lang/invoke/DirectMethodHandle$Constructor methods 0
ciMethodData java/lang/invoke/DelegatingMethodHandle$Holder delegate (Ljava/lang/Object;Ljava/lang/Object;Ljava/lang/Object;)V 2 244754 orig 80 0 0 0 0 0 0 0 0 0 0 0 0 0 0 0 0 0 0 0 0 0 0 0 0 0 0 0 0 0 0 0 0 0 0 0 0 0 0 0 0 0 0 0 0 0 0 0 0 0 0 0 0 0 0 0 0 0 0 0 0 0 0 0 0 0 0 0 0 0 0 0 0 0 0 0 0 0 0 0 0 data 52 0x10004 0x0 0x0 0x757c1c7f3bf0 0x1bd9 0x757c1ca5a070 0xc 0x4000b 0x0 0x0 0x757c1c7f3bf0 0x3b3fb 0x757c1ca5a070 0xc 0x1 0x2 0x90004 0x0 0x0 0x0 0x0 0x0 0x0 0xe000b 0x3b407 0x0 0x0 0x0 0x0 0x0 0x4 0x1 0x2 0x2 0x3 0x0 0x0 0x0 0x0 0x0 0x0 0x9 0x3 0x0 0x0 0x0 0xc 0x4 0x0 0x2 0x1 0x2 oops 4 3 java/lang/invoke/MethodHandleImpl$CountingWrapper 5 java/lang/invoke/MethodHandleImpl$AsVarargsCollector 10 java/lang/invoke/MethodHandleImpl$CountingWrapper 12 java/lang/invoke/MethodHandleImpl$AsVarargsCollector methods 0
ciMethodData java/lang/invoke/DelegatingMethodHandle$Holder delegate (Ljava/lang/Object;Ljava/lang/Object;)V 2 721197 orig 80 0 0 0 0 0 0 0 0 0 0 0 0 0 0 0 0 0 0 0 0 0 0 0 0 0 0 0 0 0 0 0 0 0 0 0 0 0 0 0 0 0 0 0 0 0 0 0 0 0 0 0 0 0 0 0 0 0 0 0 0 0 0 0 0 0 0 0 0 0 0 0 0 0 0 0 0 0 0 0 0 data 49 0x10004 0x0 0x0 0x757c1c7f3bf0 0x2290 0x0 0x0 0x4000b 0x0 0x0 0x757c1c7f3bf0 0xaf92b 0x0 0x0 0x1 0x757c1c796d00 0x90004 0x0 0x0 0x0 0x0 0x0 0x0 0xd000b 0xaf92c 0x0 0x0 0x0 0x0 0x0 0x2 0x1 0x2 0x0 0x0 0x0 0x0 0x0 0x0 0x9 0x2 0x0 0x0 0xc 0x4 0x0 0x757c1c7f3bf0 0x1 0x2 oops 4 3 java/lang/invoke/MethodHandleImpl$CountingWrapper 10 java/lang/invoke/MethodHandleImpl$CountingWrapper 15 java/lang/invoke/BoundMethodHandle$Species_LLLLL 46 java/lang/invoke/MethodHandleImpl$CountingWrapper methods 0
ciMethodData java/lang/invoke/DirectMethodHandle$Holder invokeSpecial (Ljava/lang/Object;Ljava/lang/Object;)Ljava/lang/Object; 2 123884 orig 80 0 0 0 0 0 0 0 0 0 0 0 0 0 0 0 0 0 0 0 0 0 0 0 0 0 0 0 0 0 0 0 0 0 0 0 0 0 0 0 0 0 0 0 0 0 0 0 0 0 0 0 0 0 0 0 0 0 0 0 0 0 0 0 0 0 0 0 0 0 0 0 0 0 0 0 0 0 0 0 0 data 37 0x1000a 0x1dbb8 0x3 0x0 0x757c1c790ef0 0x757cb4004c90 0x70004 0x0 0x0 0x0 0x0 0x0 0x0 0xa000a 0x1dbb7 0x5 0x0 0x2 0x1 0x757cb4004c90 0x3 0x0 0x0 0x0 0x0 0x0 0x0 0x9 0x2 0x0 0x0 0xc 0x4 0x0 0x757c1c790ef0 0x1 0x2 oops 4 4 java/lang/invoke/DirectMethodHandle$Special 5 java/lang/invoke/MemberName 19 java/lang/invoke/MemberName 34 java/lang/invoke/DirectMethodHandle$Special methods 0
ciMethodData java/lang/invoke/DirectMethodHandle$Holder invokeSpecial (Ljava/lang/Object;Ljava/lang/Object;)I 2 343493 orig 80 0 0 0 0 0 0 0 0 0 0 0 0 0 0 0 0 0 0 0 0 0 0 0 0 0 0 0 0 0 0 0 0 0 0 0 0 0 0 0 0 0 0 0 0 0 0 0 0 0 0 0 0 0 0 0 0 0 0 0 0 0 0 0 0 0 0 0 0 0 0 0 0 0 0 0 0 0 0 0 0 data 36 0x1000a 0x535bc 0x3 0x0 0x757c1c790ef0 0x757cb4004c90 0x70004 0x0 0x0 0x0 0x0 0x0 0x0 0xa000a 0x535ad 0x4 0x0 0x2 0x1 0x757cb4004c90 0x0 0x0 0x0 0x0 0x0 0x0 0x9 0x2 0x0 0x0 0xc 0x4 0x0 0x757c1c790ef0 0x1 0x2 oops 4 4 java/lang/invoke/DirectMethodHandle$Special 5 java/lang/invoke/MemberName 19 java/lang/invoke/MemberName 33 java/lang/invoke/DirectMethodHandle$Special methods 0
ciMethodData java/lang/invoke/Invokers$Holder linkToCallSite (Ljava/lang/Object;)Ljava/lang/Object; 2 40143 orig 80 0 0 0 0 0 0 0 0 0 0 0 0 0 0 0 0 0 0 0 0 0 0 0 0 0 0 0 0 0 0 0 0 0 0 0 0 0 0 0 0 0 0 0 0 0 0 0 0 0 0 0 0 0 0 0 0 0 0 0 0 0 0 0 0 0 0 0 0 0 0 0 0 0 0 0 0 0 0 0 0 data 42 0x10004 0x0 0x0 0x757c1c6a7880 0x3a4 0x0 0x0 0x4000a 0x94c9 0x3 0x0 0x757c1c6a7880 0x757c1c7f0440 0x90004 0x0 0x0 0x0 0x0 0x0 0x0 0xc000b 0x94ca 0x0 0x0 0x0 0x0 0x0 0x1 0x3 0x0 0x0 0x0 0x0 0x0 0x0 0x9 0x1 0x0 0xc 0x2 0x0 0x757c1c6a7880 oops 4 3 org/robolectric/internal/bytecode/MethodCallSite 11 org/robolectric/internal/bytecode/MethodCallSite 12 java/lang/invoke/BoundMethodHandle$Species_LLLL 41 org/robolectric/internal/bytecode/MethodCallSite methods 0
ciMethodData java/lang/invoke/DirectMethodHandle$Holder invokeStatic (Ljava/lang/Object;)Ljava/lang/Object; 2 40143 orig 80 0 0 0 0 0 0 0 0 0 0 0 0 0 0 0 0 0 0 0 0 0 0 0 0 0 0 0 0 0 0 0 0 0 0 0 0 0 0 0 0 0 0 0 0 0 0 0 0 0 0 0 0 0 0 0 0 0 0 0 0 0 0 0 0 0 0 0 0 0 0 0 0 0 0 0 0 0 0 0 0 data 32 0x1000a 0x94cf 0x3 0x0 0x757cb4004ae0 0x757cb4004c90 0x60004 0x0 0x0 0x0 0x0 0x0 0x0 0x9000a 0x94cf 0x3 0x0 0x757cb4004c90 0x3 0x0 0x0 0x0 0x0 0x0 0x0 0x9 0x1 0x0 0xc 0x2 0x0 0x757cb4004ae0 oops 4 4 java/lang/invoke/DirectMethodHandle 5 java/lang/invoke/MemberName 17 java/lang/invoke/MemberName 31 java/lang/invoke/DirectMethodHandle methods 0
ciMethodData java/lang/invoke/DelegatingMethodHandle$Holder delegate (Ljava/lang/Object;Ljava/lang/Object;)I 2 390559 orig 80 0 0 0 0 0 0 0 0 0 0 0 0 0 0 0 0 0 0 0 0 0 0 0 0 0 0 0 0 0 0 0 0 0 0 0 0 0 0 0 0 0 0 0 0 0 0 0 0 0 0 0 0 0 0 0 0 0 0 0 0 0 0 0 0 0 0 0 0 0 0 0 0 0 0 0 0 0 0 0 0 data 49 0x10004 0x0 0x0 0x757c1c7f3bf0 0x2036 0x0 0x0 0x4000b 0x0 0x0 0x757c1c7f3bf0 0x5ed97 0x0 0x0 0x1 0x757c1c796d00 0x90004 0x0 0x0 0x757c1c796d00 0x3 0x0 0x0 0xd000b 0x5ed95 0x0 0x0 0x0 0x0 0x0 0x2 0x1 0x3 0x0 0x0 0x0 0x0 0x0 0x0 0x9 0x2 0x0 0x0 0xc 0x4 0x0 0x757c1c7f3bf0 0x1 0x3 oops 5 3 java/lang/invoke/MethodHandleImpl$CountingWrapper 10 java/lang/invoke/MethodHandleImpl$CountingWrapper 15 java/lang/invoke/BoundMethodHandle$Species_LLLLL 19 java/lang/invoke/BoundMethodHandle$Species_LLLLL 46 java/lang/invoke/MethodHandleImpl$CountingWrapper methods 0
ciMethodData java/lang/invoke/DelegatingMethodHandle$Holder delegate (Ljava/lang/Object;Ljava/lang/Object;Ljava/lang/Object;)Ljava/lang/Object; 2 58673 orig 80 0 0 0 0 0 0 0 0 0 0 0 0 0 0 0 0 0 0 0 0 0 0 0 0 0 0 0 0 0 0 0 0 0 0 0 0 0 0 0 0 0 0 0 0 0 0 0 0 0 0 0 0 0 0 0 0 0 0 0 0 0 0 0 0 0 0 0 0 0 0 0 0 0 0 0 0 0 0 0 0 data 53 0x10004 0x0 0x0 0x757c1c7f3bf0 0x50e 0x0 0x0 0x4000b 0x0 0x0 0x757c1c7f3bf0 0xdd27 0x0 0x0 0x1 0x757c1c796d00 0x90004 0x0 0x0 0x0 0x0 0x0 0x0 0xe000b 0xdd27 0x0 0x0 0x0 0x0 0x0 0x5 0x1 0x2 0x2 0x2 0x3 0x0 0x0 0x0 0x0 0x0 0x0 0x9 0x3 0x0 0x0 0x0 0xc 0x4 0x0 0x757c1c7f3bf0 0x1 0x2 oops 4 3 java/lang/invoke/MethodHandleImpl$CountingWrapper 10 java/lang/invoke/MethodHandleImpl$CountingWrapper 15 java/lang/invoke/BoundMethodHandle$Species_LLLLL 50 java/lang/invoke/MethodHandleImpl$CountingWrapper methods 0
ciMethodData java/lang/invoke/DelegatingMethodHandle$Holder delegate (Ljava/lang/Object;Ljava/lang/Object;I)I 2 139399 orig 80 0 0 0 0 0 0 0 0 0 0 0 0 0 0 0 0 0 0 0 0 0 0 0 0 0 0 0 0 0 0 0 0 0 0 0 0 0 0 0 0 0 0 0 0 0 0 0 0 0 0 0 0 0 0 0 0 0 0 0 0 0 0 0 0 0 0 0 0 0 0 0 0 0 0 0 0 0 0 0 0 data 50 0x10004 0x0 0x0 0x757c1c7f3bf0 0x7af 0x0 0x0 0x4000b 0x0 0x0 0x757c1c7f3bf0 0x21887 0x0 0x0 0x1 0x757c1c796d00 0x90004 0x0 0x0 0x0 0x0 0x0 0x0 0xe000b 0x2188a 0x0 0x0 0x0 0x0 0x0 0x2 0x1 0x2 0x0 0x0 0x0 0x0 0x0 0x0 0x9 0x3 0x0 0x0 0x0 0xc 0x4 0x0 0x757c1c7f3bf0 0x1 0x2 oops 4 3 java/lang/invoke/MethodHandleImpl$CountingWrapper 10 java/lang/invoke/MethodHandleImpl$CountingWrapper 15 java/lang/invoke/BoundMethodHandle$Species_LLLLL 47 java/lang/invoke/MethodHandleImpl$CountingWrapper methods 0
ciMethodData java/lang/invoke/DelegatingMethodHandle$Holder delegate (Ljava/lang/Object;Ljava/lang/Object;)Ljava/lang/Object; 2 169956 orig 80 0 0 0 0 0 0 0 0 0 0 0 0 0 0 0 0 0 0 0 0 0 0 0 0 0 0 0 0 0 0 0 0 0 0 0 0 0 0 0 0 0 0 0 0 0 0 0 0 0 0 0 0 0 0 0 0 0 0 0 0 0 0 0 0 0 0 0 0 0 0 0 0 0 0 0 0 0 0 0 0 data 50 0x10004 0x0 0x0 0x757c1c7f3bf0 0x241d 0x0 0x0 0x4000b 0x0 0x0 0x757c1c7f3bf0 0x28f34 0x0 0x0 0x1 0x2 0x90004 0x0 0x0 0x0 0x0 0x0 0x0 0xd000b 0x28f37 0x0 0x0 0x0 0x0 0x0 0x3 0x1 0x2 0x3 0x0 0x0 0x0 0x0 0x0 0x0 0x9 0x2 0x0 0x0 0xc 0x4 0x0 0x757c1c7f3bf0 0x1 0x2 oops 3 3 java/lang/invoke/MethodHandleImpl$CountingWrapper 10 java/lang/invoke/MethodHandleImpl$CountingWrapper 47 java/lang/invoke/MethodHandleImpl$CountingWrapper methods 0
ciMethodData java/lang/invoke/DelegatingMethodHandle$Holder delegate (Ljava/lang/Object;)Ljava/lang/Object; 2 39304 orig 80 0 0 0 0 0 0 0 0 0 0 0 0 0 0 0 0 0 0 0 0 0 0 0 0 0 0 0 0 0 0 0 0 0 0 0 0 0 0 0 0 0 0 0 0 0 0 0 0 0 0 0 0 0 0 0 0 0 0 0 0 0 0 0 0 0 0 0 0 0 0 0 0 0 0 0 0 0 0 0 0 data 45 0x10004 0x0 0x0 0x757c1c7f3bf0 0x1 0x0 0x0 0x4000b 0x0 0x0 0x757c1c7f3bf0 0x9118 0x0 0x0 0x1 0x757c1c796d00 0x90004 0x0 0x0 0x757c1c796d00 0x1 0x0 0x0 0xc000b 0x9118 0x0 0x0 0x0 0x0 0x0 0x1 0x3 0x0 0x0 0x0 0x0 0x0 0x0 0x9 0x1 0x0 0xc 0x2 0x0 0x757c1c7f3bf0 oops 5 3 java/lang/invoke/MethodHandleImpl$CountingWrapper 10 java/lang/invoke/MethodHandleImpl$CountingWrapper 15 java/lang/invoke/BoundMethodHandle$Species_LLLLL 19 java/lang/invoke/BoundMethodHandle$Species_LLLLL 44 java/lang/invoke/MethodHandleImpl$CountingWrapper methods 0
ciMethodData java/lang/invoke/DirectMethodHandle$Holder invokeSpecial (Ljava/lang/Object;Ljava/lang/Object;Ljava/lang/Object;Ljava/lang/Object;)V 2 49031 orig 80 0 0 0 0 0 0 0 0 0 0 0 0 0 0 0 0 0 0 0 0 0 0 0 0 0 0 0 0 0 0 0 0 0 0 0 0 0 0 0 0 0 0 0 0 0 0 0 0 0 0 0 0 0 0 0 0 0 0 0 0 0 0 0 0 0 0 0 0 0 0 0 0 0 0 0 0 0 0 0 0 data 38 0x1000a 0xb783 0x3 0x0 0x2 0x757cb4004c90 0xb0004 0x0 0x0 0x757cb4004c90 0x2 0x0 0x0 0xe000a 0xb783 0x4 0x0 0x2 0x1 0x3 0x0 0x0 0x0 0x0 0x0 0x0 0x9 0x4 0x0 0x0 0x0 0x0 0xc 0x4 0x0 0x2 0x1 0x2 oops 2 5 java/lang/invoke/MemberName 9 java/lang/invoke/MemberName methods 0
ciMethodData java/lang/invoke/Invokers$Holder linkToCallSite (Ljava/lang/Object;ILjava/lang/Object;)Ljava/lang/Object; 2 73354 orig 80 0 0 0 0 0 0 0 0 0 0 0 0 0 0 0 0 0 0 0 0 0 0 0 0 0 0 0 0 0 0 0 0 0 0 0 0 0 0 0 0 0 0 0 0 0 0 0 0 0 0 0 0 0 0 0 0 0 0 0 0 0 0 0 0 0 0 0 0 0 0 0 0 0 0 0 0 0 0 0 0 data 48 0x10004 0x0 0x0 0x757c1c6a7880 0x1205 0x0 0x0 0x4000a 0x1164f 0x3 0x0 0x757c1c6a7880 0x757c1c7f0440 0x90004 0x0 0x0 0x757c1c7f0440 0x1 0x0 0x0 0xe000b 0x1164f 0x0 0x0 0x0 0x0 0x0 0x3 0x1 0x2 0x3 0x0 0x0 0x0 0x0 0x0 0x0 0x9 0x3 0x0 0x0 0x0 0xc 0x4 0x0 0x2 0x2 0x757c1c6a7880 oops 5 3 org/robolectric/internal/bytecode/MethodCallSite 11 org/robolectric/internal/bytecode/MethodCallSite 12 java/lang/invoke/BoundMethodHandle$Species_LLLL 16 java/lang/invoke/BoundMethodHandle$Species_LLLL 47 org/robolectric/internal/bytecode/MethodCallSite methods 0
ciMethod java/lang/invoke/LambdaForm$MH+0x0000757cd41f8800 guardWithCatch (Ljava/lang/Object;Ljava/lang/Object;)I 4110 0 390843 0 -1
ciMethod java/lang/invoke/LambdaForm$MH+0x0000757cd41f9800 guard (Ljava/lang/Object;Ljava/lang/Object;)I 4114 0 392269 0 -1
ciMethod java/lang/invoke/LambdaForm$MH+0x0000757cd41f9c00 linkToCallSite (Ljava/lang/Object;Ljava/lang/Object;)I 4110 0 390796 0 -1
ciMethodData java/lang/invoke/LambdaForm$MH+0x0000757cd41f9c00 linkToCallSite (Ljava/lang/Object;Ljava/lang/Object;)I 2 390798 orig 80 0 0 0 0 0 0 0 0 0 0 0 0 0 0 0 0 0 0 0 0 0 0 0 0 0 0 0 0 0 0 0 0 0 0 0 0 0 0 0 0 0 0 0 0 0 0 0 0 0 0 0 0 0 0 0 0 0 0 0 0 0 0 0 0 0 0 0 0 0 0 0 0 0 0 0 0 0 0 0 0 data 46 0x10004 0x0 0x0 0x757c1c6a7880 0x214d 0x0 0x0 0x4000a 0x5ee8d 0x3 0x0 0x757c1c6a7880 0x757c1c7f0440 0x90004 0x0 0x0 0x757c1c7f0440 0x1 0x0 0x0 0xd000b 0x5ee8c 0x0 0x0 0x0 0x0 0x0 0x2 0x1 0x3 0x0 0x0 0x0 0x0 0x0 0x0 0x9 0x2 0x0 0x0 0xc 0x4 0x0 0x3 0x1 0x757c1c6a7880 oops 5 3 org/robolectric/internal/bytecode/MethodCallSite 11 org/robolectric/internal/bytecode/MethodCallSite 12 java/lang/invoke/BoundMethodHandle$Species_LLLL 16 java/lang/invoke/BoundMethodHandle$Species_LLLL 45 org/robolectric/internal/bytecode/MethodCallSite methods 0
ciMethod java/lang/invoke/LambdaForm$MH+0x0000757cd41fa400 guardWithCatch (Ljava/lang/Object;Ljava/lang/Object;)Ljava/lang/Object; 4120 0 126201 0 -1
ciMethodData org/robolectric/util/PerfStatsCollector getInstance ()Lorg/robolectric/util/PerfStatsCollector; 2 95059 orig 80 0 0 0 0 0 0 0 0 0 0 0 0 125 117 0 0 0 0 0 0 0 0 0 0 0 0 0 0 0 0 0 0 0 0 0 0 0 0 0 0 0 0 0 0 0 0 0 0 0 0 0 0 0 0 0 0 0 0 0 0 0 0 0 0 0 0 0 0 0 0 0 0 0 0 0 0 0 0 0 0 data 4 0x0 0x0 0x9 0x0 oops 0 methods 0
ciMethod android/os/Looper $$robo$$android_os_Looper$getMainLooper ()Landroid/os/Looper; 514 0 991 0 0
ciMethod android/os/Looper $$robo$$android_os_Looper$myLooper ()Landroid/os/Looper; 768 0 30580 0 0
ciMethod android/os/Looper getMainLooper ()Landroid/os/Looper; 1858 0 1664 0 0
ciMethod android/os/Looper myLooper ()Landroid/os/Looper; 768 0 30576 0 0
ciMethod java/lang/invoke/LambdaForm$MH+0x0000757cd4209800 delegate (Ljava/lang/Object;Ljava/lang/Object;I)V 4168 0 94444 0 -1
ciMethodData java/lang/invoke/LambdaForm$MH+0x0000757cd4209800 delegate (Ljava/lang/Object;Ljava/lang/Object;I)V 2 94444 orig 80 0 0 0 0 0 0 0 0 0 0 0 0 0 0 0 0 0 0 0 0 0 0 0 0 0 0 0 0 0 0 0 0 0 0 0 0 0 0 0 0 0 0 0 0 0 0 0 0 0 0 0 0 0 0 0 0 0 0 0 0 0 0 0 0 0 0 0 0 0 0 0 0 0 0 0 0 0 0 0 0 data 50 0x10004 0x0 0x0 0x757c1c7f3bf0 0xf5a 0x0 0x0 0x4000b 0x0 0x0 0x757c1c7f3bf0 0x168c8 0x0 0x0 0x1 0x757c1c796d00 0x90004 0x0 0x0 0x757c1c796d00 0x1 0x0 0x0 0xe000b 0x168c7 0x0 0x0 0x0 0x0 0x0 0x2 0x1 0x2 0x0 0x0 0x0 0x0 0x0 0x0 0x9 0x3 0x0 0x0 0x0 0xc 0x4 0x0 0x757c1c7f3bf0 0x1 0x2 oops 5 3 java/lang/invoke/MethodHandleImpl$CountingWrapper 10 java/lang/invoke/MethodHandleImpl$CountingWrapper 15 java/lang/invoke/BoundMethodHandle$Species_LLLLL 19 java/lang/invoke/BoundMethodHandle$Species_LLLLL 47 java/lang/invoke/MethodHandleImpl$CountingWrapper methods 0
ciMethod java/lang/invoke/LambdaForm$DMH+0x0000757cd420a400 invokeSpecial (Ljava/lang/Object;Ljava/lang/Object;I)I 4112 0 118574 0 -1
ciMethodData java/lang/invoke/LambdaForm$DMH+0x0000757cd420a400 invokeSpecial (Ljava/lang/Object;Ljava/lang/Object;I)I 2 118574 orig 80 0 0 0 0 0 0 0 0 0 0 0 0 0 0 0 0 0 0 0 0 0 0 0 0 0 0 0 0 0 0 0 0 0 0 0 0 0 0 0 0 0 0 0 0 0 0 0 0 0 0 0 0 0 0 0 0 0 0 0 0 0 0 0 0 0 0 0 0 0 0 0 0 0 0 0 0 0 0 0 0 data 37 0x1000a 0x1c728 0x3 0x0 0x757c1c790ef0 0x757cb4004c90 0x80004 0x0 0x0 0x0 0x0 0x0 0x0 0xb000a 0x1c726 0x4 0x0 0x2 0x2 0x757cb4004c90 0x0 0x0 0x0 0x0 0x0 0x0 0x9 0x3 0x0 0x0 0x0 0xc 0x4 0x0 0x757c1c790ef0 0x1 0x2 oops 4 4 java/lang/invoke/DirectMethodHandle$Special 5 java/lang/invoke/MemberName 19 java/lang/invoke/MemberName 34 java/lang/invoke/DirectMethodHandle$Special methods 0
ciMethodData org/robolectric/util/PerfStatsCollector$$Lambda$62+0x0000757cd40b31f8 nanoTime ()J 2 25767 orig 80 0 0 0 0 0 0 0 0 0 0 0 0 0 0 0 0 0 0 0 0 0 0 0 0 0 0 0 0 0 0 0 0 0 0 0 0 0 0 0 0 0 0 0 0 0 0 0 0 0 0 0 0 0 0 0 0 0 0 0 0 0 0 0 0 0 0 0 0 0 0 0 0 0 0 0 0 0 0 0 0 data 11 0x2 0x6328 0x0 0x0 0x0 0x0 0x0 0x0 0x9 0x1 0x0 oops 0 methods 0
ciMethodData org/robolectric/util/PerfStatsCollector startEvent (Ljava/lang/String;)Lorg/robolectric/util/PerfStatsCollector$Event; 2 25752 orig 80 0 0 0 0 0 0 0 0 0 0 0 0 125 117 0 0 0 0 0 0 0 0 0 0 0 0 0 0 0 0 0 0 0 0 0 0 0 0 0 0 0 0 0 0 0 0 0 0 0 0 0 0 0 0 0 0 0 0 0 0 0 0 0 0 0 0 0 0 0 0 0 0 0 0 0 0 0 0 0 0 data 9 0x60002 0x6335 0x0 0x0 0x0 0x9 0x2 0x0 0x0 oops 0 methods 0
ciMethodData org/robolectric/util/PerfStatsCollector$Event <init> (Lorg/robolectric/util/PerfStatsCollector;Ljava/lang/String;)V 2 25752 orig 80 0 0 0 0 0 0 0 0 0 0 0 0 125 117 0 0 0 0 0 0 0 0 0 0 0 0 0 0 0 0 0 0 0 0 0 0 0 0 0 0 0 0 0 0 0 0 0 0 0 0 0 0 0 0 0 0 0 0 0 0 0 0 0 0 0 0 0 0 0 0 0 0 0 0 0 0 0 0 0 0 data 22 0x60002 0x6335 0x100002 0x6335 0x130005 0x0 0x0 0x757cb7518b20 0x6335 0x0 0x0 0x0 0x0 0x0 0x0 0x0 0x0 0x9 0x3 0xe 0x0 0x0 oops 1 7 org/robolectric/util/PerfStatsCollector$$Lambda$62+0x0000757cd40b31f8 methods 0
ciMethodData org/robolectric/util/PerfStatsCollector$Event finished (Z)V 2 8555 orig 80 0 0 0 0 0 0 0 0 0 0 0 0 125 117 0 0 0 0 0 0 0 0 0 0 0 0 0 0 0 0 0 0 0 0 0 0 0 0 0 0 0 0 0 0 0 0 0 0 0 0 0 0 0 0 0 0 0 0 0 0 0 0 0 0 0 0 0 0 0 0 0 0 0 0 0 0 0 0 0 0 data 72 0x40002 0x2009 0x70007 0x0 0x20 0x2009 0x1b0002 0x0 0x230002 0x0 0x270005 0x0 0x0 0x0 0x0 0x0 0x0 0x2c0004 0x0 0x0 0x0 0x0 0x0 0x0 0x330007 0x0 0x98 0x0 0x3a0002 0x0 0x430002 0x0 0x470002 0x0 0x4a0002 0x0 0x500005 0x0 0x0 0x0 0x0 0x0 0x0 0x5c0002 0x0 0x5f0005 0x0 0x0 0x0 0x0 0x0 0x0 0x690005 0x0 0x0 0x0 0x0 0x0 0x0 0x6e0003 0x0 0x18 0x0 0x0 0x0 0x0 0x0 0x0 0x9 0x2 0x0 0x0 oops 0 methods 0
ciMethod java/lang/invoke/LambdaForm$MH+0x0000757cd422d800 guardWithCatch (Ljava/lang/Object;Ljava/lang/Object;Ljava/lang/Object;Ljava/lang/Object;)V 4308 0 38777 0 -1
ciMethod java/lang/invoke/LambdaForm$MH+0x0000757cd422e400 invoke (Ljava/lang/Object;Ljava/lang/Object;Ljava/lang/Object;Ljava/lang/Object;)I 4098 0 85938 0 -1
ciMethod java/lang/invoke/LambdaForm$DMH+0x0000757cd422e800 invokeSpecial (Ljava/lang/Object;Ljava/lang/Object;Ljava/lang/Object;Ljava/lang/Object;Ljava/lang/Object;)I 714 0 36679 0 -1
ciMethodData java/lang/invoke/LambdaForm$DMH+0x0000757cd422e800 invokeSpecial (Ljava/lang/Object;Ljava/lang/Object;Ljava/lang/Object;Ljava/lang/Object;Ljava/lang/Object;)I 2 36679 orig 80 0 0 0 0 0 0 0 0 0 0 0 0 0 0 0 0 0 0 0 0 0 0 0 0 0 0 0 0 0 0 0 0 0 0 0 0 0 0 0 0 0 0 0 0 0 0 0 0 0 0 0 0 0 0 0 0 0 0 0 0 0 0 0 0 0 0 0 0 0 0 0 0 0 0 0 0 0 0 0 0 data 39 0x1000a 0x8de2 0x3 0x0 0x757c1c790ef0 0x757cb4004c90 0xd0004 0x0 0x0 0x757cb4004c90 0x84 0x0 0x0 0x10000a 0x8de2 0x4 0x0 0x2 0x1 0x757cb4002ac0 0x0 0x0 0x0 0x0 0x0 0x0 0x9 0x5 0x0 0x0 0x0 0x0 0x0 0xc 0x4 0x0 0x757c1c790ef0 0x1 0x2 oops 5 4 java/lang/invoke/DirectMethodHandle$Special 5 java/lang/invoke/MemberName 9 java/lang/invoke/MemberName 19 java/lang/String 36 java/lang/invoke/DirectMethodHandle$Special methods 0
ciMethod java/lang/invoke/LambdaForm$MH+0x0000757cd422f000 guard (Ljava/lang/Object;Ljava/lang/Object;Ljava/lang/Object;Ljava/lang/Object;)V 4310 0 38772 0 -1
ciMethod java/lang/invoke/LambdaForm$MH+0x0000757cd422f400 linkToCallSite (Ljava/lang/Object;Ljava/lang/Object;Ljava/lang/Object;Ljava/lang/Object;)V 4310 0 38770 0 -1
ciMethodData java/lang/invoke/LambdaForm$MH+0x0000757cd422f400 linkToCallSite (Ljava/lang/Object;Ljava/lang/Object;Ljava/lang/Object;Ljava/lang/Object;)V 2 38771 orig 80 0 0 0 0 0 0 0 0 0 0 0 0 0 0 0 0 0 0 0 0 0 0 0 0 0 0 0 0 0 0 0 0 0 0 0 0 0 0 0 0 0 0 0 0 0 0 0 0 0 0 0 0 0 0 0 0 0 0 0 0 0 0 0 0 0 0 0 0 0 0 0 0 0 0 0 0 0 0 0 0 data 50 0x10004 0x0 0x0 0x0 0x0 0x0 0x0 0x4000a 0x8f08 0x3 0x0 0x757c1c6a7880 0x757c1c7f0440 0xb0004 0x0 0x0 0x0 0x0 0x0 0x0 0x11000b 0x8f08 0x0 0x0 0x0 0x0 0x0 0x4 0x1 0x757ca97e8010 0x2 0x0 0x0 0x0 0x0 0x0 0x0 0x0 0x9 0x4 0x0 0x0 0x0 0x0 0xc 0x4 0x0 0x757ca97e8010 0x1 0x2 oops 4 11 org/robolectric/internal/bytecode/MethodCallSite 12 java/lang/invoke/BoundMethodHandle$Species_LLLL 29 android/database/sqlite/SQLiteConnection 47 android/database/sqlite/SQLiteConnection methods 0
ciMethod java/lang/invoke/LambdaForm$MH+0x0000757cd422f800 invoke (Ljava/lang/Object;)I 524 0 28406 0 -1
ciMethodData java/lang/invoke/LambdaForm$MH+0x0000757cd422f800 invoke (Ljava/lang/Object;)I 2 28406 orig 80 0 0 0 0 0 0 0 0 0 0 0 0 0 0 0 0 0 0 0 0 0 0 0 0 0 0 0 0 0 0 0 0 0 0 0 0 0 0 0 0 0 0 0 0 0 0 0 0 0 0 0 0 0 0 0 0 0 0 0 0 0 0 0 0 0 0 0 0 0 0 0 0 0 0 0 0 0 0 0 0 data 27 0x30004 0x0 0x0 0x0 0x0 0x0 0x0 0x80004 0x0 0x0 0x0 0x0 0x0 0x0 0x0 0x0 0x0 0x0 0x0 0x0 0x9 0x1 0x0 0xc 0x2 0x0 0x757c1c7f5df0 oops 1 26 java/lang/invoke/BoundMethodHandle$Species_I methods 0
ciMethod android/database/sqlite/SQLiteDatabase $$robo$$android_database_sqlite_SQLiteDatabase$getThreadSession ()Landroid/database/sqlite/SQLiteSession; 1024 0 72692 0 0
ciMethod android/database/sqlite/SQLiteDatabase $$robo$$android_database_sqlite_SQLiteDatabase$getThreadDefaultConnectionFlags (Z)I 1024 0 30409 0 0
ciMethod android/database/sqlite/SQLiteDatabase $$robo$$android_database_sqlite_SQLiteDatabase$isMainThread ()Z 1024 0 30411 0 0
ciMethod android/database/sqlite/SQLiteDatabase $$robo$$android_database_sqlite_SQLiteDatabase$beginTransaction ()V 130 0 5403 0 0
ciMethod android/database/sqlite/SQLiteDatabase $$robo$$android_database_sqlite_SQLiteDatabase$beginTransaction (Landroid/database/sqlite/SQLiteTransactionListener;Z)V 4150 0 10764 0 0
ciMethod android/database/sqlite/SQLiteDatabase $$robo$$android_database_sqlite_SQLiteDatabase$isReadOnly ()Z 518 0 7460 0 544
ciMethod android/database/sqlite/SQLiteDatabase $$robo$$android_database_sqlite_SQLiteDatabase$isReadOnlyLocked ()Z 4544 0 7460 0 0
ciMethod android/database/sqlite/SQLiteDatabase $$robo$$android_database_sqlite_SQLiteDatabase$isOpen ()Z 520 0 7909 0 480
ciMethod android/database/sqlite/SQLiteDatabase getThreadSession ()Landroid/database/sqlite/SQLiteSession; 1024 0 71138 0 0
ciMethod android/database/sqlite/SQLiteDatabase getThreadDefaultConnectionFlags (Z)I 1024 0 25603 0 0
ciMethod android/database/sqlite/SQLiteDatabase isMainThread ()Z 1024 0 30407 0 0
ciMethod android/database/sqlite/SQLiteDatabase beginTransaction ()V 128 0 5399 0 0
ciMethod android/database/sqlite/SQLiteDatabase beginTransaction (Landroid/database/sqlite/SQLiteTransactionListener;Z)V 2080 0 10763 0 0
ciMethod android/database/sqlite/SQLiteDatabase endTransaction ()V 474 0 9522 0 0
ciMethod android/database/sqlite/SQLiteDatabase setTransactionSuccessful ()V 342 0 9434 0 0
ciMethod android/database/sqlite/SQLiteDatabase reopenReadWrite ()V 0 0 1 0 0
ciMethod android/database/sqlite/SQLiteDatabase create (Landroid/database/sqlite/SQLiteDatabase$CursorFactory;)Landroid/database/sqlite/SQLiteDatabase; 2 0 19 0 0
ciMethod android/database/sqlite/SQLiteDatabase getVersion ()I 144 0 108 0 0
ciMethod android/database/sqlite/SQLiteDatabase setVersion (I)V 32 0 34 0 0
ciMethod android/database/sqlite/SQLiteDatabase isReadOnly ()Z 512 0 44585 0 0
ciMethod android/database/sqlite/SQLiteDatabase isReadOnlyLocked ()Z 520 0 7460 0 0
ciMethod android/database/sqlite/SQLiteDatabase isOpen ()Z 514 0 53714 0 0
ciMethod android/database/sqlite/SQLiteDatabase setMaxSqlCacheSize (I)V 68 0 34 0 -1
ciMethod android/database/sqlite/SQLiteClosable $$robo$$android_database_sqlite_SQLiteClosable$acquireReference ()V 4106 0 10304 0 416
ciMethod android/database/sqlite/SQLiteClosable acquireReference ()V 4124 0 147891 0 416
ciMethod android/database/sqlite/SQLiteClosable releaseReference ()V 4126 0 160488 0 448
ciMethod android/database/sqlite/SQLiteClosable close ()V 768 0 12946 0 0
ciMethodData java/lang/invoke/LambdaForm$MH+0x0000757cd418e800 invoke (Ljava/lang/Object;Ljava/lang/Object;)I 2 1272527 orig 80 0 0 0 0 0 0 0 0 0 0 0 0 0 0 0 0 0 0 0 0 0 0 0 0 0 0 0 0 0 0 0 0 0 0 0 0 0 0 0 0 0 0 0 0 0 0 0 0 0 0 0 0 0 0 0 0 0 0 0 0 0 0 0 0 0 0 0 0 0 0 0 0 0 0 0 0 0 0 0 0 data 72 0x10004 0x0 0x0 0x757c1c7f3b40 0x4e6d 0x0 0x0 0xb0004 0x0 0x0 0x757c1c7f3b40 0x4e6d 0x0 0x0 0xe000b 0x1369fd 0x0 0x0 0x0 0x0 0x0 0x1 0x757c1c7f5df0 0x190004 0x0 0x0 0x757c1c7f5df0 0x136a37 0x0 0x0 0x200004 0x0 0x0 0x757cb4004ed0 0x4e6d 0x0 0x0 0x23000a 0x136a45 0x4 0x0 0x757c1c7f5df0 0x1 0x757cb4004ed0 0x27000a 0x136a42 0x2 0x0 0x757c1c7f5df0 0x2b0005 0x136a67 0x0 0x0 0x0 0x0 0x0 0x0 0x0 0x0 0x0 0x0 0x0 0x9 0x2 0x0 0x0 0xc 0x4 0x0 0x757c1c7f3b40 0x1 0x3 oops 9 3 java/lang/invoke/BoundMethodHandle$Species_LL 10 java/lang/invoke/BoundMethodHandle$Species_LL 22 java/lang/invoke/BoundMethodHandle$Species_I 26 java/lang/invoke/BoundMethodHandle$Species_I 33 java/lang/invoke/MethodType 41 java/lang/invoke/BoundMethodHandle$Species_I 43 java/lang/invoke/MethodType 48 java/lang/invoke/BoundMethodHandle$Species_I 69 java/lang/invoke/BoundMethodHandle$Species_LL methods 0
ciMethod org/robolectric/util/PerfStatsCollector$ThrowingRunnable run ()V 0 0 1 0 -1
ciMethod java/lang/invoke/LambdaForm$MH+0x0000757cd4284800 guardWithCatch (Ljava/lang/Object;Ljava/lang/Object;Ljava/lang/Object;Ljava/lang/Object;Ljava/lang/Object;)V 772 0 30673 0 -1
ciMethod java/lang/invoke/LambdaForm$MH+0x0000757cd4285800 invoke (Ljava/lang/Object;Ljava/lang/Object;Ljava/lang/Object;Ljava/lang/Object;Ljava/lang/Object;)I 4204 0 71447 0 -1
ciMethod java/lang/invoke/LambdaForm$MH+0x0000757cd4286400 guard (Ljava/lang/Object;Ljava/lang/Object;Ljava/lang/Object;Ljava/lang/Object;Ljava/lang/Object;)V 770 0 30669 0 -1
ciMethod java/lang/invoke/LambdaForm$MH+0x0000757cd4286800 linkToCallSite (Ljava/lang/Object;Ljava/lang/Object;Ljava/lang/Object;Ljava/lang/Object;Ljava/lang/Object;)V 768 0 30668 0 -1
ciMethodData java/lang/invoke/LambdaForm$MH+0x0000757cd4286800 linkToCallSite (Ljava/lang/Object;Ljava/lang/Object;Ljava/lang/Object;Ljava/lang/Object;Ljava/lang/Object;)V 2 30668 orig 80 0 0 0 0 0 0 0 0 0 0 0 0 0 0 0 0 0 0 0 0 0 0 0 0 0 0 0 0 0 0 0 0 0 0 0 0 0 0 0 0 0 0 0 0 0 0 0 0 0 0 0 0 0 0 0 0 0 0 0 0 0 0 0 0 0 0 0 0 0 0 0 0 0 0 0 0 0 0 0 0 data 51 0x20004 0x0 0x0 0x757c1c6a7880 0x93a 0x0 0x0 0x5000a 0x764c 0x3 0x0 0x757c1c6a7880 0x757c1c7f0440 0xc0004 0x0 0x0 0x757c1c7f0440 0x1 0x0 0x0 0x13000b 0x764c 0x0 0x0 0x0 0x0 0x0 0x4 0x1 0x2 0x2 0x3 0x0 0x0 0x0 0x0 0x0 0x0 0x9 0x5 0x0 0x0 0x0 0x0 0x0 0xc 0x4 0x0 0x2 0x1 0x3 oops 4 3 org/robolectric/internal/bytecode/MethodCallSite 11 org/robolectric/internal/bytecode/MethodCallSite 12 java/lang/invoke/BoundMethodHandle$Species_LLLL 16 java/lang/invoke/BoundMethodHandle$Species_LLLL methods 0
ciMethod java/lang/invoke/LambdaForm$DMH+0x0000757cd4288000 invokeSpecial (Ljava/lang/Object;Ljava/lang/Object;Ljava/lang/Object;ILjava/lang/Object;)Ljava/lang/Object; 4110 0 25932 0 -1
ciMethodData java/lang/invoke/LambdaForm$DMH+0x0000757cd4288000 invokeSpecial (Ljava/lang/Object;Ljava/lang/Object;Ljava/lang/Object;ILjava/lang/Object;)Ljava/lang/Object; 2 25932 orig 80 0 0 0 0 0 0 0 0 0 0 0 0 0 0 0 0 0 0 0 0 0 0 0 0 0 0 0 0 0 0 0 0 0 0 0 0 0 0 0 0 0 0 0 0 0 0 0 0 0 0 0 0 0 0 0 0 0 0 0 0 0 0 0 0 0 0 0 0 0 0 0 0 0 0 0 0 0 0 0 0 data 40 0x1000a 0x5d45 0x3 0x0 0x757c1c790ef0 0x757cb4004c90 0xd0004 0x0 0x0 0x0 0x0 0x0 0x0 0x10000a 0x5d45 0x5 0x0 0x757c1c5857a0 0x1 0x757cb4002ac1 0x757ca97e8010 0x0 0x0 0x0 0x0 0x0 0x0 0x9 0x5 0x0 0x0 0x0 0x0 0x0 0xc 0x4 0x0 0x757c1c790ef0 0x1 0x757c1c5857a0 oops 7 4 java/lang/invoke/DirectMethodHandle$Special 5 java/lang/invoke/MemberName 17 android/database/sqlite/SQLiteConnectionPool 19 java/lang/String 20 android/database/sqlite/SQLiteConnection 37 java/lang/invoke/DirectMethodHandle$Special 39 android/database/sqlite/SQLiteConnectionPool methods 0
ciMethod java/lang/invoke/LambdaForm$MH+0x0000757cd4289800 delegate (Ljava/lang/Object;Ljava/lang/Object;Ljava/lang/Object;ILjava/lang/Object;)V 1262 0 25613 0 -1
ciMethodData java/lang/invoke/LambdaForm$MH+0x0000757cd4289800 delegate (Ljava/lang/Object;Ljava/lang/Object;Ljava/lang/Object;ILjava/lang/Object;)V 2 25613 orig 80 0 0 0 0 0 0 0 0 0 0 0 0 0 0 0 0 0 0 0 0 0 0 0 0 0 0 0 0 0 0 0 0 0 0 0 0 0 0 0 0 0 0 0 0 0 0 0 0 0 0 0 0 0 0 0 0 0 0 0 0 0 0 0 0 0 0 0 0 0 0 0 0 0 0 0 0 0 0 0 0 data 54 0x10004 0x0 0x0 0x0 0x0 0x0 0x0 0x4000b 0x0 0x0 0x757c1c7f3bf0 0x6196 0x0 0x0 0x1 0x757c1c796d00 0xb0004 0x0 0x0 0x0 0x0 0x0 0x0 0x13000b 0x6196 0x0 0x0 0x0 0x0 0x0 0x4 0x1 0x757c1c6f8ea0 0x2 0x0 0x0 0x0 0x0 0x0 0x0 0x0 0x9 0x5 0x0 0x0 0x0 0x0 0x0 0xc 0x4 0x0 0x757c1c7f3bf0 0x1 0x757c1c6f8ea0 oops 5 10 java/lang/invoke/MethodHandleImpl$CountingWrapper 15 java/lang/invoke/BoundMethodHandle$Species_LLLLL 32 android/database/sqlite/SQLiteSession 51 java/lang/invoke/MethodHandleImpl$CountingWrapper 53 android/database/sqlite/SQLiteSession methods 0
ciMethod java/lang/invoke/LambdaForm$MH+0x0000757cd428e400 guardWithCatch (Ljava/lang/Object;Ljava/lang/Object;Ljava/lang/Object;)Ljava/lang/Object; 4158 0 59882 0 -1
ciMethod java/lang/invoke/LambdaForm$MH+0x0000757cd428f400 guard (Ljava/lang/Object;Ljava/lang/Object;Ljava/lang/Object;)Ljava/lang/Object; 4174 0 59646 0 -1
ciMethod android/os/CancellationSignal throwIfCanceled ()V 0 0 1 0 -1
ciMethod android/os/CancellationSignal setOnCancelListener (Landroid/os/CancellationSignal$OnCancelListener;)V 0 0 1 0 -1
ciMethod java/lang/invoke/LambdaForm$MH+0x0000757cd42a4800 guardWithCatch (Ljava/lang/Object;Ljava/lang/Object;I)Ljava/lang/Object; 4214 0 73354 0 -1
ciMethod java/lang/invoke/LambdaForm$MH+0x0000757cd42a5800 guard (Ljava/lang/Object;Ljava/lang/Object;I)Ljava/lang/Object; 4210 0 73354 0 -1
ciMethod java/lang/invoke/LambdaForm$MH+0x0000757cd42a7400 linkToCallSite (Ljava/lang/Object;ILjava/lang/Object;Ljava/lang/Object;)Ljava/lang/Object; 512 0 9449 0 -1
ciMethod java/lang/invoke/LambdaForm$MH+0x0000757cd42c1000 delegate (Ljava/lang/Object;Ljava/lang/Object;Ljava/lang/Object;Ljava/lang/Object;Ljava/lang/Object;)I 592 0 36618 0 -1
ciMethodData java/lang/invoke/LambdaForm$MH+0x0000757cd42c1000 delegate (Ljava/lang/Object;Ljava/lang/Object;Ljava/lang/Object;Ljava/lang/Object;Ljava/lang/Object;)I 2 36619 orig 80 0 0 0 0 0 0 0 0 0 0 0 0 0 0 0 0 0 0 0 0 0 0 0 0 0 0 0 0 0 0 0 0 0 0 0 0 0 0 0 0 0 0 0 0 0 0 0 0 0 0 0 0 0 0 0 0 0 0 0 0 0 0 0 0 0 0 0 0 0 0 0 0 0 0 0 0 0 0 0 0 data 54 0x10004 0x0 0x0 0x757c1c7f3bf0 0x14c 0x0 0x0 0x4000b 0x0 0x0 0x757c1c7f3bf0 0x8de3 0x0 0x0 0x1 0x757c1c796d00 0xb0004 0x0 0x0 0x757c1c796d00 0x81 0x0 0x0 0x13000b 0x8de3 0x0 0x0 0x0 0x0 0x0 0x4 0x1 0x2 0x2 0x757cb4002ac0 0x0 0x0 0x0 0x0 0x0 0x0 0x9 0x5 0x0 0x0 0x0 0x0 0x0 0xc 0x4 0x0 0x757c1c7f3bf0 0x1 0x2 oops 6 3 java/lang/invoke/MethodHandleImpl$CountingWrapper 10 java/lang/invoke/MethodHandleImpl$CountingWrapper 15 java/lang/invoke/BoundMethodHandle$Species_LLLLL 19 java/lang/invoke/BoundMethodHandle$Species_LLLLL 34 java/lang/String 51 java/lang/invoke/MethodHandleImpl$CountingWrapper methods 0
ciMethodData java/lang/invoke/LambdaForm$MH+0x0000757cd4195c00 guard (Ljava/lang/Object;Ljava/lang/Object;)V 2 718685 orig 80 0 0 0 0 0 0 0 0 0 0 0 0 0 0 0 0 0 0 0 0 0 0 0 0 0 0 0 0 0 0 0 0 0 0 0 0 0 0 0 0 0 0 0 0 0 0 0 0 0 0 0 0 0 0 0 0 0 0 0 0 0 0 0 0 0 0 0 0 0 0 0 0 0 0 0 0 0 0 0 0 data 107 0x10004 0x0 0x0 0x757c1c7f0440 0x1fc4 0x0 0x0 0x1c0004 0x0 0x0 0x757c1c7f3b40 0x1fc4 0x0 0x0 0x20000b 0xaf65a 0x0 0x0 0x0 0x0 0x0 0x2 0x1 0x2 0x2b0004 0x0 0x0 0x757cb4013240 0x1fc4 0x0 0x0 0x2e000a 0xaf669 0x2 0x1 0x757cb4013240 0x370007 0x0 0xf8 0xaf652 0x3b0004 0x0 0x0 0x757c1c7f3bf0 0x1fc4 0x0 0x0 0x420004 0x0 0x0 0x0 0x0 0x0 0x0 0x46000b 0xaf65b 0x0 0x0 0x0 0x0 0x0 0x2 0x1 0x2 0x490003 0xaf71c 0xd8 0x4e0004 0x0 0x0 0x0 0x0 0x0 0x0 0x550004 0x0 0x0 0x0 0x0 0x0 0x0 0x59000b 0x0 0x0 0x0 0x0 0x0 0x0 0x2 0x1 0x0 0x0 0x0 0x0 0x0 0x0 0x0 0x9 0x2 0x0 0x0 0xc 0x4 0x0 0x757c1c7f0440 0x1 0x2 oops 6 3 java/lang/invoke/BoundMethodHandle$Species_LLLL 10 java/lang/invoke/BoundMethodHandle$Species_LL 27 [I 35 [I 43 java/lang/invoke/MethodHandleImpl$CountingWrapper 104 java/lang/invoke/BoundMethodHandle$Species_LLLL methods 0
ciMethod androidx/sqlite/db/SupportSQLiteOpenHelper$Callback onConfigure (Landroidx/sqlite/db/SupportSQLiteDatabase;)V 108 0 54 0 -1
ciMethod androidx/sqlite/db/SupportSQLiteOpenHelper$Callback onCreate (Landroidx/sqlite/db/SupportSQLiteDatabase;)V 0 0 1 0 -1
ciMethod androidx/sqlite/db/SupportSQLiteOpenHelper$Callback onUpgrade (Landroidx/sqlite/db/SupportSQLiteDatabase;II)V 0 0 1 0 -1
ciMethod androidx/sqlite/db/SupportSQLiteOpenHelper$Callback onDowngrade (Landroidx/sqlite/db/SupportSQLiteDatabase;II)V 0 0 1 0 -1
ciMethod androidx/sqlite/db/SupportSQLiteOpenHelper$Callback onOpen (Landroidx/sqlite/db/SupportSQLiteDatabase;)V 108 0 54 0 -1
ciMethod androidx/sqlite/db/framework/FrameworkSQLiteOpenHelper$OpenHelper getWrappedDb (Landroid/database/sqlite/SQLiteDatabase;)Landroidx/sqlite/db/framework/FrameworkSQLiteDatabase; 512 0 48412 0 -1
ciMethod androidx/sqlite/db/framework/FrameworkSQLiteOpenHelper$OpenHelper onCreate (Landroid/database/sqlite/SQLiteDatabase;)V 32 0 34 0 0
ciMethod androidx/sqlite/db/framework/FrameworkSQLiteOpenHelper$OpenHelper onUpgrade (Landroid/database/sqlite/SQLiteDatabase;II)V 0 0 1 0 0
ciMethod androidx/sqlite/db/framework/FrameworkSQLiteOpenHelper$OpenHelper onConfigure (Landroid/database/sqlite/SQLiteDatabase;)V 72 0 54 0 0
ciMethod androidx/sqlite/db/framework/FrameworkSQLiteOpenHelper$OpenHelper onDowngrade (Landroid/database/sqlite/SQLiteDatabase;II)V 0 0 1 0 0
ciMethod androidx/sqlite/db/framework/FrameworkSQLiteOpenHelper$OpenHelper onOpen (Landroid/database/sqlite/SQLiteDatabase;)V 72 0 54 0 0
ciMethod android/database/sqlite/SQLiteOpenHelper $$robo$$android_database_sqlite_SQLiteOpenHelper$getDatabaseLocked (Z)Landroid/database/sqlite/SQLiteDatabase; 4588 0 46332 0 -1
ciMethod android/database/sqlite/SQLiteOpenHelper onCreate (Landroid/database/sqlite/SQLiteDatabase;)V 0 0 1 0 -1
ciMethod android/database/sqlite/SQLiteOpenHelper onUpgrade (Landroid/database/sqlite/SQLiteDatabase;II)V 0 0 1 0 -1
ciMethod android/database/sqlite/SQLiteOpenHelper onConfigure (Landroid/database/sqlite/SQLiteDatabase;)V 0 0 1 0 -1
ciMethod android/database/sqlite/SQLiteOpenHelper onDowngrade (Landroid/database/sqlite/SQLiteDatabase;II)V 0 0 1 0 -1
ciMethod android/database/sqlite/SQLiteOpenHelper onOpen (Landroid/database/sqlite/SQLiteDatabase;)V 0 0 1 0 -1
ciMethod dalvik/system/BlockGuard getThreadPolicy ()Ldalvik/system/BlockGuard$Policy; 1396 0 1763 0 -1
ciMethod dalvik/system/BlockGuard$Policy onWriteToDisk ()V 0 0 1 0 -1
ciMethod dalvik/system/BlockGuard$Policy onReadFromDisk ()V 0 0 1 0 -1
ciMethod android/database/sqlite/SQLiteSession $$robo$$android_database_sqlite_SQLiteSession$beginTransaction (ILandroid/database/sqlite/SQLiteTransactionListener;ILandroid/os/CancellationSignal;)V 4122 0 10775 0 0
ciMethod android/database/sqlite/SQLiteSession $$robo$$android_database_sqlite_SQLiteSession$beginTransactionUnchecked (ILandroid/database/sqlite/SQLiteTransactionListener;ILandroid/os/CancellationSignal;)V 4186 0 10777 0 0
ciMethod android/database/sqlite/SQLiteSession $$robo$$android_database_sqlite_SQLiteSession$acquireConnection (Ljava/lang/String;ILandroid/os/CancellationSignal;)V 1024 0 30440 0 0
ciMethod android/database/sqlite/SQLiteSession $$robo$$android_database_sqlite_SQLiteSession$throwIfTransactionMarkedSuccessful ()V 4096 0 21551 0 0
ciMethod android/database/sqlite/SQLiteSession beginTransaction (ILandroid/database/sqlite/SQLiteTransactionListener;ILandroid/os/CancellationSignal;)V 4104 0 10764 0 0
ciMethod android/database/sqlite/SQLiteSession beginTransactionUnchecked (ILandroid/database/sqlite/SQLiteTransactionListener;ILandroid/os/CancellationSignal;)V 4162 0 10775 0 0
ciMethod android/database/sqlite/SQLiteSession acquireConnection (Ljava/lang/String;ILandroid/os/CancellationSignal;)V 1024 0 25641 0 0
ciMethod android/database/sqlite/SQLiteSession releaseConnection ()V 4152 0 25705 0 0
ciMethod android/database/sqlite/SQLiteSession throwIfTransactionMarkedSuccessful ()V 1630 0 19625 0 0
ciMethod android/database/sqlite/SQLiteSession obtainTransaction (ILandroid/database/sqlite/SQLiteTransactionListener;)Landroid/database/sqlite/SQLiteSession$Transaction; 1084 0 9084 0 0
ciMethod android/database/sqlite/SQLiteTransactionListener onBegin ()V 0 0 1 0 -1
ciMethod java/lang/invoke/LambdaForm$MH+0x0000757cd4337400 guardWithCatch (Ljava/lang/Object;Ljava/lang/Object;Ljava/lang/Object;ILjava/lang/Object;)Ljava/lang/Object; 820 0 25986 0 -1
ciMethod java/lang/invoke/LambdaForm$MH+0x0000757cd4338000 invoke (Ljava/lang/Object;Ljava/lang/Object;Ljava/lang/Object;ILjava/lang/Object;)I 4098 0 51639 0 -1
ciMethod java/lang/invoke/LambdaForm$MH+0x0000757cd4338c00 guard (Ljava/lang/Object;Ljava/lang/Object;Ljava/lang/Object;ILjava/lang/Object;)Ljava/lang/Object; 4098 0 25982 0 -1
ciMethod java/lang/invoke/LambdaForm$MH+0x0000757cd4339000 linkToCallSite (Ljava/lang/Object;Ljava/lang/Object;ILjava/lang/Object;Ljava/lang/Object;)Ljava/lang/Object; 1136 0 25982 0 -1
ciMethodData java/lang/invoke/LambdaForm$MH+0x0000757cd4339000 linkToCallSite (Ljava/lang/Object;Ljava/lang/Object;ILjava/lang/Object;Ljava/lang/Object;)Ljava/lang/Object; 2 25982 orig 80 0 0 0 0 0 0 0 0 0 0 0 0 0 0 0 0 0 0 0 0 0 0 0 0 0 0 0 0 0 0 0 0 0 0 0 0 0 0 0 0 0 0 0 0 0 0 0 0 0 0 0 0 0 0 0 0 0 0 0 0 0 0 0 0 0 0 0 0 0 0 0 0 0 0 0 0 0 0 0 0 data 52 0x20004 0x0 0x0 0x0 0x0 0x0 0x0 0x5000a 0x6346 0x3 0x0 0x757c1c6a7880 0x757c1c7f0440 0xc0004 0x0 0x0 0x0 0x0 0x0 0x0 0x13000b 0x6346 0x0 0x0 0x0 0x0 0x0 0x5 0x1 0x757c1c5857a0 0x2 0x757cb4002ac1 0x757ca97e8010 0x0 0x0 0x0 0x0 0x0 0x0 0x9 0x5 0x0 0x0 0x0 0x0 0x0 0xc 0x4 0x0 0x757c1c5857a0 0x1 0x757cb4002ac1 oops 7 11 org/robolectric/internal/bytecode/MethodCallSite 12 java/lang/invoke/BoundMethodHandle$Species_LLLL 29 android/database/sqlite/SQLiteConnectionPool 31 java/lang/String 32 android/database/sqlite/SQLiteConnection 49 android/database/sqlite/SQLiteConnectionPool 51 java/lang/String methods 0
ciMethod android/database/sqlite/SQLiteDatabaseConfiguration isInMemoryDb ()Z 1828 0 7113 0 -1
ciMethod android/database/sqlite/SQLiteConnectionPool $$robo$$android_database_sqlite_SQLiteConnectionPool$acquireConnection (Ljava/lang/String;ILandroid/os/CancellationSignal;)Landroid/database/sqlite/SQLiteConnection; 512 0 12966 0 0
ciMethod android/database/sqlite/SQLiteConnectionPool $$robo$$android_database_sqlite_SQLiteConnectionPool$waitForConnection (Ljava/lang/String;ILandroid/os/CancellationSignal;)Landroid/database/sqlite/SQLiteConnection; 514 0 12968 0 -1
ciMethod android/database/sqlite/SQLiteConnectionPool acquireConnection (Ljava/lang/String;ILandroid/os/CancellationSignal;)Landroid/database/sqlite/SQLiteConnection; 512 0 12964 0 0
ciMethod android/database/sqlite/SQLiteConnectionPool waitForConnection (Ljava/lang/String;ILandroid/os/CancellationSignal;)Landroid/database/sqlite/SQLiteConnection; 512 0 12966 0 0
ciMethod android/database/sqlite/SQLiteConnectionPool logConnectionPoolBusyLocked (JI)V 0 0 1 0 -1
ciMethod android/database/sqlite/SQLiteConnectionPool wakeConnectionWaitersLocked ()V 778 0 11104 0 -1
ciMethod android/database/sqlite/SQLiteConnectionPool tryAcquirePrimaryConnectionLocked (I)Landroid/database/sqlite/SQLiteConnection; 380 0 17367 0 -1
ciMethod android/database/sqlite/SQLiteConnectionPool tryAcquireNonPrimaryConnectionLocked (Ljava/lang/String;I)Landroid/database/sqlite/SQLiteConnection; 356 0 1998 0 -1
ciMethod android/database/sqlite/SQLiteConnectionPool getPriority (I)I 0 0 4837 0 -1
ciMethod android/database/sqlite/SQLiteConnectionPool throwIfClosedLocked ()V 768 0 17892 0 -1
ciMethod android/database/sqlite/SQLiteConnectionPool obtainConnectionWaiterLocked (Ljava/lang/Thread;JIZLjava/lang/String;I)Landroid/database/sqlite/SQLiteConnectionPool$ConnectionWaiter; 0 0 4837 0 -1
ciMethod android/database/sqlite/SQLiteConnectionPool recycleConnectionWaiterLocked (Landroid/database/sqlite/SQLiteConnectionPool$ConnectionWaiter;)V 0 0 4837 0 -1
ciMethod android/database/sqlite/SQLiteConnection $$robo$$android_database_sqlite_SQLiteConnection$execute (Ljava/lang/String;[Ljava/lang/Object;Landroid/os/CancellationSignal;)V 4272 0 21901 0 0
ciMethod android/database/sqlite/SQLiteConnection $$robo$$android_database_sqlite_SQLiteConnection$acquirePreparedStatement (Ljava/lang/String;)Landroid/database/sqlite/SQLiteConnection$PreparedStatement; 792 0 10802 0 17280
ciMethod android/database/sqlite/SQLiteConnection $$robo$$android_database_sqlite_SQLiteConnection$releasePreparedStatement (Landroid/database/sqlite/SQLiteConnection$PreparedStatement;)V 1024 0 10823 0 1824
ciMethod android/database/sqlite/SQLiteConnection $$robo$$android_database_sqlite_SQLiteConnection$finalizePreparedStatement (Landroid/database/sqlite/SQLiteConnection$PreparedStatement;)V 770 0 6590 0 1184
ciMethod android/database/sqlite/SQLiteConnection $$robo$$android_database_sqlite_SQLiteConnection$attachCancellationSignal (Landroid/os/CancellationSignal;)V 776 0 6774 0 96
ciMethod android/database/sqlite/SQLiteConnection $$robo$$android_database_sqlite_SQLiteConnection$detachCancellationSignal (Landroid/os/CancellationSignal;)V 1024 0 6777 0 96
ciMethod android/database/sqlite/SQLiteConnection $$robo$$android_database_sqlite_SQLiteConnection$bindArguments (Landroid/database/sqlite/SQLiteConnection$PreparedStatement;[Ljava/lang/Object;)V 768 124 5679 0 2976
ciMethod android/database/sqlite/SQLiteConnection $$robo$$android_database_sqlite_SQLiteConnection$throwIfStatementForbidden (Landroid/database/sqlite/SQLiteConnection$PreparedStatement;)V 768 0 5804 0 96
ciMethod android/database/sqlite/SQLiteConnection $$robo$$android_database_sqlite_SQLiteConnection$applyBlockGuardPolicy (Landroid/database/sqlite/SQLiteConnection$PreparedStatement;)V 772 0 6757 0 3200
ciMethod android/database/sqlite/SQLiteConnection $$robo$$android_database_sqlite_SQLiteConnection$recyclePreparedStatement (Landroid/database/sqlite/SQLiteConnection$PreparedStatement;)V 804 0 1906 0 672
ciMethod android/database/sqlite/SQLiteConnection access$500 ()[B 0 0 1861 0 -1
ciMethod android/database/sqlite/SQLiteConnection nativePrepareStatement (JLjava/lang/String;)J 1006 0 9347 0 -1
ciMethod android/database/sqlite/SQLiteConnection nativeFinalizeStatement (JJ)V 772 0 6590 0 0
ciMethod android/database/sqlite/SQLiteConnection nativeGetParameterCount (JJ)I 1006 0 9347 0 -1
ciMethod android/database/sqlite/SQLiteConnection nativeIsReadOnly (JJ)Z 1000 0 9347 0 -1
ciMethod android/database/sqlite/SQLiteConnection nativeBindNull (JJI)V 4114 0 4768 0 -1
ciMethod android/database/sqlite/SQLiteConnection nativeBindLong (JJIJ)V 3858 0 2704 0 -1
ciMethod android/database/sqlite/SQLiteConnection nativeBindDouble (JJID)V 0 0 1 0 -1
ciMethod android/database/sqlite/SQLiteConnection nativeBindString (JJILjava/lang/String;)V 4174 0 4757 0 -1
ciMethod android/database/sqlite/SQLiteConnection nativeBindBlob (JJI[B)V 3026 0 2030 0 -1
ciMethod android/database/sqlite/SQLiteConnection nativeResetStatementAndClearBindings (JJ)V 328 0 4190 0 0
ciMethod android/database/sqlite/SQLiteConnection nativeExecute (JJ)V 1024 0 20278 0 0
ciMethod android/database/sqlite/SQLiteConnection nativeResetCancel (JZ)V 0 0 1 0 -1
ciMethod android/database/sqlite/SQLiteConnection execute (Ljava/lang/String;[Ljava/lang/Object;Landroid/os/CancellationSignal;)V 2986 0 18561 0 0
ciMethod android/database/sqlite/SQLiteConnection acquirePreparedStatement (Ljava/lang/String;)Landroid/database/sqlite/SQLiteConnection$PreparedStatement; 4278 0 37509 0 0
ciMethod android/database/sqlite/SQLiteConnection releasePreparedStatement (Landroid/database/sqlite/SQLiteConnection$PreparedStatement;)V 1024 0 37509 0 0
ciMethod android/database/sqlite/SQLiteConnection finalizePreparedStatement (Landroid/database/sqlite/SQLiteConnection$PreparedStatement;)V 768 0 16498 0 0
ciMethod android/database/sqlite/SQLiteConnection attachCancellationSignal (Landroid/os/CancellationSignal;)V 772 0 31859 0 0
ciMethod android/database/sqlite/SQLiteConnection detachCancellationSignal (Landroid/os/CancellationSignal;)V 1024 0 31859 0 0
ciMethod android/database/sqlite/SQLiteConnection bindArguments (Landroid/database/sqlite/SQLiteConnection$PreparedStatement;[Ljava/lang/Object;)V 768 0 31859 0 0
ciMethod android/database/sqlite/SQLiteConnection throwIfStatementForbidden (Landroid/database/sqlite/SQLiteConnection$PreparedStatement;)V 768 0 31859 0 0
ciMethod android/database/sqlite/SQLiteConnection isCacheable (I)Z 1000 0 9347 0 -1
ciMethod android/database/sqlite/SQLiteConnection applyBlockGuardPolicy (Landroid/database/sqlite/SQLiteConnection$PreparedStatement;)V 772 0 31859 0 0
ciMethod android/database/sqlite/SQLiteConnection obtainPreparedStatement (Ljava/lang/String;JIIZ)Landroid/database/sqlite/SQLiteConnection$PreparedStatement; 1000 0 9347 0 -1
ciMethod android/database/sqlite/SQLiteConnection recyclePreparedStatement (Landroid/database/sqlite/SQLiteConnection$PreparedStatement;)V 776 0 6590 0 0
ciMethodData java/lang/invoke/LambdaForm$MH+0x0000757cd418fc00 guard (Ljava/lang/Object;Ljava/lang/Object;)Ljava/lang/Object; 2 168874 orig 80 0 0 0 0 0 0 0 0 0 0 0 0 0 0 0 0 0 0 0 0 0 0 0 0 0 0 0 0 0 0 0 0 0 0 0 0 0 0 0 0 0 0 0 0 0 0 0 0 0 0 0 0 0 0 0 0 0 0 0 0 0 0 0 0 0 0 0 0 0 0 0 0 0 0 0 0 0 0 0 0 data 109 0x10004 0x0 0x0 0x757c1c7f0440 0x206f 0x0 0x0 0x1c0004 0x0 0x0 0x757c1c7f3b40 0x206e 0x0 0x0 0x20000b 0x28ba1 0x0 0x0 0x0 0x0 0x0 0x2 0x1 0x3 0x2b0004 0x0 0x0 0x757cb4013240 0x206f 0x0 0x0 0x2e000a 0x28b93 0x2 0x1 0x757cb4013240 0x370007 0x0 0x100 0x28ba0 0x3b0004 0x0 0x0 0x757c1c7f3bf0 0x206f 0x0 0x0 0x420004 0x0 0x0 0x0 0x0 0x0 0x0 0x46000b 0x28ba1 0x0 0x0 0x0 0x0 0x0 0x3 0x1 0x3 0x3 0x490003 0x28b9d 0xe0 0x4e0004 0x0 0x0 0x0 0x0 0x0 0x0 0x550004 0x0 0x0 0x0 0x0 0x0 0x0 0x59000b 0x0 0x0 0x0 0x0 0x0 0x0 0x3 0x1 0x0 0x0 0x0 0x0 0x0 0x0 0x0 0x0 0x9 0x2 0x0 0x0 0xc 0x4 0x0 0x757c1c7f0440 0x1 0x3 oops 6 3 java/lang/invoke/BoundMethodHandle$Species_LLLL 10 java/lang/invoke/BoundMethodHandle$Species_LL 27 [I 35 [I 43 java/lang/invoke/MethodHandleImpl$CountingWrapper 106 java/lang/invoke/BoundMethodHandle$Species_LLLL methods 0
ciMethod org/robolectric/shadows/ShadowNativeSQLiteConnection nativeFinalizeStatement (JJ)V 804 0 6590 0 416
ciMethod org/robolectric/shadows/ShadowNativeSQLiteConnection nativeExecute (JJ)V 4272 0 21931 0 0
ciMethod org/robolectric/shadows/ShadowNativeSQLiteConnection nativeResetStatementAndClearBindings (JJ)V 328 0 4190 0 0
ciMethod org/robolectric/shadows/ShadowNativeSQLiteConnection lambda$nativeResetStatementAndClearBindings$19 (JJ)V 1024 0 4190 0 0
ciMethod org/robolectric/shadows/ShadowNativeSQLiteConnection lambda$nativeExecute$9 (JJ)V 4402 0 2364 0 96
ciMethod org/robolectric/shadows/ShadowNativeSQLiteConnection lambda$nativeFinalizeStatement$3 (JJ)V 1024 0 6590 0 0
ciMethod android/database/sqlite/SQLiteConnection$OperationLog $$robo$$android_database_sqlite_SQLiteConnection_OperationLog$beginOperation (Ljava/lang/String;Ljava/lang/String;[Ljava/lang/Object;)I 4192 334 6812 0 11136
ciMethod android/database/sqlite/SQLiteConnection$OperationLog $$robo$$android_database_sqlite_SQLiteConnection_OperationLog$endOperation (I)V 516 0 35453 0 0
ciMethod android/database/sqlite/SQLiteConnection$OperationLog $$robo$$android_database_sqlite_SQLiteConnection_OperationLog$endOperationDeferLogLocked (I)Z 588 0 7589 0 1632
ciMethod android/database/sqlite/SQLiteConnection$OperationLog $$robo$$android_database_sqlite_SQLiteConnection_OperationLog$getOperationLocked (I)Landroid/database/sqlite/SQLiteConnection$Operation; 4146 0 7589 0 0
ciMethod android/database/sqlite/SQLiteConnection$OperationLog beginOperation (Ljava/lang/String;Ljava/lang/String;[Ljava/lang/Object;)I 4154 0 37597 0 0
ciMethod android/database/sqlite/SQLiteConnection$OperationLog failOperation (ILjava/lang/Exception;)V 0 0 1 0 0
ciMethod android/database/sqlite/SQLiteConnection$OperationLog endOperation (I)V 4098 0 30581 0 0
ciMethod android/database/sqlite/SQLiteConnection$OperationLog endOperationDeferLogLocked (I)Z 1542 0 42496 0 0
ciMethod android/database/sqlite/SQLiteConnection$OperationLog logOperationLocked (ILjava/lang/String;)V 0 0 1 0 -1
ciMethod android/database/sqlite/SQLiteConnection$OperationLog newOperationCookieLocked (I)I 542 0 4972 0 -1
ciMethod android/database/sqlite/SQLiteConnection$OperationLog getOperationLocked (I)Landroid/database/sqlite/SQLiteConnection$Operation; 870 0 7589 0 0
ciMethod android/database/sqlite/SQLiteConnection$Operation <init> (Landroid/database/sqlite/SQLiteConnection$1;)V 226 0 337 0 -1
ciMethod android/database/sqlite/SQLiteDebug shouldLogSlowQuery (J)Z 0 0 1 0 -1
ciMethod android/util/LruCache get (Ljava/lang/Object;)Ljava/lang/Object; 1024 0 10802 0 -1
ciMethod android/util/LruCache put (Ljava/lang/Object;Ljava/lang/Object;)Ljava/lang/Object; 160 0 2727 0 -1
ciMethod android/util/LruCache remove (Ljava/lang/Object;)Ljava/lang/Object; 0 0 1 0 0
ciMethod org/robolectric/nativeruntime/SQLiteConnectionNatives nativeFinalizeStatement (JJ)V 256 0 128 0 -1
ciMethod org/robolectric/nativeruntime/SQLiteConnectionNatives nativeResetStatementAndClearBindings (JJ)V 256 0 128 0 -1
ciMethod org/robolectric/nativeruntime/SQLiteConnectionNatives nativeExecute (JJZ)V 256 0 128 0 -1
ciMethod org/robolectric/shadows/ShadowSystem currentTimeMillis ()J 1430 0 12561 0 0
ciMethod java/lang/invoke/LambdaForm$MH+0x0000757cd435c000 guardWithCatch (Ljava/lang/Object;Ljava/lang/Object;Ljava/lang/Object;Ljava/lang/Object;Ljava/lang/Object;)I 714 0 36679 0 -1
ciMethod java/lang/invoke/LambdaForm$MH+0x0000757cd435d800 guard (Ljava/lang/Object;Ljava/lang/Object;Ljava/lang/Object;Ljava/lang/Object;Ljava/lang/Object;)I 1376 0 36674 0 -1
ciMethod java/lang/invoke/LambdaForm$MH+0x0000757cd435dc00 linkToCallSite (Ljava/lang/Object;Ljava/lang/Object;Ljava/lang/Object;Ljava/lang/Object;Ljava/lang/Object;)I 1376 0 36672 0 -1
ciMethodData java/lang/invoke/LambdaForm$MH+0x0000757cd435dc00 linkToCallSite (Ljava/lang/Object;Ljava/lang/Object;Ljava/lang/Object;Ljava/lang/Object;Ljava/lang/Object;)I 2 36673 orig 80 0 0 0 0 0 0 0 0 0 0 0 0 0 0 0 0 0 0 0 0 0 0 0 0 0 0 0 0 0 0 0 0 0 0 0 0 0 0 0 0 0 0 0 0 0 0 0 0 0 0 0 0 0 0 0 0 0 0 0 0 0 0 0 0 0 0 0 0 0 0 0 0 0 0 0 0 0 0 0 0 data 51 0x20004 0x0 0x0 0x0 0x0 0x0 0x0 0x5000a 0x8c91 0x3 0x0 0x757c1c6a7880 0x757c1c7f0440 0xc0004 0x0 0x0 0x0 0x0 0x0 0x0 0x13000b 0x8c91 0x0 0x0 0x0 0x0 0x0 0x4 0x1 0x2 0x2 0x0 0x0 0x0 0x0 0x0 0x0 0x0 0x9 0x5 0x0 0x0 0x0 0x0 0x0 0xc 0x4 0x0 0x2 0x1 0x757cb4002ac0 oops 3 11 org/robolectric/internal/bytecode/MethodCallSite 12 java/lang/invoke/BoundMethodHandle$Species_LLLL 50 java/lang/String methods 0
ciMethod java/lang/invoke/LambdaForm$MH+0x0000757cd435e400 linkToTargetMethod (Ljava/lang/Object;)J 1442 0 12561 0 -1
ciMethodData java/lang/invoke/LambdaForm$MH+0x0000757cd435e400 linkToTargetMethod (Ljava/lang/Object;)J 2 12561 orig 80 0 0 0 0 0 0 0 0 0 0 0 0 0 0 0 0 0 0 0 0 0 0 0 0 0 0 0 0 0 0 0 0 0 0 0 0 0 0 0 0 0 0 0 0 0 0 0 0 0 0 0 0 0 0 0 0 0 0 0 0 0 0 0 0 0 0 0 0 0 0 0 0 0 0 0 0 0 0 0 0 data 27 0x10004 0x0 0x0 0x757cb4004ae0 0x1 0x0 0x0 0x40005 0x2e40 0x0 0x0 0x0 0x0 0x0 0x0 0x0 0x0 0x0 0x0 0x0 0x9 0x1 0x0 0xc 0x2 0x0 0x757cb4004ae0 oops 2 3 java/lang/invoke/DirectMethodHandle 26 java/lang/invoke/DirectMethodHandle methods 0
ciMethod android/os/SystemClock uptimeMillis ()J 770 0 17068 0 0
ciMethod org/robolectric/shadows/ShadowLegacySystemClock currentTimeMillis ()J 0 0 1 0 -1
ciMethod java/lang/invoke/LambdaForm$MH+0x0000757cd4367400 invoke (Ljava/lang/Object;JJ)I 4190 0 60629 0 -1
ciMethod java/lang/invoke/LambdaForm$DMH+0x0000757cd4368800 newInvokeSpecial (Ljava/lang/Object;JJ)Ljava/lang/Object; 4290 0 55833 0 -1
ciMethodData java/lang/invoke/LambdaForm$DMH+0x0000757cd4368800 newInvokeSpecial (Ljava/lang/Object;JJ)Ljava/lang/Object; 2 55834 orig 80 0 0 0 0 0 0 0 0 0 0 0 0 0 0 0 0 0 0 0 0 0 0 0 0 0 0 0 0 0 0 0 0 0 0 0 0 0 0 0 0 0 0 0 0 0 0 0 0 0 0 0 0 0 0 0 0 0 0 0 0 0 0 0 0 0 0 0 0 0 0 0 0 0 0 0 0 0 0 0 0 data 43 0x1000a 0xd1b9 0x3 0x0 0x757cb75369c0 0x2 0x7000a 0xd1b9 0x3 0x0 0x757cb75369c0 0x757cb4004c90 0x120004 0x0 0x0 0x0 0x0 0x0 0x0 0x15000a 0xd1b9 0x4 0x0 0x2 0x5 0x757cb4004c90 0x0 0x0 0x0 0x0 0x0 0x0 0x9 0x5 0x0 0x0 0x0 0x0 0x0 0xc 0x2 0x0 0x757cb75369c0 oops 5 4 java/lang/invoke/DirectMethodHandle$Constructor 10 java/lang/invoke/DirectMethodHandle$Constructor 11 java/lang/invoke/MemberName 25 java/lang/invoke/MemberName 42 java/lang/invoke/DirectMethodHandle$Constructor methods 0
ciMethod android/database/DatabaseUtils getTypeOfObject (Ljava/lang/Object;)I 124 0 14259 0 -1
ciMethod android/database/DatabaseUtils getSqlStatementType (Ljava/lang/String;)I 4128 0 29562 0 -1
ciMethod org/robolectric/shadows/ShadowNativeSQLiteConnection$$Lambda$141+0x0000757cd436ce88 <init> (JJ)V 1024 0 6590 0 0
ciMethod org/robolectric/shadows/ShadowNativeSQLiteConnection$$Lambda$141+0x0000757cd436ce88 run ()V 1024 0 6590 0 0
ciMethod java/lang/invoke/LambdaForm$DMH+0x0000757cd4373800 invokeStatic (Ljava/lang/Object;JJ)V 3802 0 31087 0 -1
ciMethodData java/lang/invoke/LambdaForm$DMH+0x0000757cd4373800 invokeStatic (Ljava/lang/Object;JJ)V 2 31087 orig 80 0 0 0 0 0 0 0 0 0 0 0 0 0 0 0 0 0 0 0 0 0 0 0 0 0 0 0 0 0 0 0 0 0 0 0 0 0 0 0 0 0 0 0 0 0 0 0 0 0 0 0 0 0 0 0 0 0 0 0 0 0 0 0 0 0 0 0 0 0 0 0 0 0 0 0 0 0 0 0 0 data 35 0x1000a 0x7202 0x3 0x0 0x757cb4004ae0 0x757cb4004c90 0xa0004 0x0 0x0 0x0 0x0 0x0 0x0 0xd000a 0x7202 0x2 0x4 0x757cb4004c90 0x0 0x0 0x0 0x0 0x0 0x0 0x9 0x5 0x0 0x0 0x0 0x0 0x0 0xc 0x2 0x0 0x757cb4004ae0 oops 4 4 java/lang/invoke/DirectMethodHandle 5 java/lang/invoke/MemberName 17 java/lang/invoke/MemberName 34 java/lang/invoke/DirectMethodHandle methods 0
ciMethod java/lang/invoke/LambdaForm$MH+0x0000757cd4374400 guardWithCatch (Ljava/lang/Object;JJ)V 3802 0 31086 0 -1
ciMethod java/lang/invoke/LambdaForm$MH+0x0000757cd4376000 guard (Ljava/lang/Object;JJ)V 2470 0 31085 0 -1
ciMethod java/lang/invoke/LambdaForm$MH+0x0000757cd4376400 linkToCallSite (JJLjava/lang/Object;)V 2472 0 31085 0 -1
ciMethodData java/lang/invoke/LambdaForm$MH+0x0000757cd4376400 linkToCallSite (JJLjava/lang/Object;)V 2 31085 orig 80 0 0 0 0 0 0 0 0 0 0 0 0 0 0 0 0 0 0 0 0 0 0 0 0 0 0 0 0 0 0 0 0 0 0 0 0 0 0 0 0 0 0 0 0 0 0 0 0 0 0 0 0 0 0 0 0 0 0 0 0 0 0 0 0 0 0 0 0 0 0 0 0 0 0 0 0 0 0 0 0 data 44 0x20004 0x0 0x0 0x0 0x0 0x0 0x0 0x5000a 0x7499 0x3 0x0 0x757c1c6a7880 0x757c1c7f0440 0xc0004 0x0 0x0 0x0 0x0 0x0 0x0 0x110005 0x7499 0x0 0x0 0x0 0x0 0x0 0x0 0x0 0x0 0x0 0x0 0x0 0x9 0x5 0x0 0x0 0x0 0x0 0x0 0xc 0x2 0x4 0x757c1c6a7880 oops 3 11 org/robolectric/internal/bytecode/MethodCallSite 12 java/lang/invoke/BoundMethodHandle$Species_LLLL 43 org/robolectric/internal/bytecode/MethodCallSite methods 0
ciMethodData java/lang/invoke/LambdaForm$MH+0x0000757cd41b1000 invoke (Ljava/lang/Object;Ljava/lang/Object;Ljava/lang/Object;)I 2 307943 orig 80 0 0 0 0 0 0 0 0 0 0 0 0 0 0 0 0 0 0 0 0 0 0 0 0 0 0 0 0 0 0 0 0 0 0 0 0 0 0 0 0 0 0 0 0 0 0 0 0 0 0 0 0 0 0 0 0 0 0 0 0 0 0 0 0 0 0 0 0 0 0 0 0 0 0 0 0 0 0 0 0 data 73 0x10004 0x0 0x0 0x757c1c7f3b40 0x2086 0x0 0x0 0xb0004 0x0 0x0 0x757c1c7f3b40 0x2086 0x0 0x0 0xe000b 0x4b1e3 0x0 0x0 0x0 0x0 0x0 0x1 0x757c1c7f5df0 0x1b0004 0x0 0x0 0x757c1c7f5df0 0x4b1e3 0x0 0x0 0x230004 0x0 0x0 0x757cb4004ed0 0x2086 0x0 0x0 0x26000a 0x4b1e3 0x4 0x0 0x757c1c7f5df0 0x1 0x757cb4004ed0 0x2b000a 0x4b1e3 0x2 0x0 0x757c1c7f5df0 0x300005 0x4b1e3 0x0 0x0 0x0 0x0 0x0 0x0 0x0 0x0 0x0 0x0 0x0 0x9 0x3 0x0 0x0 0x0 0xc 0x4 0x0 0x757c1c7f3b40 0x1 0x3 oops 9 3 java/lang/invoke/BoundMethodHandle$Species_LL 10 java/lang/invoke/BoundMethodHandle$Species_LL 22 java/lang/invoke/BoundMethodHandle$Species_I 26 java/lang/invoke/BoundMethodHandle$Species_I 33 java/lang/invoke/MethodType 41 java/lang/invoke/BoundMethodHandle$Species_I 43 java/lang/invoke/MethodType 48 java/lang/invoke/BoundMethodHandle$Species_I 70 java/lang/invoke/BoundMethodHandle$Species_LL methods 0
ciMethod org/robolectric/shadows/ShadowNativeSQLiteConnection$$Lambda$143+0x0000757cd436d500 <init> (JJ)V 1024 0 20308 0 0
ciMethod org/robolectric/shadows/ShadowNativeSQLiteConnection$$Lambda$143+0x0000757cd436d500 run ()V 4402 0 2364 0 96
ciMethod org/robolectric/shadows/ShadowNativeSQLiteConnection$$Lambda$145+0x0000757cd436d948 <init> (JJ)V 584 0 4190 0 0
ciMethod org/robolectric/shadows/ShadowNativeSQLiteConnection$$Lambda$145+0x0000757cd436d948 run ()V 1024 0 4190 0 0
ciMethod java/lang/invoke/LambdaForm$MH+0x0000757cd438f000 delegate (Ljava/lang/Object;)J 1018 0 17230 0 -1
ciMethodData java/lang/invoke/LambdaForm$MH+0x0000757cd438f000 delegate (Ljava/lang/Object;)J 2 17230 orig 80 0 0 0 0 0 0 0 0 0 0 0 0 0 0 0 0 0 0 0 0 0 0 0 0 0 0 0 0 0 0 0 0 0 0 0 0 0 0 0 0 0 0 0 0 0 0 0 0 0 0 0 0 0 0 0 0 0 0 0 0 0 0 0 0 0 0 0 0 0 0 0 0 0 0 0 0 0 0 0 0 data 43 0x10004 0x0 0x0 0x757c1c7f3bf0 0x2 0x0 0x0 0x4000b 0x0 0x0 0x757c1c7f3bf0 0x4151 0x0 0x0 0x1 0x757c1c796d00 0x90004 0x0 0x0 0x757c1c796d00 0x2 0x0 0x0 0xc0005 0x4151 0x0 0x0 0x0 0x0 0x0 0x0 0x0 0x0 0x0 0x0 0x0 0x9 0x1 0x0 0xc 0x2 0x0 0x757c1c7f3bf0 oops 5 3 java/lang/invoke/MethodHandleImpl$CountingWrapper 10 java/lang/invoke/MethodHandleImpl$CountingWrapper 15 java/lang/invoke/BoundMethodHandle$Species_LLLLL 19 java/lang/invoke/BoundMethodHandle$Species_LLLLL 42 java/lang/invoke/MethodHandleImpl$CountingWrapper methods 0
ciMethodData java/lang/invoke/LambdaForm$MH+0x0000757cd4194c00 guardWithCatch (Ljava/lang/Object;Ljava/lang/Object;)V 2 658189 orig 80 0 0 0 0 0 0 0 0 0 0 0 0 0 0 0 0 0 0 0 0 0 0 0 0 0 0 0 0 0 0 0 0 0 0 0 0 0 0 0 0 0 0 0 0 0 0 0 0 0 0 0 0 0 0 0 0 0 0 0 0 0 0 0 0 0 0 0 0 0 0 0 0 0 0 0 0 0 0 0 0 data 86 0x10004 0x0 0x0 0x757c1c796d00 0x1f71 0x0 0x0 0x220004 0x0 0x0 0x757c1c790ef0 0x1e5f 0x757c1c7f3b40 0xbe 0x26000b 0xa0990 0x0 0x0 0x0 0x0 0x0 0x2 0x1 0x2 0x290003 0xa0a3d 0x170 0x2e0004 0x0 0x0 0x0 0x0 0x0 0x0 0x32000b 0x0 0x0 0x0 0x0 0x0 0x0 0x2 0x1 0x0 0x350007 0x0 0xd0 0x0 0x3a0004 0x0 0x0 0x0 0x0 0x0 0x0 0x3f000b 0x0 0x0 0x0 0x0 0x0 0x0 0x4 0x1 0x0 0x2 0x0 0x420003 0x0 0x18 0x0 0x0 0x0 0x0 0x0 0x0 0x9 0x2 0x0 0x0 0xc 0x4 0x0 0x757c1c796d00 0x1 0x2 oops 4 3 java/lang/invoke/BoundMethodHandle$Species_LLLLL 10 java/lang/invoke/DirectMethodHandle$Special 12 java/lang/invoke/BoundMethodHandle$Species_LL 83 java/lang/invoke/BoundMethodHandle$Species_LLLLL methods 0
ciMethod java/lang/invoke/LambdaForm$MH+0x0000757cd4395000 guardWithCatch (Ljava/lang/Object;Ljava/lang/Object;Ljava/lang/Object;ILjava/lang/Object;)V 1024 0 25650 0 -1
ciMethod java/lang/invoke/LambdaForm$MH+0x0000757cd4396400 guard (Ljava/lang/Object;Ljava/lang/Object;Ljava/lang/Object;ILjava/lang/Object;)V 1024 0 25647 0 -1
ciMethod java/lang/invoke/LambdaForm$MH+0x0000757cd4396800 linkToCallSite (Ljava/lang/Object;Ljava/lang/Object;ILjava/lang/Object;Ljava/lang/Object;)V 1024 0 25646 0 -1
ciMethodData java/lang/invoke/LambdaForm$MH+0x0000757cd4396800 linkToCallSite (Ljava/lang/Object;Ljava/lang/Object;ILjava/lang/Object;Ljava/lang/Object;)V 2 25646 orig 80 0 0 0 0 0 0 0 0 0 0 0 0 0 0 0 0 0 0 0 0 0 0 0 0 0 0 0 0 0 0 0 0 0 0 0 0 0 0 0 0 0 0 0 0 0 0 0 0 0 0 0 0 0 0 0 0 0 0 0 0 0 0 0 0 0 0 0 0 0 0 0 0 0 0 0 0 0 0 0 0 data 51 0x20004 0x0 0x0 0x757c1c6a7880 0x99 0x0 0x0 0x5000a 0x622f 0x3 0x0 0x757c1c6a7880 0x757c1c7f0440 0xc0004 0x0 0x0 0x757c1c7f0440 0x10 0x0 0x0 0x13000b 0x622e 0x0 0x0 0x0 0x0 0x0 0x4 0x1 0x757c1c6f8ea0 0x2 0x757cb4002ac1 0x0 0x0 0x0 0x0 0x0 0x0 0x9 0x5 0x0 0x0 0x0 0x0 0x0 0xc 0x4 0x0 0x757c1c6f8ea0 0x1 0x757cb4002ac1 oops 8 3 org/robolectric/internal/bytecode/MethodCallSite 11 org/robolectric/internal/bytecode/MethodCallSite 12 java/lang/invoke/BoundMethodHandle$Species_LLLL 16 java/lang/invoke/BoundMethodHandle$Species_LLLL 29 android/database/sqlite/SQLiteSession 31 java/lang/String 48 android/database/sqlite/SQLiteSession 50 java/lang/String methods 0
ciMethodData java/lang/invoke/LambdaForm$MH+0x0000757cd41b0400 guardWithCatch (Ljava/lang/Object;Ljava/lang/Object;Ljava/lang/Object;)V 2 244568 orig 80 0 0 0 0 0 0 0 0 0 0 0 0 0 0 0 0 0 0 0 0 0 0 0 0 0 0 0 0 0 0 0 0 0 0 0 0 0 0 0 0 0 0 0 0 0 0 0 0 0 0 0 0 0 0 0 0 0 0 0 0 0 0 0 0 0 0 0 0 0 0 0 0 0 0 0 0 0 0 0 0 data 89 0x10004 0x0 0x0 0x757c1c796d00 0x243f 0x0 0x0 0x230004 0x0 0x0 0x757c1c790ef0 0x22e7 0x757c1c7f3b40 0x130 0x28000b 0x3b9ce 0x0 0x0 0x0 0x0 0x0 0x4 0x1 0x2 0x2 0x3 0x2b0003 0x3b9ce 0x170 0x310004 0x0 0x0 0x0 0x0 0x0 0x0 0x35000b 0x0 0x0 0x0 0x0 0x0 0x0 0x2 0x1 0x0 0x380007 0x0 0xd0 0x0 0x3d0004 0x0 0x0 0x0 0x0 0x0 0x0 0x43000b 0x0 0x0 0x0 0x0 0x0 0x0 0x4 0x1 0x0 0x2 0x0 0x460003 0x0 0x18 0x0 0x0 0x0 0x0 0x0 0x0 0x9 0x3 0x0 0x0 0x0 0xc 0x4 0x0 0x757c1c796d00 0x1 0x2 oops 4 3 java/lang/invoke/BoundMethodHandle$Species_LLLLL 10 java/lang/invoke/DirectMethodHandle$Special 12 java/lang/invoke/BoundMethodHandle$Species_LL 86 java/lang/invoke/BoundMethodHandle$Species_LLLLL methods 0
ciMethodData java/lang/invoke/LambdaForm$MH+0x0000757cd41b1c00 guard (Ljava/lang/Object;Ljava/lang/Object;Ljava/lang/Object;)V 2 247952 orig 80 0 0 0 0 0 0 0 0 0 0 0 0 0 0 0 0 0 0 0 0 0 0 0 0 0 0 0 0 0 0 0 0 0 0 0 0 0 0 0 0 0 0 0 0 0 0 0 0 0 0 0 0 0 0 0 0 0 0 0 0 0 0 0 0 0 0 0 0 0 0 0 0 0 0 0 0 0 0 0 0 data 114 0x10004 0x0 0x0 0x757c1c7f0440 0x2ed6 0x0 0x0 0x1d0004 0x0 0x0 0x757c1c7f3b40 0x2ed6 0x0 0x0 0x22000b 0x3c709 0x0 0x0 0x0 0x0 0x0 0x4 0x1 0x2 0x2 0x3 0x2d0004 0x0 0x0 0x757cb4013240 0x2ed6 0x0 0x0 0x30000a 0x3c709 0x2 0x1 0x757cb4013240 0x390007 0x0 0x108 0x3c708 0x3e0004 0x0 0x0 0x757c1c7f3bf0 0x2ed6 0x0 0x0 0x450004 0x0 0x0 0x757c1c7f3bf0 0x3 0x0 0x0 0x4a000b 0x3c708 0x0 0x0 0x0 0x0 0x0 0x4 0x1 0x2 0x2 0x3 0x4d0003 0x3c709 0xe8 0x520004 0x0 0x0 0x0 0x0 0x0 0x0 0x590004 0x0 0x0 0x0 0x0 0x0 0x0 0x5e000b 0x0 0x0 0x0 0x0 0x0 0x0 0x4 0x1 0x0 0x2 0x0 0x0 0x0 0x0 0x0 0x0 0x0 0x9 0x3 0x0 0x0 0x0 0xc 0x4 0x0 0x757c1c7f0440 0x1 0x2 oops 7 3 java/lang/invoke/BoundMethodHandle$Species_LLLL 10 java/lang/invoke/BoundMethodHandle$Species_LL 29 [I 37 [I 45 java/lang/invoke/MethodHandleImpl$CountingWrapper 52 java/lang/invoke/MethodHandleImpl$CountingWrapper 111 java/lang/invoke/BoundMethodHandle$Species_LLLL methods 0
ciMethod java/lang/invoke/LambdaForm$MH+0x0000757cd43a9800 delegate (Ljava/lang/Object;JJ)V 976 0 30996 0 -1
ciMethodData java/lang/invoke/LambdaForm$MH+0x0000757cd43a9800 delegate (Ljava/lang/Object;JJ)V 2 30996 orig 80 0 0 0 0 0 0 0 0 0 0 0 0 0 0 0 0 0 0 0 0 0 0 0 0 0 0 0 0 0 0 0 0 0 0 0 0 0 0 0 0 0 0 0 0 0 0 0 0 0 0 0 0 0 0 0 0 0 0 0 0 0 0 0 0 0 0 0 0 0 0 0 0 0 0 0 0 0 0 0 0 data 47 0x10004 0x0 0x0 0x757c1c7f3bf0 0x292 0x0 0x0 0x4000b 0x0 0x0 0x757c1c7f3bf0 0x772c 0x0 0x0 0x1 0x757c1c796d00 0xb0004 0x0 0x0 0x757c1c796d00 0x147 0x0 0x0 0x100005 0x772c 0x0 0x0 0x0 0x0 0x0 0x0 0x0 0x0 0x0 0x0 0x0 0x9 0x5 0x0 0x0 0x0 0x0 0x0 0xc 0x2 0x0 0x757c1c7f3bf0 oops 5 3 java/lang/invoke/MethodHandleImpl$CountingWrapper 10 java/lang/invoke/MethodHandleImpl$CountingWrapper 15 java/lang/invoke/BoundMethodHandle$Species_LLLLL 19 java/lang/invoke/BoundMethodHandle$Species_LLLLL 46 java/lang/invoke/MethodHandleImpl$CountingWrapper methods 0
ciMethod java/lang/invoke/LambdaForm$DMH+0x0000757cd43a9c00 invokeSpecial (Ljava/lang/Object;Ljava/lang/Object;ILjava/lang/Object;ILjava/lang/Object;)V 1628 0 17860 0 -1
ciMethodData java/lang/invoke/LambdaForm$DMH+0x0000757cd43a9c00 invokeSpecial (Ljava/lang/Object;Ljava/lang/Object;ILjava/lang/Object;ILjava/lang/Object;)V 2 17860 orig 80 0 0 0 0 0 0 0 0 0 0 0 0 0 0 0 0 0 0 0 0 0 0 0 0 0 0 0 0 0 0 0 0 0 0 0 0 0 0 0 0 0 0 0 0 0 0 0 0 0 0 0 0 0 0 0 0 0 0 0 0 0 0 0 0 0 0 0 0 0 0 0 0 0 0 0 0 0 0 0 0 data 40 0x1000a 0x4297 0x3 0x0 0x757c1c790ef0 0x757cb4004c90 0xf0004 0x0 0x0 0x757cb4004c90 0x18 0x0 0x0 0x12000a 0x4297 0x4 0x0 0x757c1c6f8ea0 0x2 0x1 0x0 0x0 0x0 0x0 0x0 0x0 0x9 0x6 0x0 0x0 0x0 0x0 0x0 0x0 0xc 0x4 0x0 0x757c1c790ef0 0x1 0x757c1c6f8ea0 oops 6 4 java/lang/invoke/DirectMethodHandle$Special 5 java/lang/invoke/MemberName 9 java/lang/invoke/MemberName 17 android/database/sqlite/SQLiteSession 37 java/lang/invoke/DirectMethodHandle$Special 39 android/database/sqlite/SQLiteSession methods 0
ciMethod java/lang/invoke/LambdaForm$MH+0x0000757cd43abc00 guardWithCatch (Ljava/lang/Object;Ljava/lang/Object;ILjava/lang/Object;ILjava/lang/Object;)V 1674 0 17860 0 -1
ciMethod java/lang/invoke/LambdaForm$MH+0x0000757cd43ad400 invoke (Ljava/lang/Object;Ljava/lang/Object;ILjava/lang/Object;ILjava/lang/Object;)I 1670 0 17856 0 -1
ciMethod java/lang/invoke/LambdaForm$MH+0x0000757cd43ae000 guard (Ljava/lang/Object;Ljava/lang/Object;ILjava/lang/Object;ILjava/lang/Object;)V 1674 0 17856 0 -1
ciMethod java/lang/invoke/LambdaForm$MH+0x0000757cd43ae400 linkToCallSite (Ljava/lang/Object;ILjava/lang/Object;ILjava/lang/Object;Ljava/lang/Object;)V 1674 0 17856 0 -1
ciMethodData java/lang/invoke/LambdaForm$MH+0x0000757cd43ae400 linkToCallSite (Ljava/lang/Object;ILjava/lang/Object;ILjava/lang/Object;Ljava/lang/Object;)V 2 17856 orig 80 0 0 0 0 0 0 0 0 0 0 0 0 0 0 0 0 0 0 0 0 0 0 0 0 0 0 0 0 0 0 0 0 0 0 0 0 0 0 0 0 0 0 0 0 0 0 0 0 0 0 0 0 0 0 0 0 0 0 0 0 0 0 0 0 0 0 0 0 0 0 0 0 0 0 0 0 0 0 0 0 data 52 0x20004 0x0 0x0 0x0 0x0 0x0 0x0 0x5000a 0x427b 0x3 0x0 0x757c1c6a7880 0x757c1c7f0440 0xc0004 0x0 0x0 0x0 0x0 0x0 0x0 0x15000b 0x427b 0x0 0x0 0x0 0x0 0x0 0x4 0x1 0x757c1c6f8ea0 0x3 0x0 0x0 0x0 0x0 0x0 0x0 0x0 0x9 0x6 0x0 0x0 0x0 0x0 0x0 0x0 0xc 0x4 0x0 0x757c1c6f8ea0 0x2 0x1 oops 4 11 org/robolectric/internal/bytecode/MethodCallSite 12 java/lang/invoke/BoundMethodHandle$Species_LLLL 29 android/database/sqlite/SQLiteSession 49 android/database/sqlite/SQLiteSession methods 0
ciMethodData java/lang/invoke/LambdaForm$MH+0x0000757cd41aec00 invoke (Ljava/lang/Object;Ljava/lang/Object;I)I 2 302657 orig 80 0 0 0 0 0 0 0 0 0 0 0 0 0 0 0 0 0 0 0 0 0 0 0 0 0 0 0 0 0 0 0 0 0 0 0 0 0 0 0 0 0 0 0 0 0 0 0 0 0 0 0 0 0 0 0 0 0 0 0 0 0 0 0 0 0 0 0 0 0 0 0 0 0 0 0 0 0 0 0 0 data 73 0x10004 0x0 0x0 0x757c1c7f3b40 0x1900 0x0 0x0 0xb0004 0x0 0x0 0x757c1c7f3b40 0x18ff 0x0 0x0 0xe000b 0x49d39 0x0 0x0 0x0 0x0 0x0 0x1 0x757c1c7f5df0 0x1b0004 0x0 0x0 0x757c1c7f5df0 0x49d3b 0x0 0x0 0x230004 0x0 0x0 0x757cb4004ed0 0x18ff 0x0 0x0 0x26000a 0x49d3a 0x4 0x0 0x757c1c7f5df0 0x1 0x757cb4004ed0 0x2b000a 0x49d3c 0x2 0x0 0x757c1c7f5df0 0x300005 0x49d3e 0x0 0x0 0x0 0x0 0x0 0x0 0x0 0x0 0x0 0x0 0x0 0x9 0x3 0x0 0x0 0x0 0xc 0x4 0x0 0x757c1c7f3b40 0x1 0x3 oops 9 3 java/lang/invoke/BoundMethodHandle$Species_LL 10 java/lang/invoke/BoundMethodHandle$Species_LL 22 java/lang/invoke/BoundMethodHandle$Species_I 26 java/lang/invoke/BoundMethodHandle$Species_I 33 java/lang/invoke/MethodType 41 java/lang/invoke/BoundMethodHandle$Species_I 43 java/lang/invoke/MethodType 48 java/lang/invoke/BoundMethodHandle$Species_I 70 java/lang/invoke/BoundMethodHandle$Species_LL methods 0
ciMethodData java/lang/invoke/LambdaForm$MH+0x0000757cd4180c00 invoke (Ljava/lang/Object;)I 2 106775 orig 80 0 0 0 0 0 0 0 0 0 0 0 0 0 0 0 0 0 0 0 0 0 0 0 0 0 0 0 0 0 0 0 0 0 0 0 0 0 0 0 0 0 0 0 0 0 0 0 0 0 0 0 0 0 0 0 0 0 0 0 0 0 0 0 0 0 0 0 0 0 0 0 0 0 0 0 0 0 0 0 0 data 69 0x10004 0x0 0x0 0x757c1c7f3b40 0x14c6 0x0 0x0 0xb0004 0x0 0x0 0x757c1c7f3b40 0x14c6 0x0 0x0 0xe000b 0x19918 0x0 0x0 0x0 0x0 0x0 0x1 0x757c1c7f5df0 0x180004 0x0 0x0 0x757c1c7f5df0 0x19913 0x0 0x0 0x1e0004 0x0 0x0 0x757cb4004ed0 0x14c6 0x0 0x0 0x21000a 0x19911 0x4 0x0 0x757c1c7f5df0 0x1 0x757cb4004ed0 0x25000a 0x19914 0x2 0x0 0x757c1c7f5df0 0x290005 0x19914 0x0 0x0 0x0 0x0 0x0 0x0 0x0 0x0 0x0 0x0 0x0 0x9 0x1 0x0 0xc 0x2 0x0 0x757c1c7f3b40 oops 9 3 java/lang/invoke/BoundMethodHandle$Species_LL 10 java/lang/invoke/BoundMethodHandle$Species_LL 22 java/lang/invoke/BoundMethodHandle$Species_I 26 java/lang/invoke/BoundMethodHandle$Species_I 33 java/lang/invoke/MethodType 41 java/lang/invoke/BoundMethodHandle$Species_I 43 java/lang/invoke/MethodType 48 java/lang/invoke/BoundMethodHandle$Species_I 68 java/lang/invoke/BoundMethodHandle$Species_LL methods 0
ciMethod java/lang/invoke/LambdaForm$MH+0x0000757cd43e7400 delegate (Ljava/lang/Object;)I 774 0 48616 0 -1
ciMethodData java/lang/invoke/LambdaForm$MH+0x0000757cd43e7400 delegate (Ljava/lang/Object;)I 2 48616 orig 80 0 0 0 0 0 0 0 0 0 0 0 0 0 0 0 0 0 0 0 0 0 0 0 0 0 0 0 0 0 0 0 0 0 0 0 0 0 0 0 0 0 0 0 0 0 0 0 0 0 0 0 0 0 0 0 0 0 0 0 0 0 0 0 0 0 0 0 0 0 0 0 0 0 0 0 0 0 0 0 0 data 43 0x10004 0x0 0x0 0x757c1c7f3bf0 0xa4b 0x0 0x0 0x4000b 0x0 0x0 0x757c1c7f3bf0 0xbc66 0x0 0x0 0x1 0x757c1c796d00 0x90004 0x0 0x0 0x0 0x0 0x0 0x0 0xc0005 0xbc67 0x0 0x0 0x0 0x0 0x0 0x0 0x0 0x0 0x0 0x0 0x0 0x9 0x1 0x0 0xc 0x2 0x0 0x757c1c7f3bf0 oops 4 3 java/lang/invoke/MethodHandleImpl$CountingWrapper 10 java/lang/invoke/MethodHandleImpl$CountingWrapper 15 java/lang/invoke/BoundMethodHandle$Species_LLLLL 42 java/lang/invoke/MethodHandleImpl$CountingWrapper methods 0
ciMethodData java/lang/invoke/LambdaForm$MH+0x0000757cd41f9800 guard (Ljava/lang/Object;Ljava/lang/Object;)I 2 392270 orig 80 0 0 0 0 0 0 0 0 0 0 0 0 0 0 0 0 0 0 0 0 0 0 0 0 0 0 0 0 0 0 0 0 0 0 0 0 0 0 0 0 0 0 0 0 0 0 0 0 0 0 0 0 0 0 0 0 0 0 0 0 0 0 0 0 0 0 0 0 0 0 0 0 0 0 0 0 0 0 0 0 data 107 0x10004 0x0 0x0 0x757c1c7f0440 0x2701 0x0 0x0 0x1c0004 0x0 0x0 0x757c1c7f3b40 0x2701 0x0 0x0 0x20000b 0x5f44b 0x0 0x0 0x0 0x0 0x0 0x2 0x1 0x3 0x2b0004 0x0 0x0 0x757cb4013240 0x2701 0x0 0x0 0x2e000a 0x5f43c 0x2 0x1 0x757cb4013240 0x370007 0x0 0xf8 0x5f43c 0x3b0004 0x0 0x0 0x757c1c7f3bf0 0x2701 0x0 0x0 0x420004 0x0 0x0 0x757c1c7f3bf0 0x1 0x0 0x0 0x46000b 0x5f43a 0x0 0x0 0x0 0x0 0x0 0x2 0x1 0x3 0x490003 0x5f443 0xd8 0x4e0004 0x0 0x0 0x0 0x0 0x0 0x0 0x550004 0x0 0x0 0x0 0x0 0x0 0x0 0x59000b 0x0 0x0 0x0 0x0 0x0 0x0 0x2 0x1 0x0 0x0 0x0 0x0 0x0 0x0 0x0 0x9 0x2 0x0 0x0 0xc 0x4 0x0 0x757c1c7f0440 0x1 0x3 oops 7 3 java/lang/invoke/BoundMethodHandle$Species_LLLL 10 java/lang/invoke/BoundMethodHandle$Species_LL 27 [I 35 [I 43 java/lang/invoke/MethodHandleImpl$CountingWrapper 50 java/lang/invoke/MethodHandleImpl$CountingWrapper 104 java/lang/invoke/BoundMethodHandle$Species_LLLL methods 0
ciMethodData java/lang/invoke/LambdaForm$MH+0x0000757cd428f400 guard (Ljava/lang/Object;Ljava/lang/Object;Ljava/lang/Object;)Ljava/lang/Object; 2 59646 orig 80 0 0 0 0 0 0 0 0 0 0 0 0 0 0 0 0 0 0 0 0 0 0 0 0 0 0 0 0 0 0 0 0 0 0 0 0 0 0 0 0 0 0 0 0 0 0 0 0 0 0 0 0 0 0 0 0 0 0 0 0 0 0 0 0 0 0 0 0 0 0 0 0 0 0 0 0 0 0 0 0 data 116 0x10004 0x0 0x0 0x757c1c7f0440 0x8c2 0x0 0x0 0x1d0004 0x0 0x0 0x757c1c7f3b40 0x8c2 0x0 0x0 0x22000b 0xe0d7 0x0 0x0 0x0 0x0 0x0 0x4 0x1 0x3 0x2 0x3 0x2d0004 0x0 0x0 0x757cb4013240 0x8c2 0x0 0x0 0x30000a 0xe0d7 0x2 0x1 0x757cb4013240 0x390007 0x0 0x110 0xe0d7 0x3e0004 0x0 0x0 0x757c1c7f3bf0 0x8c2 0x0 0x0 0x450004 0x0 0x0 0x0 0x0 0x0 0x0 0x4a000b 0xe0d7 0x0 0x0 0x0 0x0 0x0 0x5 0x1 0x3 0x2 0x3 0x3 0x4d0003 0xe0d7 0xf0 0x520004 0x0 0x0 0x0 0x0 0x0 0x0 0x590004 0x0 0x0 0x0 0x0 0x0 0x0 0x5e000b 0x0 0x0 0x0 0x0 0x0 0x0 0x5 0x1 0x0 0x2 0x0 0x0 0x0 0x0 0x0 0x0 0x0 0x0 0x9 0x3 0x0 0x0 0x0 0xc 0x4 0x0 0x757c1c7f0440 0x1 0x3 oops 6 3 java/lang/invoke/BoundMethodHandle$Species_LLLL 10 java/lang/invoke/BoundMethodHandle$Species_LL 29 [I 37 [I 45 java/lang/invoke/MethodHandleImpl$CountingWrapper 113 java/lang/invoke/BoundMethodHandle$Species_LLLL methods 0
ciMethodData java/lang/invoke/LambdaForm$MH+0x0000757cd4367400 invoke (Ljava/lang/Object;JJ)I 2 60629 orig 80 0 0 0 0 0 0 0 0 0 0 0 0 0 0 0 0 0 0 0 0 0 0 0 0 0 0 0 0 0 0 0 0 0 0 0 0 0 0 0 0 0 0 0 0 0 0 0 0 0 0 0 0 0 0 0 0 0 0 0 0 0 0 0 0 0 0 0 0 0 0 0 0 0 0 0 0 0 0 0 0 data 73 0x10004 0x0 0x0 0x757c1c7f3b40 0xa05 0x0 0x0 0xd0004 0x0 0x0 0x757c1c7f3b40 0xa05 0x0 0x0 0x10000b 0xe4a6 0x0 0x0 0x0 0x0 0x0 0x1 0x757c1c7f5df0 0x1d0004 0x0 0x0 0x757c1c7f5df0 0xe4a6 0x0 0x0 0x250004 0x0 0x0 0x757cb4004ed0 0xa05 0x0 0x0 0x28000a 0xe4a6 0x4 0x0 0x757c1c7f5df0 0x1 0x757cb4004ed0 0x2d000a 0xe4a6 0x2 0x0 0x757c1c7f5df0 0x320005 0xe4a6 0x0 0x0 0x0 0x0 0x0 0x0 0x0 0x0 0x0 0x0 0x0 0x9 0x5 0x0 0x0 0x0 0x0 0x0 0xc 0x2 0x0 0x757c1c7f3b40 oops 9 3 java/lang/invoke/BoundMethodHandle$Species_LL 10 java/lang/invoke/BoundMethodHandle$Species_LL 22 java/lang/invoke/BoundMethodHandle$Species_I 26 java/lang/invoke/BoundMethodHandle$Species_I 33 java/lang/invoke/MethodType 41 java/lang/invoke/BoundMethodHandle$Species_I 43 java/lang/invoke/MethodType 48 java/lang/invoke/BoundMethodHandle$Species_I 72 java/lang/invoke/BoundMethodHandle$Species_LL methods 0
ciMethodData java/lang/invoke/LambdaForm$MH+0x0000757cd41b5c00 guard (Ljava/lang/Object;Ljava/lang/Object;I)I 2 139669 orig 80 0 0 0 0 0 0 0 0 0 0 0 0 0 0 0 0 0 0 0 0 0 0 0 0 0 0 0 0 0 0 0 0 0 0 0 0 0 0 0 0 0 0 0 0 0 0 0 0 0 0 0 0 0 0 0 0 0 0 0 0 0 0 0 0 0 0 0 0 0 0 0 0 0 0 0 0 0 0 0 0 data 108 0x10004 0x0 0x0 0x757c1c7f0440 0x8c6 0x0 0x0 0x1d0004 0x0 0x0 0x757c1c7f3b40 0x8c6 0x0 0x0 0x22000b 0x21994 0x0 0x0 0x0 0x0 0x0 0x2 0x1 0x2 0x2d0004 0x0 0x0 0x757cb4013240 0x8c6 0x0 0x0 0x30000a 0x21997 0x2 0x1 0x757cb4013240 0x390007 0x0 0xf8 0x21995 0x3e0004 0x0 0x0 0x757c1c7f3bf0 0x8c6 0x0 0x0 0x450004 0x0 0x0 0x757c1c7f3bf0 0x1 0x0 0x0 0x4a000b 0x21997 0x0 0x0 0x0 0x0 0x0 0x2 0x1 0x2 0x4d0003 0x2199f 0xd8 0x520004 0x0 0x0 0x0 0x0 0x0 0x0 0x590004 0x0 0x0 0x0 0x0 0x0 0x0 0x5e000b 0x0 0x0 0x0 0x0 0x0 0x0 0x2 0x1 0x0 0x0 0x0 0x0 0x0 0x0 0x0 0x9 0x3 0x0 0x0 0x0 0xc 0x4 0x0 0x757c1c7f0440 0x1 0x2 oops 7 3 java/lang/invoke/BoundMethodHandle$Species_LLLL 10 java/lang/invoke/BoundMethodHandle$Species_LL 27 [I 35 [I 43 java/lang/invoke/MethodHandleImpl$CountingWrapper 50 java/lang/invoke/MethodHandleImpl$CountingWrapper 105 java/lang/invoke/BoundMethodHandle$Species_LLLL methods 0
ciMethodData java/lang/invoke/LambdaForm$MH+0x0000757cd41fa400 guardWithCatch (Ljava/lang/Object;Ljava/lang/Object;)Ljava/lang/Object; 2 126202 orig 80 0 0 0 0 0 0 0 0 0 0 0 0 0 0 0 0 0 0 0 0 0 0 0 0 0 0 0 0 0 0 0 0 0 0 0 0 0 0 0 0 0 0 0 0 0 0 0 0 0 0 0 0 0 0 0 0 0 0 0 0 0 0 0 0 0 0 0 0 0 0 0 0 0 0 0 0 0 0 0 0 data 88 0x10004 0x0 0x0 0x757c1c796d00 0x2526 0x0 0x0 0x220004 0x0 0x0 0x757c1c790ef0 0x1d98 0x757cb4004ae0 0x73e 0x26000b 0x1e4ef 0x0 0x0 0x0 0x0 0x0 0x3 0x1 0x3 0x3 0x290003 0x1e4e9 0x178 0x2e0004 0x0 0x0 0x0 0x0 0x0 0x0 0x32000b 0x0 0x0 0x0 0x0 0x0 0x0 0x2 0x1 0x0 0x350007 0x0 0xd8 0x0 0x3a0004 0x0 0x0 0x0 0x0 0x0 0x0 0x3f000b 0x0 0x0 0x0 0x0 0x0 0x0 0x5 0x1 0x0 0x2 0x0 0x0 0x420003 0x0 0x18 0x0 0x0 0x0 0x0 0x0 0x0 0x9 0x2 0x0 0x0 0xc 0x4 0x0 0x757c1c796d00 0x1 0x3 oops 4 3 java/lang/invoke/BoundMethodHandle$Species_LLLLL 10 java/lang/invoke/DirectMethodHandle$Special 12 java/lang/invoke/DirectMethodHandle 85 java/lang/invoke/BoundMethodHandle$Species_LLLLL methods 0
ciMethodData java/lang/invoke/LambdaForm$MH+0x0000757cd41f8800 guardWithCatch (Ljava/lang/Object;Ljava/lang/Object;)I 2 390843 orig 80 0 0 0 0 0 0 0 0 0 0 0 0 0 0 0 0 0 0 0 0 0 0 0 0 0 0 0 0 0 0 0 0 0 0 0 0 0 0 0 0 0 0 0 0 0 0 0 0 0 0 0 0 0 0 0 0 0 0 0 0 0 0 0 0 0 0 0 0 0 0 0 0 0 0 0 0 0 0 0 0 data 86 0x10004 0x0 0x0 0x757c1c796d00 0x2150 0x0 0x0 0x220004 0x0 0x0 0x757c1c790ef0 0x1dab 0x757cb4004ae0 0x275 0x26000b 0x5eeb5 0x0 0x0 0x0 0x0 0x0 0x2 0x1 0x3 0x290003 0x5eeb8 0x170 0x2e0004 0x0 0x0 0x0 0x0 0x0 0x0 0x32000b 0x0 0x0 0x0 0x0 0x0 0x0 0x2 0x1 0x0 0x350007 0x0 0xd0 0x0 0x3a0004 0x0 0x0 0x0 0x0 0x0 0x0 0x3f000b 0x0 0x0 0x0 0x0 0x0 0x0 0x4 0x1 0x0 0x2 0x0 0x420003 0x0 0x18 0x0 0x0 0x0 0x0 0x0 0x0 0x9 0x2 0x0 0x0 0xc 0x4 0x0 0x757c1c796d00 0x1 0x3 oops 4 3 java/lang/invoke/BoundMethodHandle$Species_LLLLL 10 java/lang/invoke/DirectMethodHandle$Special 12 java/lang/invoke/DirectMethodHandle 83 java/lang/invoke/BoundMethodHandle$Species_LLLLL methods 0
ciMethodData java/lang/invoke/LambdaForm$MH+0x0000757cd4197c00 guard (Ljava/lang/Object;)Ljava/lang/Object; 2 40147 orig 80 0 0 0 0 0 0 0 0 0 0 0 0 0 0 0 0 0 0 0 0 0 0 0 0 0 0 0 0 0 0 0 0 0 0 0 0 0 0 0 0 0 0 0 0 0 0 0 0 0 0 0 0 0 0 0 0 0 0 0 0 0 0 0 0 0 0 0 0 0 0 0 0 0 0 0 0 0 0 0 0 data 99 0x10004 0x0 0x0 0x757c1c7f0440 0x3a4 0x0 0x0 0x1b0004 0x0 0x0 0x757c1c7f3b40 0x3a4 0x0 0x0 0x1e0005 0x94cb 0x0 0x0 0x0 0x0 0x0 0x290004 0x0 0x0 0x757cb4013240 0x3a4 0x0 0x0 0x2c000a 0x94ca 0x2 0x1 0x757cb4013240 0x350007 0x0 0xf0 0x94ca 0x390004 0x0 0x0 0x757c1c7f3bf0 0x3a4 0x0 0x0 0x400004 0x0 0x0 0x0 0x0 0x0 0x0 0x43000b 0x94ca 0x0 0x0 0x0 0x0 0x0 0x1 0x3 0x460003 0x94cf 0xd0 0x4a0004 0x0 0x0 0x0 0x0 0x0 0x0 0x510004 0x0 0x0 0x0 0x0 0x0 0x0 0x54000b 0x0 0x0 0x0 0x0 0x0 0x0 0x1 0x0 0x0 0x0 0x0 0x0 0x0 0x0 0x9 0x1 0x0 0xc 0x2 0x0 0x757c1c7f0440 oops 6 3 java/lang/invoke/BoundMethodHandle$Species_LLLL 10 java/lang/invoke/BoundMethodHandle$Species_LL 24 [I 32 [I 40 java/lang/invoke/MethodHandleImpl$CountingWrapper 98 java/lang/invoke/BoundMethodHandle$Species_LLLL methods 0
ciMethodData java/lang/invoke/LambdaForm$MH+0x0000757cd422e400 invoke (Ljava/lang/Object;Ljava/lang/Object;Ljava/lang/Object;Ljava/lang/Object;)I 2 85939 orig 80 0 0 0 0 0 0 0 0 0 0 0 0 0 0 0 0 0 0 0 0 0 0 0 0 0 0 0 0 0 0 0 0 0 0 0 0 0 0 0 0 0 0 0 0 0 0 0 0 0 0 0 0 0 0 0 0 0 0 0 0 0 0 0 0 0 0 0 0 0 0 0 0 0 0 0 0 0 0 0 0 data 74 0x10004 0x0 0x0 0x757c1c7f3b40 0xff6 0x0 0x0 0xd0004 0x0 0x0 0x757c1c7f3b40 0xff6 0x0 0x0 0x10000b 0x147b2 0x0 0x0 0x0 0x0 0x0 0x1 0x757c1c7f5df0 0x1d0004 0x0 0x0 0x757c1c7f5df0 0x147b2 0x0 0x0 0x250004 0x0 0x0 0x757cb4004ed0 0xff6 0x0 0x0 0x28000a 0x147b2 0x4 0x0 0x757c1c7f5df0 0x1 0x757cb4004ed0 0x2d000a 0x147b2 0x2 0x0 0x757c1c7f5df0 0x320005 0x147b3 0x0 0x0 0x0 0x0 0x0 0x0 0x0 0x0 0x0 0x0 0x0 0x9 0x4 0x0 0x0 0x0 0x0 0xc 0x4 0x0 0x757c1c7f3b40 0x1 0x2 oops 9 3 java/lang/invoke/BoundMethodHandle$Species_LL 10 java/lang/invoke/BoundMethodHandle$Species_LL 22 java/lang/invoke/BoundMethodHandle$Species_I 26 java/lang/invoke/BoundMethodHandle$Species_I 33 java/lang/invoke/MethodType 41 java/lang/invoke/BoundMethodHandle$Species_I 43 java/lang/invoke/MethodType 48 java/lang/invoke/BoundMethodHandle$Species_I 71 java/lang/invoke/BoundMethodHandle$Species_LL methods 0
ciMethodData java/lang/invoke/LambdaForm$MH+0x0000757cd41b4c00 guardWithCatch (Ljava/lang/Object;Ljava/lang/Object;I)I 2 132083 orig 80 0 0 0 0 0 0 0 0 0 0 0 0 0 0 0 0 0 0 0 0 0 0 0 0 0 0 0 0 0 0 0 0 0 0 0 0 0 0 0 0 0 0 0 0 0 0 0 0 0 0 0 0 0 0 0 0 0 0 0 0 0 0 0 0 0 0 0 0 0 0 0 0 0 0 0 0 0 0 0 0 data 87 0x10004 0x0 0x0 0x757c1c796d00 0xf10 0x0 0x0 0x230004 0x0 0x0 0x757c1c790ef0 0xc3a 0x757cb4004ae0 0x2d6 0x28000b 0x1fbf1 0x0 0x0 0x0 0x0 0x0 0x2 0x1 0x2 0x2b0003 0x1fbf6 0x170 0x310004 0x0 0x0 0x0 0x0 0x0 0x0 0x35000b 0x0 0x0 0x0 0x0 0x0 0x0 0x2 0x1 0x0 0x380007 0x0 0xd0 0x0 0x3d0004 0x0 0x0 0x0 0x0 0x0 0x0 0x43000b 0x0 0x0 0x0 0x0 0x0 0x0 0x4 0x1 0x0 0x2 0x0 0x460003 0x0 0x18 0x0 0x0 0x0 0x0 0x0 0x0 0x9 0x3 0x0 0x0 0x0 0xc 0x4 0x0 0x757c1c796d00 0x1 0x2 oops 4 3 java/lang/invoke/BoundMethodHandle$Species_LLLLL 10 java/lang/invoke/DirectMethodHandle$Special 12 java/lang/invoke/DirectMethodHandle 84 java/lang/invoke/BoundMethodHandle$Species_LLLLL methods 0
ciMethodData java/lang/invoke/LambdaForm$MH+0x0000757cd428e400 guardWithCatch (Ljava/lang/Object;Ljava/lang/Object;Ljava/lang/Object;)Ljava/lang/Object; 2 59883 orig 80 0 0 0 0 0 0 0 0 0 0 0 0 0 0 0 0 0 0 0 0 0 0 0 0 0 0 0 0 0 0 0 0 0 0 0 0 0 0 0 0 0 0 0 0 0 0 0 0 0 0 0 0 0 0 0 0 0 0 0 0 0 0 0 0 0 0 0 0 0 0 0 0 0 0 0 0 0 0 0 0 data 91 0x10004 0x0 0x0 0x757c1c796d00 0x9e8 0x0 0x0 0x230004 0x0 0x0 0x757c1c790ef0 0x436 0x757cb4004ae0 0x476 0x28000b 0xe1cc 0x0 0x0 0x0 0x0 0x0 0x5 0x1 0x3 0x2 0x3 0x3 0x2b0003 0xe1cc 0x178 0x310004 0x0 0x0 0x0 0x0 0x0 0x0 0x35000b 0x0 0x0 0x0 0x0 0x0 0x0 0x2 0x1 0x0 0x380007 0x0 0xd8 0x0 0x3d0004 0x0 0x0 0x0 0x0 0x0 0x0 0x43000b 0x0 0x0 0x0 0x0 0x0 0x0 0x5 0x1 0x0 0x2 0x0 0x0 0x460003 0x0 0x18 0x0 0x0 0x0 0x0 0x0 0x0 0x9 0x3 0x0 0x0 0x0 0xc 0x4 0x0 0x757c1c796d00 0x1 0x3 oops 4 3 java/lang/invoke/BoundMethodHandle$Species_LLLLL 10 java/lang/invoke/DirectMethodHandle$Special 12 java/lang/invoke/DirectMethodHandle 88 java/lang/invoke/BoundMethodHandle$Species_LLLLL methods 0
ciMethodData org/robolectric/shadows/ShadowLooper looperMode ()Lorg/robolectric/annotation/LooperMode$Mode; 2 10282 orig 80 0 0 0 0 0 0 0 0 0 0 0 0 0 0 0 0 0 0 0 0 0 0 0 0 0 0 0 0 0 0 0 0 0 0 0 0 0 0 0 0 0 0 0 0 0 0 0 0 0 0 0 0 0 0 0 0 0 0 0 0 0 0 0 0 0 0 0 0 0 0 0 0 0 0 0 0 0 0 0 0 data 21 0x90007 0x201c 0x68 0x6 0xe0002 0x6 0x110004 0x0 0x0 0x757ca8770150 0x6 0x0 0x0 0x0 0x0 0x0 0x0 0x0 0x0 0x9 0x0 oops 1 9 org/robolectric/annotation/LooperMode$Mode methods 0
ciMethodData org/robolectric/config/ConfigurationRegistry get (Ljava/lang/Class;)Ljava/lang/Object; 1 390 orig 80 0 0 0 0 0 0 0 0 0 0 0 0 125 117 0 0 0 0 0 0 0 0 0 0 0 0 0 0 0 0 0 0 0 0 0 0 0 0 0 0 0 0 0 0 0 0 0 0 0 0 0 0 0 0 0 0 0 0 0 0 0 0 0 0 0 0 0 0 0 0 0 0 0 0 0 0 0 0 0 0 data 8 0x40002 0x101 0x0 0x0 0x0 0x9 0x1 0xffffffffffffffff oops 0 methods 0
ciMethodData org/robolectric/config/ConfigurationRegistry getInSandboxClassLoader (Ljava/lang/Class;)Ljava/lang/Object; 1 279 orig 80 0 0 0 0 0 0 0 0 0 0 0 0 125 117 0 0 0 0 0 0 0 0 0 0 0 0 0 0 0 0 0 0 0 0 0 0 0 0 0 0 0 0 0 0 0 0 0 0 0 0 0 0 0 0 0 0 0 0 0 0 0 0 0 0 0 0 0 0 0 0 0 0 0 0 0 0 0 0 0 0 data 37 0x50005 0x100 0x0 0x0 0x0 0x0 0x0 0x80005 0x0 0x0 0x757ca82371f0 0x100 0x0 0x0 0xf0007 0x100 0x20 0x0 0x150002 0x100 0x1b0005 0x100 0x0 0x0 0x0 0x0 0x0 0x0 0x0 0x0 0x0 0x0 0x0 0x9 0x2 0x0 0xffffffffffffffff oops 1 10 java/util/HashMap methods 0
ciMethodData org/robolectric/shadows/ShadowSystem currentTimeMillis ()J 2 12561 orig 80 0 0 0 0 0 0 0 0 0 0 0 0 0 0 0 0 0 0 0 0 0 0 0 0 0 0 0 0 0 0 0 0 0 0 0 0 0 0 0 0 0 0 0 0 0 0 0 0 0 0 0 0 0 0 0 0 0 0 0 0 0 0 0 0 0 0 0 0 0 0 0 0 0 0 0 0 0 0 0 0 data 18 0x2 0x2e46 0x60007 0x2e46 0x30 0x0 0x90002 0x0 0xd0002 0x2e46 0x0 0x0 0x0 0x0 0x0 0x0 0x9 0x0 oops 0 methods 0
ciMethodData android/os/SystemClock uptimeMillis ()J 2 17089 orig 80 0 0 0 0 0 0 0 0 0 0 0 0 125 117 0 0 0 0 0 0 0 0 0 0 0 0 0 0 0 0 0 0 0 0 0 0 0 0 0 0 0 0 0 0 0 0 0 0 0 0 0 0 0 0 0 0 0 0 0 0 0 0 0 0 0 0 0 0 0 0 0 0 0 0 0 0 0 0 0 0 data 5 0x2 0x4140 0x0 0x9 0x0 oops 0 methods 0
ciMethodData android/database/sqlite/SQLiteClosable acquireReference ()V 2 147891 orig 80 0 0 0 0 0 0 0 0 0 0 0 0 125 117 0 0 0 0 0 0 0 0 0 0 0 0 0 0 0 0 0 0 0 0 0 0 0 0 0 0 0 0 0 0 0 0 0 0 0 0 0 0 0 0 0 0 0 0 0 0 0 0 0 0 0 0 0 0 0 0 0 0 0 0 0 0 0 0 0 0 data 10 0x1000a 0x239a7 0x2 0x0 0x2 0x0 0x0 0x9 0x1 0x0 oops 0 methods 0
ciMethodData android/database/sqlite/SQLiteClosable $$robo$$android_database_sqlite_SQLiteClosable$acquireReference ()V 2 10304 orig 80 0 0 0 0 0 0 0 0 0 0 0 0 125 117 0 0 0 0 0 0 0 0 0 0 0 0 0 0 0 0 0 0 0 0 0 0 0 0 0 0 0 0 0 0 0 0 0 0 0 0 0 0 0 0 0 0 0 0 0 0 0 0 0 0 0 0 0 0 0 0 0 0 0 0 0 0 0 0 0 0 data 41 0x80007 0x203d 0xe8 0x0 0x130002 0x0 0x180005 0x0 0x0 0x0 0x0 0x0 0x0 0x1c0005 0x0 0x0 0x0 0x0 0x0 0x0 0x1f0005 0x0 0x0 0x0 0x0 0x0 0x0 0x220002 0x0 0x320003 0x203d 0x18 0x0 0x0 0x0 0x0 0x0 0x0 0x9 0x1 0x0 oops 0 methods 0
ciMethodData java/lang/invoke/LambdaForm$MH+0x0000757cd41af400 guard (Ljava/lang/Object;Ljava/lang/Object;I)V 2 95757 orig 80 0 0 0 0 0 0 0 0 0 0 0 0 0 0 0 0 0 0 0 0 0 0 0 0 0 0 0 0 0 0 0 0 0 0 0 0 0 0 0 0 0 0 0 0 0 0 0 0 0 0 0 0 0 0 0 0 0 0 0 0 0 0 0 0 0 0 0 0 0 0 0 0 0 0 0 0 0 0 0 0 data 108 0x10004 0x0 0x0 0x757c1c7f0440 0x1493 0x0 0x0 0x1d0004 0x0 0x0 0x757c1c7f3b40 0x1493 0x0 0x0 0x22000b 0x16e06 0x0 0x0 0x0 0x0 0x0 0x2 0x1 0x2 0x2d0004 0x0 0x0 0x757cb4013240 0x1493 0x0 0x0 0x30000a 0x16e06 0x2 0x1 0x757cb4013240 0x390007 0x0 0xf8 0x16e06 0x3e0004 0x0 0x0 0x757c1c7f3bf0 0x1493 0x0 0x0 0x450004 0x0 0x0 0x0 0x0 0x0 0x0 0x4a000b 0x16e06 0x0 0x0 0x0 0x0 0x0 0x2 0x1 0x2 0x4d0003 0x16e06 0xd8 0x520004 0x0 0x0 0x0 0x0 0x0 0x0 0x590004 0x0 0x0 0x0 0x0 0x0 0x0 0x5e000b 0x0 0x0 0x0 0x0 0x0 0x0 0x2 0x1 0x0 0x0 0x0 0x0 0x0 0x0 0x0 0x9 0x3 0x0 0x0 0x0 0xc 0x4 0x0 0x757c1c7f0440 0x1 0x2 oops 6 3 java/lang/invoke/BoundMethodHandle$Species_LLLL 10 java/lang/invoke/BoundMethodHandle$Species_LL 27 [I 35 [I 43 java/lang/invoke/MethodHandleImpl$CountingWrapper 105 java/lang/invoke/BoundMethodHandle$Species_LLLL methods 0
ciMethodData java/lang/invoke/LambdaForm$MH+0x0000757cd4285800 invoke (Ljava/lang/Object;Ljava/lang/Object;Ljava/lang/Object;Ljava/lang/Object;Ljava/lang/Object;)I 2 71447 orig 80 0 0 0 0 0 0 0 0 0 0 0 0 0 0 0 0 0 0 0 0 0 0 0 0 0 0 0 0 0 0 0 0 0 0 0 0 0 0 0 0 0 0 0 0 0 0 0 0 0 0 0 0 0 0 0 0 0 0 0 0 0 0 0 0 0 0 0 0 0 0 0 0 0 0 0 0 0 0 0 0 data 75 0x10004 0x0 0x0 0x757c1c7f3b40 0xa06 0x0 0x0 0xd0004 0x0 0x0 0x757c1c7f3b40 0xa06 0x0 0x0 0x10000b 0x10ee1 0x0 0x0 0x0 0x0 0x0 0x1 0x757c1c7f5df0 0x1d0004 0x0 0x0 0x757c1c7f5df0 0x10ee1 0x0 0x0 0x250004 0x0 0x0 0x757cb4004ed0 0xa06 0x0 0x0 0x28000a 0x10ee1 0x4 0x0 0x757c1c7f5df0 0x1 0x757cb4004ed0 0x2d000a 0x10ee1 0x2 0x0 0x757c1c7f5df0 0x320005 0x10ee1 0x0 0x0 0x0 0x0 0x0 0x0 0x0 0x0 0x0 0x0 0x0 0x9 0x5 0x0 0x0 0x0 0x0 0x0 0xc 0x4 0x0 0x757c1c7f3b40 0x1 0x2 oops 9 3 java/lang/invoke/BoundMethodHandle$Species_LL 10 java/lang/invoke/BoundMethodHandle$Species_LL 22 java/lang/invoke/BoundMethodHandle$Species_I 26 java/lang/invoke/BoundMethodHandle$Species_I 33 java/lang/invoke/MethodType 41 java/lang/invoke/BoundMethodHandle$Species_I 43 java/lang/invoke/MethodType 48 java/lang/invoke/BoundMethodHandle$Species_I 72 java/lang/invoke/BoundMethodHandle$Species_LL methods 0
ciMethodData java/lang/invoke/LambdaForm$MH+0x0000757cd4197000 guardWithCatch (Ljava/lang/Object;)Ljava/lang/Object; 2 40108 orig 80 0 0 0 0 0 0 0 0 0 0 0 0 0 0 0 0 0 0 0 0 0 0 0 0 0 0 0 0 0 0 0 0 0 0 0 0 0 0 0 0 0 0 0 0 0 0 0 0 0 0 0 0 0 0 0 0 0 0 0 0 0 0 0 0 0 0 0 0 0 0 0 0 0 0 0 0 0 0 0 0 data 81 0x10004 0x0 0x0 0x757c1c796d00 0x392 0x0 0x0 0x210004 0x0 0x0 0x757cb4004ae0 0x392 0x0 0x0 0x24000b 0x94ac 0x0 0x0 0x0 0x0 0x0 0x1 0x3 0x270003 0x94ae 0x168 0x2c0004 0x0 0x0 0x0 0x0 0x0 0x0 0x30000b 0x0 0x0 0x0 0x0 0x0 0x0 0x2 0x1 0x0 0x330007 0x0 0xc8 0x0 0x370004 0x0 0x0 0x0 0x0 0x0 0x0 0x3b000b 0x0 0x0 0x0 0x0 0x0 0x0 0x3 0x1 0x0 0x0 0x3e0003 0x0 0x18 0x0 0x0 0x0 0x0 0x0 0x0 0x9 0x1 0x0 0xc 0x2 0x0 0x757c1c796d00 oops 3 3 java/lang/invoke/BoundMethodHandle$Species_LLLLL 10 java/lang/invoke/DirectMethodHandle 80 java/lang/invoke/BoundMethodHandle$Species_LLLLL methods 0
ciMethodData java/lang/invoke/LambdaForm$MH+0x0000757cd41a7000 guard (Ljava/lang/Object;)J 2 17374 orig 80 0 0 0 0 0 0 0 0 0 0 0 0 0 0 0 0 0 0 0 0 0 0 0 0 0 0 0 0 0 0 0 0 0 0 0 0 0 0 0 0 0 0 0 0 0 0 0 0 0 0 0 0 0 0 0 0 0 0 0 0 0 0 0 0 0 0 0 0 0 0 0 0 0 0 0 0 0 0 0 0 data 95 0x10004 0x0 0x0 0x757c1c7f0440 0x2 0x0 0x0 0x1b0004 0x0 0x0 0x757c1c7f3b40 0x2 0x0 0x0 0x1e0005 0x4150 0x0 0x0 0x0 0x0 0x0 0x290004 0x0 0x0 0x757cb4013240 0x2 0x0 0x0 0x2c000a 0x4151 0x2 0x1 0x757cb4013240 0x350007 0x0 0xe0 0x4151 0x390004 0x0 0x0 0x757c1c7f3bf0 0x2 0x0 0x0 0x400004 0x0 0x0 0x757c1c7f3bf0 0x2 0x0 0x0 0x430005 0x4151 0x0 0x0 0x0 0x0 0x0 0x460003 0x4151 0xc0 0x4a0004 0x0 0x0 0x0 0x0 0x0 0x0 0x510004 0x0 0x0 0x0 0x0 0x0 0x0 0x540005 0x0 0x0 0x0 0x0 0x0 0x0 0x0 0x0 0x0 0x0 0x0 0x0 0x9 0x1 0x0 0xc 0x2 0x0 0x757c1c7f0440 oops 7 3 java/lang/invoke/BoundMethodHandle$Species_LLLL 10 java/lang/invoke/BoundMethodHandle$Species_LL 24 [I 32 [I 40 java/lang/invoke/MethodHandleImpl$CountingWrapper 47 java/lang/invoke/MethodHandleImpl$CountingWrapper 94 java/lang/invoke/BoundMethodHandle$Species_LLLL methods 0
ciMethodData java/lang/invoke/LambdaForm$MH+0x0000757cd4338000 invoke (Ljava/lang/Object;Ljava/lang/Object;Ljava/lang/Object;ILjava/lang/Object;)I 2 51639 orig 80 0 0 0 0 0 0 0 0 0 0 0 0 0 0 0 0 0 0 0 0 0 0 0 0 0 0 0 0 0 0 0 0 0 0 0 0 0 0 0 0 0 0 0 0 0 0 0 0 0 0 0 0 0 0 0 0 0 0 0 0 0 0 0 0 0 0 0 0 0 0 0 0 0 0 0 0 0 0 0 0 data 75 0x10004 0x0 0x0 0x757c1c7f3b40 0x2e27 0x0 0x0 0xd0004 0x0 0x0 0x757c1c7f3b40 0x2e27 0x0 0x0 0x10000b 0xc1b6 0x0 0x0 0x0 0x0 0x0 0x1 0x757c1c7f5df0 0x1d0004 0x0 0x0 0x757c1c7f5df0 0xc1b6 0x0 0x0 0x250004 0x0 0x0 0x757cb4004ed0 0x2e27 0x0 0x0 0x28000a 0xc1b4 0x4 0x0 0x757c1c7f5df0 0x1 0x757cb4004ed0 0x2d000a 0xc1b5 0x2 0x0 0x757c1c7f5df0 0x320005 0xc1b5 0x0 0x0 0x0 0x0 0x0 0x0 0x0 0x0 0x0 0x0 0x0 0x9 0x5 0x0 0x0 0x0 0x0 0x0 0xc 0x4 0x0 0x757c1c7f3b40 0x1 0x2 oops 9 3 java/lang/invoke/BoundMethodHandle$Species_LL 10 java/lang/invoke/BoundMethodHandle$Species_LL 22 java/lang/invoke/BoundMethodHandle$Species_I 26 java/lang/invoke/BoundMethodHandle$Species_I 33 java/lang/invoke/MethodType 41 java/lang/invoke/BoundMethodHandle$Species_I 43 java/lang/invoke/MethodType 48 java/lang/invoke/BoundMethodHandle$Species_I 72 java/lang/invoke/BoundMethodHandle$Species_LL methods 0
ciMethodData java/lang/invoke/LambdaForm$MH+0x0000757cd41a5800 guardWithCatch (Ljava/lang/Object;)J 2 17375 orig 80 0 0 0 0 0 0 0 0 0 0 0 0 0 0 0 0 0 0 0 0 0 0 0 0 0 0 0 0 0 0 0 0 0 0 0 0 0 0 0 0 0 0 0 0 0 0 0 0 0 0 0 0 0 0 0 0 0 0 0 0 0 0 0 0 0 0 0 0 0 0 0 0 0 0 0 0 0 0 0 0 data 78 0x10004 0x0 0x0 0x757c1c796d00 0x1 0x0 0x0 0x210004 0x0 0x0 0x757cb4004ae0 0x1 0x0 0x0 0x240005 0x4150 0x0 0x0 0x0 0x0 0x0 0x270003 0x4150 0x160 0x2c0004 0x0 0x0 0x0 0x0 0x0 0x0 0x30000b 0x0 0x0 0x0 0x0 0x0 0x0 0x2 0x1 0x0 0x330007 0x0 0xc0 0x0 0x370004 0x0 0x0 0x0 0x0 0x0 0x0 0x3b000b 0x0 0x0 0x0 0x0 0x0 0x0 0x2 0x1 0x0 0x3e0003 0x0 0x18 0x0 0x0 0x0 0x0 0x0 0x0 0x9 0x1 0x0 0xc 0x2 0x0 0x757c1c796d00 oops 3 3 java/lang/invoke/BoundMethodHandle$Species_LLLLL 10 java/lang/invoke/DirectMethodHandle 77 java/lang/invoke/BoundMethodHandle$Species_LLLLL methods 0
ciMethodData java/lang/invoke/LambdaForm$MH+0x0000757cd41adc00 guardWithCatch (Ljava/lang/Object;Ljava/lang/Object;I)V 2 95821 orig 80 0 0 0 0 0 0 0 0 0 0 0 0 0 0 0 0 0 0 0 0 0 0 0 0 0 0 0 0 0 0 0 0 0 0 0 0 0 0 0 0 0 0 0 0 0 0 0 0 0 0 0 0 0 0 0 0 0 0 0 0 0 0 0 0 0 0 0 0 0 0 0 0 0 0 0 0 0 0 0 0 data 87 0x10004 0x0 0x0 0x757c1c796d00 0x171c 0x0 0x0 0x230004 0x0 0x0 0x757c1c790ef0 0x15f3 0x757c1c7f3b40 0xd9 0x28000b 0x16e48 0x0 0x0 0x0 0x0 0x0 0x2 0x1 0x2 0x2b0003 0x16e48 0x170 0x310004 0x0 0x0 0x0 0x0 0x0 0x0 0x35000b 0x0 0x0 0x0 0x0 0x0 0x0 0x2 0x1 0x0 0x380007 0x0 0xd0 0x0 0x3d0004 0x0 0x0 0x0 0x0 0x0 0x0 0x43000b 0x0 0x0 0x0 0x0 0x0 0x0 0x4 0x1 0x0 0x2 0x0 0x460003 0x0 0x18 0x0 0x0 0x0 0x0 0x0 0x0 0x9 0x3 0x0 0x0 0x0 0xc 0x4 0x0 0x757c1c796d00 0x1 0x2 oops 4 3 java/lang/invoke/BoundMethodHandle$Species_LLLLL 10 java/lang/invoke/DirectMethodHandle$Special 12 java/lang/invoke/BoundMethodHandle$Species_LL 84 java/lang/invoke/BoundMethodHandle$Species_LLLLL methods 0
ciMethodData java/lang/invoke/LambdaForm$MH+0x0000757cd422f000 guard (Ljava/lang/Object;Ljava/lang/Object;Ljava/lang/Object;Ljava/lang/Object;)V 2 38772 orig 80 0 0 0 0 0 0 0 0 0 0 0 0 0 0 0 0 0 0 0 0 0 0 0 0 0 0 0 0 0 0 0 0 0 0 0 0 0 0 0 0 0 0 0 0 0 0 0 0 0 0 0 0 0 0 0 0 0 0 0 0 0 0 0 0 0 0 0 0 0 0 0 0 0 0 0 0 0 0 0 0 data 115 0x10004 0x0 0x0 0x0 0x0 0x0 0x0 0x1f0004 0x0 0x0 0x0 0x0 0x0 0x0 0x25000b 0x8f09 0x0 0x0 0x0 0x0 0x0 0x4 0x1 0x757ca97e8010 0x2 0x0 0x300004 0x0 0x0 0x0 0x0 0x0 0x0 0x33000a 0x8f09 0x2 0x1 0x757cb4013240 0x3c0007 0x0 0x108 0x8f09 0x410004 0x0 0x0 0x0 0x0 0x0 0x0 0x480004 0x0 0x0 0x0 0x0 0x0 0x0 0x4e000b 0x8f09 0x0 0x0 0x0 0x0 0x0 0x4 0x1 0x757ca97e8010 0x2 0x0 0x510003 0x8f09 0xe8 0x560004 0x0 0x0 0x0 0x0 0x0 0x0 0x5d0004 0x0 0x0 0x0 0x0 0x0 0x0 0x63000b 0x0 0x0 0x0 0x0 0x0 0x0 0x4 0x1 0x0 0x2 0x0 0x0 0x0 0x0 0x0 0x0 0x0 0x9 0x4 0x0 0x0 0x0 0x0 0xc 0x4 0x0 0x757c1c7f0440 0x1 0x757ca97e8010 oops 5 23 android/database/sqlite/SQLiteConnection 37 [I 65 android/database/sqlite/SQLiteConnection 112 java/lang/invoke/BoundMethodHandle$Species_LLLL 114 android/database/sqlite/SQLiteConnection methods 0
ciMethodData java/lang/invoke/LambdaForm$MH+0x0000757cd4376000 guard (Ljava/lang/Object;JJ)V 2 31085 orig 80 0 0 0 0 0 0 0 0 0 0 0 0 0 0 0 0 0 0 0 0 0 0 0 0 0 0 0 0 0 0 0 0 0 0 0 0 0 0 0 0 0 0 0 0 0 0 0 0 0 0 0 0 0 0 0 0 0 0 0 0 0 0 0 0 0 0 0 0 0 0 0 0 0 0 0 0 0 0 0 0 data 99 0x10004 0x0 0x0 0x757c1c7f0440 0x1 0x0 0x0 0x1f0004 0x0 0x0 0x757c1c7f3b40 0x1 0x0 0x0 0x240005 0x749a 0x0 0x0 0x0 0x0 0x0 0x2f0004 0x0 0x0 0x757cb4013240 0x1 0x0 0x0 0x32000a 0x749a 0x2 0x1 0x757cb4013240 0x3b0007 0x0 0xe0 0x749a 0x400004 0x0 0x0 0x757c1c7f3bf0 0x1 0x0 0x0 0x470004 0x0 0x0 0x757c1c7f3bf0 0x1 0x0 0x0 0x4c0005 0x749a 0x0 0x0 0x0 0x0 0x0 0x4f0003 0x749a 0xc0 0x540004 0x0 0x0 0x0 0x0 0x0 0x0 0x5b0004 0x0 0x0 0x0 0x0 0x0 0x0 0x600005 0x0 0x0 0x0 0x0 0x0 0x0 0x0 0x0 0x0 0x0 0x0 0x0 0x9 0x5 0x0 0x0 0x0 0x0 0x0 0xc 0x2 0x0 0x757c1c7f0440 oops 7 3 java/lang/invoke/BoundMethodHandle$Species_LLLL 10 java/lang/invoke/BoundMethodHandle$Species_LL 24 [I 32 [I 40 java/lang/invoke/MethodHandleImpl$CountingWrapper 47 java/lang/invoke/MethodHandleImpl$CountingWrapper 98 java/lang/invoke/BoundMethodHandle$Species_LLLL methods 0
ciMethodData java/lang/invoke/LambdaForm$MH+0x0000757cd435d800 guard (Ljava/lang/Object;Ljava/lang/Object;Ljava/lang/Object;Ljava/lang/Object;Ljava/lang/Object;)I 2 36675 orig 80 0 0 0 0 0 0 0 0 0 0 0 0 0 0 0 0 0 0 0 0 0 0 0 0 0 0 0 0 0 0 0 0 0 0 0 0 0 0 0 0 0 0 0 0 0 0 0 0 0 0 0 0 0 0 0 0 0 0 0 0 0 0 0 0 0 0 0 0 0 0 0 0 0 0 0 0 0 0 0 0 data 116 0x10004 0x0 0x0 0x0 0x0 0x0 0x0 0x1f0004 0x0 0x0 0x0 0x0 0x0 0x0 0x27000b 0x8c93 0x0 0x0 0x0 0x0 0x0 0x4 0x1 0x2 0x2 0x0 0x320004 0x0 0x0 0x0 0x0 0x0 0x0 0x35000a 0x8c93 0x2 0x1 0x757cb4013240 0x3e0007 0x0 0x108 0x8c93 0x430004 0x0 0x0 0x0 0x0 0x0 0x0 0x4a0004 0x0 0x0 0x0 0x0 0x0 0x0 0x52000b 0x8c93 0x0 0x0 0x0 0x0 0x0 0x4 0x1 0x2 0x2 0x0 0x550003 0x8c93 0xe8 0x5a0004 0x0 0x0 0x0 0x0 0x0 0x0 0x610004 0x0 0x0 0x0 0x0 0x0 0x0 0x69000b 0x0 0x0 0x0 0x0 0x0 0x0 0x4 0x1 0x0 0x2 0x0 0x0 0x0 0x0 0x0 0x0 0x0 0x9 0x5 0x0 0x0 0x0 0x0 0x0 0xc 0x4 0x0 0x757c1c7f0440 0x1 0x2 oops 2 37 [I 113 java/lang/invoke/BoundMethodHandle$Species_LLLL methods 0
ciMethodData java/lang/invoke/LambdaForm$MH+0x0000757cd41b3c00 guard (Ljava/lang/Object;)I 2 49130 orig 80 0 0 0 0 0 0 0 0 0 0 0 0 0 0 0 0 0 0 0 0 0 0 0 0 0 0 0 0 0 0 0 0 0 0 0 0 0 0 0 0 0 0 0 0 0 0 0 0 0 0 0 0 0 0 0 0 0 0 0 0 0 0 0 0 0 0 0 0 0 0 0 0 0 0 0 0 0 0 0 0 data 95 0x10004 0x0 0x0 0x757c1c7f0440 0x5bf 0x0 0x0 0x1b0004 0x0 0x0 0x757c1c7f3b40 0x5bf 0x0 0x0 0x1e0005 0xb7e5 0x0 0x0 0x0 0x0 0x0 0x290004 0x0 0x0 0x757cb4013240 0x5bf 0x0 0x0 0x2c000a 0xb7df 0x2 0x1 0x757cb4013240 0x350007 0x0 0xe0 0xb7d8 0x390004 0x0 0x0 0x757c1c7f3bf0 0x5bf 0x0 0x0 0x400004 0x0 0x0 0x0 0x0 0x0 0x0 0x430005 0xb7d8 0x0 0x0 0x0 0x0 0x0 0x460003 0xb7e6 0xc0 0x4a0004 0x0 0x0 0x0 0x0 0x0 0x0 0x510004 0x0 0x0 0x0 0x0 0x0 0x0 0x540005 0x0 0x0 0x0 0x0 0x0 0x0 0x0 0x0 0x0 0x0 0x0 0x0 0x9 0x1 0x0 0xc 0x2 0x0 0x757c1c7f0440 oops 6 3 java/lang/invoke/BoundMethodHandle$Species_LLLL 10 java/lang/invoke/BoundMethodHandle$Species_LL 24 [I 32 [I 40 java/lang/invoke/MethodHandleImpl$CountingWrapper 94 java/lang/invoke/BoundMethodHandle$Species_LLLL methods 0
ciMethodData java/lang/invoke/LambdaForm$MH+0x0000757cd42a5800 guard (Ljava/lang/Object;Ljava/lang/Object;I)Ljava/lang/Object; 2 73354 orig 80 0 0 0 0 0 0 0 0 0 0 0 0 0 0 0 0 0 0 0 0 0 0 0 0 0 0 0 0 0 0 0 0 0 0 0 0 0 0 0 0 0 0 0 0 0 0 0 0 0 0 0 0 0 0 0 0 0 0 0 0 0 0 0 0 0 0 0 0 0 0 0 0 0 0 0 0 0 0 0 0 data 110 0x10004 0x0 0x0 0x757c1c7f0440 0x1207 0x0 0x0 0x1d0004 0x0 0x0 0x757c1c7f3b40 0x1207 0x0 0x0 0x22000b 0x11651 0x0 0x0 0x0 0x0 0x0 0x2 0x1 0x2 0x2d0004 0x0 0x0 0x757cb4013240 0x1207 0x0 0x0 0x30000a 0x11650 0x2 0x1 0x757cb4013240 0x390007 0x0 0x100 0x11650 0x3e0004 0x0 0x0 0x757c1c7f3bf0 0x1207 0x0 0x0 0x450004 0x0 0x0 0x0 0x0 0x0 0x0 0x4a000b 0x11650 0x0 0x0 0x0 0x0 0x0 0x3 0x1 0x2 0x3 0x4d0003 0x11650 0xe0 0x520004 0x0 0x0 0x0 0x0 0x0 0x0 0x590004 0x0 0x0 0x0 0x0 0x0 0x0 0x5e000b 0x0 0x0 0x0 0x0 0x0 0x0 0x3 0x1 0x0 0x0 0x0 0x0 0x0 0x0 0x0 0x0 0x9 0x3 0x0 0x0 0x0 0xc 0x4 0x0 0x757c1c7f0440 0x1 0x2 oops 6 3 java/lang/invoke/BoundMethodHandle$Species_LLLL 10 java/lang/invoke/BoundMethodHandle$Species_LL 27 [I 35 [I 43 java/lang/invoke/MethodHandleImpl$CountingWrapper 107 java/lang/invoke/BoundMethodHandle$Species_LLLL methods 0
ciMethodData java/lang/invoke/LambdaForm$MH+0x0000757cd42a4800 guardWithCatch (Ljava/lang/Object;Ljava/lang/Object;I)Ljava/lang/Object; 2 73354 orig 80 0 0 0 0 0 0 0 0 0 0 0 0 0 0 0 0 0 0 0 0 0 0 0 0 0 0 0 0 0 0 0 0 0 0 0 0 0 0 0 0 0 0 0 0 0 0 0 0 0 0 0 0 0 0 0 0 0 0 0 0 0 0 0 0 0 0 0 0 0 0 0 0 0 0 0 0 0 0 0 0 data 89 0x10004 0x0 0x0 0x757c1c796d00 0x1205 0x0 0x0 0x230004 0x0 0x0 0x757c1c790ef0 0x1205 0x0 0x0 0x28000b 0x1164f 0x0 0x0 0x0 0x0 0x0 0x3 0x1 0x2 0x3 0x2b0003 0x1164f 0x178 0x310004 0x0 0x0 0x0 0x0 0x0 0x0 0x35000b 0x0 0x0 0x0 0x0 0x0 0x0 0x2 0x1 0x0 0x380007 0x0 0xd8 0x0 0x3d0004 0x0 0x0 0x0 0x0 0x0 0x0 0x43000b 0x0 0x0 0x0 0x0 0x0 0x0 0x5 0x1 0x0 0x2 0x0 0x0 0x460003 0x0 0x18 0x0 0x0 0x0 0x0 0x0 0x0 0x9 0x3 0x0 0x0 0x0 0xc 0x4 0x0 0x757c1c796d00 0x1 0x2 oops 3 3 java/lang/invoke/BoundMethodHandle$Species_LLLLL 10 java/lang/invoke/DirectMethodHandle$Special 86 java/lang/invoke/BoundMethodHandle$Species_LLLLL methods 0
ciMethodData java/lang/invoke/LambdaForm$MH+0x0000757cd435c000 guardWithCatch (Ljava/lang/Object;Ljava/lang/Object;Ljava/lang/Object;Ljava/lang/Object;Ljava/lang/Object;)I 2 36679 orig 80 0 0 0 0 0 0 0 0 0 0 0 0 0 0 0 0 0 0 0 0 0 0 0 0 0 0 0 0 0 0 0 0 0 0 0 0 0 0 0 0 0 0 0 0 0 0 0 0 0 0 0 0 0 0 0 0 0 0 0 0 0 0 0 0 0 0 0 0 0 0 0 0 0 0 0 0 0 0 0 0 data 91 0x10004 0x0 0x0 0x757c1c796d00 0x14b 0x0 0x0 0x250004 0x0 0x0 0x757c1c790ef0 0x14b 0x0 0x0 0x2d000b 0x8de2 0x0 0x0 0x0 0x0 0x0 0x4 0x1 0x2 0x2 0x757cb4002ac0 0x300003 0x8de2 0x170 0x360004 0x0 0x0 0x0 0x0 0x0 0x0 0x3a000b 0x0 0x0 0x0 0x0 0x0 0x0 0x2 0x1 0x0 0x3d0007 0x0 0xd0 0x0 0x420004 0x0 0x0 0x0 0x0 0x0 0x0 0x4b000b 0x0 0x0 0x0 0x0 0x0 0x0 0x4 0x1 0x0 0x2 0x0 0x4e0003 0x0 0x18 0x0 0x0 0x0 0x0 0x0 0x0 0x9 0x5 0x0 0x0 0x0 0x0 0x0 0xc 0x4 0x0 0x757c1c796d00 0x1 0x2 oops 4 3 java/lang/invoke/BoundMethodHandle$Species_LLLLL 10 java/lang/invoke/DirectMethodHandle$Special 25 java/lang/String 88 java/lang/invoke/BoundMethodHandle$Species_LLLLL methods 0
ciMethodData java/lang/invoke/LambdaForm$MH+0x0000757cd41ab400 invoke (Ljava/lang/Object;Ljava/lang/Object;Ljava/lang/Object;I)I 2 36608 orig 80 0 0 0 0 0 0 0 0 0 0 0 0 0 0 0 0 0 0 0 0 0 0 0 0 0 0 0 0 0 0 0 0 0 0 0 0 0 0 0 0 0 0 0 0 0 0 0 0 0 0 0 0 0 0 0 0 0 0 0 0 0 0 0 0 0 0 0 0 0 0 0 0 0 0 0 0 0 0 0 0 data 74 0x10004 0x0 0x0 0x757c1c7f3b40 0x2ed6 0x0 0x0 0xd0004 0x0 0x0 0x757c1c7f3b40 0x2ed6 0x0 0x0 0x10000b 0x8700 0x0 0x0 0x0 0x0 0x0 0x1 0x757c1c7f5df0 0x1d0004 0x0 0x0 0x757c1c7f5df0 0x86ff 0x0 0x0 0x250004 0x0 0x0 0x757cb4004ed0 0x2ed6 0x0 0x0 0x28000a 0x8700 0x4 0x0 0x757c1c7f5df0 0x1 0x757cb4004ed0 0x2d000a 0x86ff 0x2 0x0 0x757c1c7f5df0 0x320005 0x8700 0x0 0x0 0x0 0x0 0x0 0x0 0x0 0x0 0x0 0x0 0x0 0x9 0x4 0x0 0x0 0x0 0x0 0xc 0x4 0x0 0x757c1c7f3b40 0x1 0x2 oops 9 3 java/lang/invoke/BoundMethodHandle$Species_LL 10 java/lang/invoke/BoundMethodHandle$Species_LL 22 java/lang/invoke/BoundMethodHandle$Species_I 26 java/lang/invoke/BoundMethodHandle$Species_I 33 java/lang/invoke/MethodType 41 java/lang/invoke/BoundMethodHandle$Species_I 43 java/lang/invoke/MethodType 48 java/lang/invoke/BoundMethodHandle$Species_I 71 java/lang/invoke/BoundMethodHandle$Species_LL methods 0
ciMethodData android/database/sqlite/SQLiteConnection$OperationLog beginOperation (Ljava/lang/String;Ljava/lang/String;[Ljava/lang/Object;)I 2 37599 orig 80 0 0 0 0 0 0 0 0 0 0 0 0 125 117 0 0 0 0 0 0 0 0 0 0 0 0 0 0 0 0 0 0 0 0 0 0 0 0 0 0 0 0 0 0 0 0 0 0 0 0 0 0 0 0 0 0 0 0 0 0 0 0 0 0 0 0 0 0 0 0 0 0 0 0 0 0 0 0 0 0 data 15 0x4000a 0x8ac2 0x4 0x0 0x757c1c9ae6b0 0x1 0x757cb4002ac0 0x0 0x0 0x9 0x4 0x0 0x0 0x0 0x0 oops 2 4 android/database/sqlite/SQLiteConnection$OperationLog 6 java/lang/String methods 0
ciMethodData android/database/sqlite/SQLiteConnection$OperationLog endOperationDeferLogLocked (I)Z 2 42498 orig 80 0 0 0 0 0 0 0 0 0 0 0 0 125 117 0 0 0 0 0 0 0 0 0 0 0 0 0 0 0 0 0 0 0 0 0 0 0 0 0 0 0 0 0 0 0 0 0 0 0 0 0 0 0 0 0 0 0 0 0 0 0 0 0 0 0 0 0 0 0 0 0 0 0 0 0 0 0 0 0 0 data 11 0x2000a 0xa2fe 0x2 0x0 0x757c1c9ae6b0 0x0 0x0 0x9 0x2 0x0 0x0 oops 1 4 android/database/sqlite/SQLiteConnection$OperationLog methods 0
ciMethodData android/database/sqlite/SQLiteConnection$OperationLog $$robo$$android_database_sqlite_SQLiteConnection_OperationLog$endOperationDeferLogLocked (I)Z 2 7589 orig 80 0 0 0 0 0 0 0 0 0 0 0 0 125 117 0 0 0 0 0 0 0 0 0 0 0 0 0 0 0 0 0 0 0 0 0 0 0 0 0 0 0 0 0 0 0 0 0 0 0 0 0 0 0 0 0 0 0 0 0 0 0 0 0 0 0 0 0 0 0 0 0 0 0 0 0 0 0 0 0 0 data 31 0x20002 0x1c7f 0x70007 0x0 0x98 0x1c7f 0xb0002 0x1c7f 0x1b0007 0x1c7f 0x68 0x0 0x270002 0x0 0x2a0007 0x0 0x38 0x0 0x2e0003 0x0 0x18 0x0 0x0 0x0 0x0 0x0 0x0 0x9 0x2 0x0 0x0 oops 0 methods 0
ciMethodData android/os/Looper getMainLooper ()Landroid/os/Looper; 1 1664 orig 80 0 0 0 0 0 0 0 0 0 0 0 0 125 117 0 0 0 0 0 0 0 0 0 0 0 0 0 0 0 0 0 0 0 0 0 0 0 0 0 0 0 0 0 0 0 0 0 0 0 0 0 0 0 0 0 0 0 0 0 0 0 0 0 0 0 0 0 0 0 0 0 0 0 0 0 0 0 0 0 0 data 7 0xa 0x2df 0x1 0x757c1c823e40 0x0 0x9 0x0 oops 1 3 android/os/Looper methods 0
ciMethodData android/os/Looper $$robo$$android_os_Looper$getMainLooper ()Landroid/os/Looper; 1 991 orig 80 0 0 0 0 0 0 0 0 0 0 0 0 125 117 0 0 0 0 0 0 0 0 0 0 0 0 0 0 0 0 0 0 0 0 0 0 0 0 0 0 0 0 0 0 0 0 0 0 0 0 0 0 0 0 0 0 0 0 0 0 0 0 0 0 0 0 0 0 0 0 0 0 0 0 0 0 0 0 0 0 data 6 0x0 0x0 0x0 0x0 0x9 0x0 oops 0 methods 0
ciMethodData android/database/sqlite/SQLiteConnection$OperationLog endOperation (I)V 2 30696 orig 80 0 0 0 0 0 0 0 0 0 0 0 0 125 117 0 0 0 0 0 0 0 0 0 0 0 0 0 0 0 0 0 0 0 0 0 0 0 0 0 0 0 0 0 0 0 0 0 0 0 0 0 0 0 0 0 0 0 0 0 0 0 0 0 0 0 0 0 0 0 0 0 0 0 0 0 0 0 0 0 0 data 11 0x2000a 0x6fe7 0x2 0x0 0x757c1c9ae6b0 0x0 0x0 0x9 0x2 0x0 0x0 oops 1 4 android/database/sqlite/SQLiteConnection$OperationLog methods 0
ciMethodData android/database/sqlite/SQLiteConnection$OperationLog $$robo$$android_database_sqlite_SQLiteConnection_OperationLog$endOperation (I)V 2 35454 orig 80 0 0 0 0 0 0 0 0 0 0 0 0 125 117 0 0 0 0 0 0 0 0 0 0 0 0 0 0 0 0 0 0 0 0 0 0 0 0 0 0 0 0 0 0 0 0 0 0 0 0 0 0 0 0 0 0 0 0 0 0 0 0 0 0 0 0 0 0 0 0 0 0 0 0 0 0 0 0 0 0 data 19 0x90002 0x897b 0xc0007 0x897b 0x30 0x0 0x120002 0x0 0x170003 0x897b 0x18 0x0 0x0 0x0 0x0 0x9 0x2 0x0 0x0 oops 0 methods 0
ciMethodData android/database/sqlite/SQLiteConnection$OperationLog getOperationLocked (I)Landroid/database/sqlite/SQLiteConnection$Operation; 2 7589 orig 80 0 0 0 0 0 0 0 0 0 0 0 0 125 117 0 0 0 0 0 0 0 0 0 0 0 0 0 0 0 0 0 0 0 0 0 0 0 0 0 0 0 0 0 0 0 0 0 0 0 0 0 0 0 0 0 0 0 0 0 0 0 0 0 0 0 0 0 0 0 0 0 0 0 0 0 0 0 0 0 0 data 12 0x2000a 0x1bf2 0x3 0x0 0x757c1c9ae6b0 0x757c1c9e89f0 0x0 0x0 0x9 0x2 0x0 0x0 oops 2 4 android/database/sqlite/SQLiteConnection$OperationLog 5 android/database/sqlite/SQLiteConnection$Operation methods 0
ciMethodData android/database/sqlite/SQLiteConnection$OperationLog $$robo$$android_database_sqlite_SQLiteConnection_OperationLog$getOperationLocked (I)Landroid/database/sqlite/SQLiteConnection$Operation; 2 7589 orig 80 0 0 0 0 0 0 0 0 0 0 0 0 0 0 0 0 0 0 0 0 0 0 0 0 0 0 0 0 0 0 0 0 0 0 0 0 0 0 0 0 0 0 0 0 0 0 0 0 0 0 0 0 0 0 0 0 0 0 0 0 0 0 0 0 0 0 0 0 0 0 0 0 0 0 0 0 0 0 0 0 data 15 0x120007 0x0 0x38 0x158c 0x160003 0x158c 0x18 0x0 0x0 0x0 0x0 0x9 0x2 0x0 0x0 oops 0 methods 0
ciMethodData android/database/sqlite/SQLiteConnection acquirePreparedStatement (Ljava/lang/String;)Landroid/database/sqlite/SQLiteConnection$PreparedStatement; 2 37521 orig 80 0 0 0 0 0 0 0 0 0 0 0 0 125 117 0 0 0 0 0 0 0 0 0 0 0 0 0 0 0 0 0 0 0 0 0 0 0 0 0 0 0 0 0 0 0 0 0 0 0 0 0 0 0 0 0 0 0 0 0 0 0 0 0 0 0 0 0 0 0 0 0 0 0 0 0 0 0 0 0 0 data 14 0x2000a 0x8a36 0x5 0x0 0x757ca97e8010 0x1 0x757cb4002ac0 0x757c1c9af030 0x0 0x0 0x9 0x2 0x0 0x0 oops 3 4 android/database/sqlite/SQLiteConnection 6 java/lang/String 7 android/database/sqlite/SQLiteConnection$PreparedStatement methods 0
ciMethodData org/robolectric/util/PerfStatsCollector measure (Ljava/lang/String;Lorg/robolectric/util/PerfStatsCollector$ThrowingRunnable;)V 2 16659 orig 80 0 0 0 0 0 0 0 0 0 0 0 0 170 170 170 170 0 0 0 0 0 0 0 0 0 0 0 0 0 0 0 0 0 0 0 0 0 0 0 0 0 0 0 0 0 0 0 0 0 0 0 0 0 0 0 0 0 0 0 0 0 0 0 0 0 0 0 0 0 0 0 0 0 0 0 0 0 0 0 0 data 42 0x40005 0x0 0x0 0x757cb7535470 0x3889 0x0 0x0 0xa0005 0x26ca 0x0 0x757cb7515fa0 0xc5d 0x757cb7516050 0x562 0x120005 0x0 0x0 0x757cb7514dc0 0x3889 0x0 0x0 0x150003 0x3889 0x50 0x240005 0x0 0x0 0x0 0x0 0x0 0x0 0x0 0x0 0x0 0x0 0x0 0x0 0x9 0x3 0x0 0x0 0xffffffffffffffff oops 4 3 org/robolectric/util/PerfStatsCollector 10 org/robolectric/shadows/ShadowNativeSQLiteConnection$$Lambda$141+0x0000757cd436ce88 12 org/robolectric/shadows/ShadowNativeSQLiteConnection$$Lambda$145+0x0000757cd436d948 17 org/robolectric/util/PerfStatsCollector$Event methods 0
ciMethodData java/lang/invoke/LambdaForm$MH+0x0000757cd422d800 guardWithCatch (Ljava/lang/Object;Ljava/lang/Object;Ljava/lang/Object;Ljava/lang/Object;)V 2 38777 orig 80 0 0 0 0 0 0 0 0 0 0 0 0 0 0 0 0 0 0 0 0 0 0 0 0 0 0 0 0 0 0 0 0 0 0 0 0 0 0 0 0 0 0 0 0 0 0 0 0 0 0 0 0 0 0 0 0 0 0 0 0 0 0 0 0 0 0 0 0 0 0 0 0 0 0 0 0 0 0 0 0 data 90 0x10004 0x0 0x0 0x757c1c796d00 0x1 0x0 0x0 0x250004 0x0 0x0 0x757c1c790ef0 0x1 0x0 0x0 0x2b000b 0x8f0f 0x0 0x0 0x0 0x0 0x0 0x4 0x1 0x757ca97e8010 0x2 0x757cb4002ac0 0x2e0003 0x8f0f 0x170 0x340004 0x0 0x0 0x0 0x0 0x0 0x0 0x38000b 0x0 0x0 0x0 0x0 0x0 0x0 0x2 0x1 0x0 0x3b0007 0x0 0xd0 0x0 0x400004 0x0 0x0 0x0 0x0 0x0 0x0 0x47000b 0x0 0x0 0x0 0x0 0x0 0x0 0x4 0x1 0x0 0x2 0x0 0x4a0003 0x0 0x18 0x0 0x0 0x0 0x0 0x0 0x0 0x9 0x4 0x0 0x0 0x0 0x0 0xc 0x4 0x0 0x757c1c796d00 0x1 0x757ca97e8010 oops 6 3 java/lang/invoke/BoundMethodHandle$Species_LLLLL 10 java/lang/invoke/DirectMethodHandle$Special 23 android/database/sqlite/SQLiteConnection 25 java/lang/String 87 java/lang/invoke/BoundMethodHandle$Species_LLLLL 89 android/database/sqlite/SQLiteConnection methods 0
ciMethodData java/lang/invoke/LambdaForm$MH+0x0000757cd4374400 guardWithCatch (Ljava/lang/Object;JJ)V 2 31086 orig 80 0 0 0 0 0 0 0 0 0 0 0 0 0 0 0 0 0 0 0 0 0 0 0 0 0 0 0 0 0 0 0 0 0 0 0 0 0 0 0 0 0 0 0 0 0 0 0 0 0 0 0 0 0 0 0 0 0 0 0 0 0 0 0 0 0 0 0 0 0 0 0 0 0 0 0 0 0 0 0 0 data 82 0x10004 0x0 0x0 0x0 0x0 0x0 0x0 0x250004 0x0 0x0 0x0 0x0 0x0 0x0 0x2a0005 0x7201 0x0 0x0 0x0 0x0 0x0 0x2d0003 0x7201 0x160 0x330004 0x0 0x0 0x0 0x0 0x0 0x0 0x37000b 0x0 0x0 0x0 0x0 0x0 0x0 0x2 0x1 0x0 0x3a0007 0x0 0xc0 0x0 0x3f0004 0x0 0x0 0x0 0x0 0x0 0x0 0x45000b 0x0 0x0 0x0 0x0 0x0 0x0 0x2 0x1 0x0 0x480003 0x0 0x18 0x0 0x0 0x0 0x0 0x0 0x0 0x9 0x5 0x0 0x0 0x0 0x0 0x0 0xc 0x2 0x0 0x757c1c796d00 oops 1 81 java/lang/invoke/BoundMethodHandle$Species_LLLLL methods 0
ciMethodData java/lang/invoke/LambdaForm$MH+0x0000757cd41b3400 guardWithCatch (Ljava/lang/Object;)I 2 49121 orig 80 0 0 0 0 0 0 0 0 0 0 0 0 0 0 0 0 0 0 0 0 0 0 0 0 0 0 0 0 0 0 0 0 0 0 0 0 0 0 0 0 0 0 0 0 0 0 0 0 0 0 0 0 0 0 0 0 0 0 0 0 0 0 0 0 0 0 0 0 0 0 0 0 0 0 0 0 0 0 0 0 data 78 0x10004 0x0 0x0 0x757c1c796d00 0x613 0x0 0x0 0x210004 0x0 0x0 0x757cb4004ae0 0x613 0x0 0x0 0x240005 0xb7dd 0x0 0x0 0x0 0x0 0x0 0x270003 0xb7e8 0x160 0x2c0004 0x0 0x0 0x0 0x0 0x0 0x0 0x30000b 0x0 0x0 0x0 0x0 0x0 0x0 0x2 0x1 0x0 0x330007 0x0 0xc0 0x0 0x370004 0x0 0x0 0x0 0x0 0x0 0x0 0x3b000b 0x0 0x0 0x0 0x0 0x0 0x0 0x2 0x1 0x0 0x3e0003 0x0 0x18 0x0 0x0 0x0 0x0 0x0 0x0 0x9 0x1 0x0 0xc 0x2 0x0 0x757c1c796d00 oops 3 3 java/lang/invoke/BoundMethodHandle$Species_LLLLL 10 java/lang/invoke/DirectMethodHandle 77 java/lang/invoke/BoundMethodHandle$Species_LLLLL methods 0
ciMethodData java/lang/invoke/LambdaForm$MH+0x0000757cd41ac000 guard (Ljava/lang/Object;Ljava/lang/Object;Ljava/lang/Object;I)V 2 32739 orig 80 0 0 0 0 0 0 0 0 0 0 0 0 0 0 0 0 0 0 0 0 0 0 0 0 0 0 0 0 0 0 0 0 0 0 0 0 0 0 0 0 0 0 0 0 0 0 0 0 0 0 0 0 0 0 0 0 0 0 0 0 0 0 0 0 0 0 0 0 0 0 0 0 0 0 0 0 0 0 0 0 data 115 0x10004 0x0 0x0 0x757c1c7f0440 0x26aa 0x0 0x0 0x1f0004 0x0 0x0 0x757c1c7f3b40 0x26aa 0x0 0x0 0x25000b 0x77df 0x0 0x0 0x0 0x0 0x0 0x4 0x1 0x2 0x2 0x3 0x300004 0x0 0x0 0x757cb4013240 0x26aa 0x0 0x0 0x33000a 0x77df 0x2 0x1 0x757cb4013240 0x3c0007 0x0 0x108 0x77df 0x410004 0x0 0x0 0x757c1c7f3bf0 0x26aa 0x0 0x0 0x480004 0x0 0x0 0x0 0x0 0x0 0x0 0x4e000b 0x77df 0x0 0x0 0x0 0x0 0x0 0x4 0x1 0x2 0x2 0x3 0x510003 0x77df 0xe8 0x560004 0x0 0x0 0x0 0x0 0x0 0x0 0x5d0004 0x0 0x0 0x0 0x0 0x0 0x0 0x63000b 0x0 0x0 0x0 0x0 0x0 0x0 0x4 0x1 0x0 0x2 0x0 0x0 0x0 0x0 0x0 0x0 0x0 0x9 0x4 0x0 0x0 0x0 0x0 0xc 0x4 0x0 0x757c1c7f0440 0x1 0x2 oops 6 3 java/lang/invoke/BoundMethodHandle$Species_LLLL 10 java/lang/invoke/BoundMethodHandle$Species_LL 29 [I 37 [I 45 java/lang/invoke/MethodHandleImpl$CountingWrapper 112 java/lang/invoke/BoundMethodHandle$Species_LLLL methods 0
ciMethodData java/lang/invoke/LambdaForm$MH+0x0000757cd4338c00 guard (Ljava/lang/Object;Ljava/lang/Object;Ljava/lang/Object;ILjava/lang/Object;)Ljava/lang/Object; 2 25982 orig 80 0 0 0 0 0 0 0 0 0 0 0 0 0 0 0 0 0 0 0 0 0 0 0 0 0 0 0 0 0 0 0 0 0 0 0 0 0 0 0 0 0 0 0 0 0 0 0 0 0 0 0 0 0 0 0 0 0 0 0 0 0 0 0 0 0 0 0 0 0 0 0 0 0 0 0 0 0 0 0 0 data 118 0x10004 0x0 0x0 0x757c1c7f0440 0x2b80 0x0 0x0 0x1f0004 0x0 0x0 0x757c1c7f3b40 0x2b80 0x0 0x0 0x27000b 0x5d7d 0x0 0x0 0x0 0x0 0x0 0x4 0x1 0x2 0x2 0x757cb4002ac1 0x320004 0x0 0x0 0x757cb4013240 0x2b80 0x0 0x0 0x35000a 0x5d7d 0x2 0x1 0x757cb4013240 0x3e0007 0x0 0x110 0x5d7d 0x430004 0x0 0x0 0x757c1c7f3bf0 0x2b80 0x0 0x0 0x4a0004 0x0 0x0 0x0 0x0 0x0 0x0 0x52000b 0x5d7d 0x0 0x0 0x0 0x0 0x0 0x5 0x1 0x2 0x2 0x757cb4002ac1 0x2 0x550003 0x5d7d 0xf0 0x5a0004 0x0 0x0 0x0 0x0 0x0 0x0 0x610004 0x0 0x0 0x0 0x0 0x0 0x0 0x69000b 0x0 0x0 0x0 0x0 0x0 0x0 0x5 0x1 0x0 0x2 0x0 0x0 0x0 0x0 0x0 0x0 0x0 0x0 0x9 0x5 0x0 0x0 0x0 0x0 0x0 0xc 0x4 0x0 0x757c1c7f0440 0x1 0x2 oops 8 3 java/lang/invoke/BoundMethodHandle$Species_LLLL 10 java/lang/invoke/BoundMethodHandle$Species_LL 25 java/lang/String 29 [I 37 [I 45 java/lang/invoke/MethodHandleImpl$CountingWrapper 67 java/lang/String 115 java/lang/invoke/BoundMethodHandle$Species_LLLL methods 0
ciMethodData java/lang/invoke/DelegatingMethodHandle$Holder delegate (Ljava/lang/Object;Ljava/lang/Object;Ljava/lang/Object;Ljava/lang/Object;)V 2 37899 orig 80 0 0 0 0 0 0 0 0 0 0 0 0 0 0 0 0 0 0 0 0 0 0 0 0 0 0 0 0 0 0 0 0 0 0 0 0 0 0 0 0 0 0 0 0 0 0 0 0 0 0 0 0 0 0 0 0 0 0 0 0 0 0 0 0 0 0 0 0 0 0 0 0 0 0 0 0 0 0 0 0 data 53 0x10004 0x0 0x0 0x757c1c7f3bf0 0x1 0x0 0x0 0x4000b 0x0 0x0 0x757c1c7f3bf0 0x8f0e 0x0 0x0 0x1 0x757c1c796d00 0xb0004 0x0 0x0 0x757c1c796d00 0x1 0x0 0x0 0x11000b 0x8f0e 0x0 0x0 0x0 0x0 0x0 0x4 0x1 0x757ca97e8010 0x2 0x757c1c9af030 0x0 0x0 0x0 0x0 0x0 0x0 0x9 0x4 0x0 0x0 0x0 0x0 0xc 0x4 0x0 0x757c1c7f3bf0 0x1 0x757ca97e8010 oops 8 3 java/lang/invoke/MethodHandleImpl$CountingWrapper 10 java/lang/invoke/MethodHandleImpl$CountingWrapper 15 java/lang/invoke/BoundMethodHandle$Species_LLLLL 19 java/lang/invoke/BoundMethodHandle$Species_LLLLL 32 android/database/sqlite/SQLiteConnection 34 android/database/sqlite/SQLiteConnection$PreparedStatement 50 java/lang/invoke/MethodHandleImpl$CountingWrapper 52 android/database/sqlite/SQLiteConnection methods 0
ciMethodData java/lang/invoke/DirectMethodHandle$Holder invokeSpecial (Ljava/lang/Object;Ljava/lang/Object;I)Ljava/lang/Object; 2 71139 orig 80 0 0 0 0 0 0 0 0 0 0 0 0 0 0 0 0 0 0 0 0 0 0 0 0 0 0 0 0 0 0 0 0 0 0 0 0 0 0 0 0 0 0 0 0 0 0 0 0 0 0 0 0 0 0 0 0 0 0 0 0 0 0 0 0 0 0 0 0 0 0 0 0 0 0 0 0 0 0 0 0 data 38 0x1000a 0x10dbe 0x3 0x0 0x757c1c790ef0 0x757cb4004c90 0x80004 0x0 0x0 0x757cb4004c90 0x2 0x0 0x0 0xb000a 0x10dbe 0x5 0x0 0x2 0x2 0x757cb4004c90 0x3 0x0 0x0 0x0 0x0 0x0 0x0 0x9 0x3 0x0 0x0 0x0 0xc 0x4 0x0 0x757c1c790ef0 0x1 0x2 oops 5 4 java/lang/invoke/DirectMethodHandle$Special 5 java/lang/invoke/MemberName 9 java/lang/invoke/MemberName 19 java/lang/invoke/MemberName 35 java/lang/invoke/DirectMethodHandle$Special methods 0
ciMethodData java/lang/invoke/DelegatingMethodHandle$Holder delegate (Ljava/lang/Object;Ljava/lang/Object;I)Ljava/lang/Object; 2 72831 orig 80 0 0 0 0 0 0 0 0 0 0 0 0 0 0 0 0 0 0 0 0 0 0 0 0 0 0 0 0 0 0 0 0 0 0 0 0 0 0 0 0 0 0 0 0 0 0 0 0 0 0 0 0 0 0 0 0 0 0 0 0 0 0 0 0 0 0 0 0 0 0 0 0 0 0 0 0 0 0 0 0 data 51 0x10004 0x0 0x0 0x0 0x0 0x0 0x0 0x4000b 0x0 0x0 0x757c1c7f3bf0 0x1044a 0x0 0x0 0x1 0x757c1c796d00 0x90004 0x0 0x0 0x0 0x0 0x0 0x0 0xe000b 0x1044a 0x0 0x0 0x0 0x0 0x0 0x3 0x1 0x2 0x3 0x0 0x0 0x0 0x0 0x0 0x0 0x9 0x3 0x0 0x0 0x0 0xc 0x4 0x0 0x757c1c7f3bf0 0x1 0x2 oops 3 10 java/lang/invoke/MethodHandleImpl$CountingWrapper 15 java/lang/invoke/BoundMethodHandle$Species_LLLLL 48 java/lang/invoke/MethodHandleImpl$CountingWrapper methods 0
ciMethodData java/lang/invoke/DelegatingMethodHandle$Holder delegate (Ljava/lang/Object;Ljava/lang/Object;Ljava/lang/Object;ILjava/lang/Object;)Ljava/lang/Object; 2 25894 orig 80 0 0 0 0 0 0 0 0 0 0 0 0 0 0 0 0 0 0 0 0 0 0 0 0 0 0 0 0 0 0 0 0 0 0 0 0 0 0 0 0 0 0 0 0 0 0 0 0 0 0 0 0 0 0 0 0 0 0 0 0 0 0 0 0 0 0 0 0 0 0 0 0 0 0 0 0 0 0 0 0 data 55 0x10004 0x0 0x0 0x757c1c7f3bf0 0x3228 0x0 0x0 0x4000b 0x0 0x0 0x757c1c7f3bf0 0x6426 0x0 0x0 0x1 0x757c1c796d00 0xb0004 0x0 0x0 0x0 0x0 0x0 0x0 0x13000b 0x6426 0x0 0x0 0x0 0x0 0x0 0x5 0x1 0x2 0x2 0x757cb4002ac1 0x2 0x0 0x0 0x0 0x0 0x0 0x0 0x9 0x5 0x0 0x0 0x0 0x0 0x0 0xc 0x4 0x0 0x757c1c7f3bf0 0x1 0x2 oops 5 3 java/lang/invoke/MethodHandleImpl$CountingWrapper 10 java/lang/invoke/MethodHandleImpl$CountingWrapper 15 java/lang/invoke/BoundMethodHandle$Species_LLLLL 34 java/lang/String 52 java/lang/invoke/MethodHandleImpl$CountingWrapper methods 0
ciMethodData java/lang/invoke/LambdaForm$MH+0x0000757cd41a9c00 guardWithCatch (Ljava/lang/Object;Ljava/lang/Object;Ljava/lang/Object;I)V 2 32795 orig 80 0 0 0 0 0 0 0 0 0 0 0 0 0 0 0 0 0 0 0 0 0 0 0 0 0 0 0 0 0 0 0 0 0 0 0 0 0 0 0 0 0 0 0 0 0 0 0 0 0 0 0 0 0 0 0 0 0 0 0 0 0 0 0 0 0 0 0 0 0 0 0 0 0 0 0 0 0 0 0 0 data 90 0x10004 0x0 0x0 0x757c1c796d00 0x26dd 0x0 0x0 0x250004 0x0 0x0 0x757c1c790ef0 0x2683 0x757cb4004ae0 0x5a 0x2b000b 0x7814 0x0 0x0 0x0 0x0 0x0 0x4 0x1 0x2 0x2 0x3 0x2e0003 0x7814 0x170 0x340004 0x0 0x0 0x0 0x0 0x0 0x0 0x38000b 0x0 0x0 0x0 0x0 0x0 0x0 0x2 0x1 0x0 0x3b0007 0x0 0xd0 0x0 0x400004 0x0 0x0 0x0 0x0 0x0 0x0 0x47000b 0x0 0x0 0x0 0x0 0x0 0x0 0x4 0x1 0x0 0x2 0x0 0x4a0003 0x0 0x18 0x0 0x0 0x0 0x0 0x0 0x0 0x9 0x4 0x0 0x0 0x0 0x0 0xc 0x4 0x0 0x757c1c796d00 0x1 0x2 oops 4 3 java/lang/invoke/BoundMethodHandle$Species_LLLLL 10 java/lang/invoke/DirectMethodHandle$Special 12 java/lang/invoke/DirectMethodHandle 87 java/lang/invoke/BoundMethodHandle$Species_LLLLL methods 0
ciMethodData java/lang/invoke/DelegatingMethodHandle$Holder delegate (Ljava/lang/Object;Ljava/lang/Object;Ljava/lang/Object;Ljava/lang/Object;Ljava/lang/Object;)V 2 30325 orig 80 0 0 0 0 0 0 0 0 0 0 0 0 0 0 0 0 0 0 0 0 0 0 0 0 0 0 0 0 0 0 0 0 0 0 0 0 0 0 0 0 0 0 0 0 0 0 0 0 0 0 0 0 0 0 0 0 0 0 0 0 0 0 0 0 0 0 0 0 0 0 0 0 0 0 0 0 0 0 0 0 data 54 0x10004 0x0 0x0 0x757c1c7f3bf0 0x860 0x0 0x0 0x4000b 0x0 0x0 0x757c1c7f3bf0 0x7575 0x0 0x0 0x1 0x757c1c796d00 0xb0004 0x0 0x0 0x0 0x0 0x0 0x0 0x13000b 0x7575 0x0 0x0 0x0 0x0 0x0 0x4 0x1 0x2 0x2 0x3 0x0 0x0 0x0 0x0 0x0 0x0 0x9 0x5 0x0 0x0 0x0 0x0 0x0 0xc 0x4 0x0 0x757c1c7f3bf0 0x1 0x2 oops 4 3 java/lang/invoke/MethodHandleImpl$CountingWrapper 10 java/lang/invoke/MethodHandleImpl$CountingWrapper 15 java/lang/invoke/BoundMethodHandle$Species_LLLLL 51 java/lang/invoke/MethodHandleImpl$CountingWrapper methods 0
ciMethodData java/lang/invoke/LambdaForm$MH+0x0000757cd4286400 guard (Ljava/lang/Object;Ljava/lang/Object;Ljava/lang/Object;Ljava/lang/Object;Ljava/lang/Object;)V 2 30669 orig 80 0 0 0 0 0 0 0 0 0 0 0 0 0 0 0 0 0 0 0 0 0 0 0 0 0 0 0 0 0 0 0 0 0 0 0 0 0 0 0 0 0 0 0 0 0 0 0 0 0 0 0 0 0 0 0 0 0 0 0 0 0 0 0 0 0 0 0 0 0 0 0 0 0 0 0 0 0 0 0 0 data 116 0x10004 0x0 0x0 0x757c1c7f0440 0x939 0x0 0x0 0x1f0004 0x0 0x0 0x757c1c7f3b40 0x939 0x0 0x0 0x27000b 0x764c 0x0 0x0 0x0 0x0 0x0 0x4 0x1 0x2 0x2 0x3 0x320004 0x0 0x0 0x757cb4013240 0x939 0x0 0x0 0x35000a 0x764c 0x2 0x1 0x757cb4013240 0x3e0007 0x0 0x108 0x764c 0x430004 0x0 0x0 0x757c1c7f3bf0 0x939 0x0 0x0 0x4a0004 0x0 0x0 0x757c1c7f3bf0 0x1 0x0 0x0 0x52000b 0x764c 0x0 0x0 0x0 0x0 0x0 0x4 0x1 0x2 0x2 0x3 0x550003 0x764c 0xe8 0x5a0004 0x0 0x0 0x0 0x0 0x0 0x0 0x610004 0x0 0x0 0x0 0x0 0x0 0x0 0x69000b 0x0 0x0 0x0 0x0 0x0 0x0 0x4 0x1 0x0 0x2 0x0 0x0 0x0 0x0 0x0 0x0 0x0 0x9 0x5 0x0 0x0 0x0 0x0 0x0 0xc 0x4 0x0 0x757c1c7f0440 0x1 0x2 oops 7 3 java/lang/invoke/BoundMethodHandle$Species_LLLL 10 java/lang/invoke/BoundMethodHandle$Species_LL 29 [I 37 [I 45 java/lang/invoke/MethodHandleImpl$CountingWrapper 52 java/lang/invoke/MethodHandleImpl$CountingWrapper 113 java/lang/invoke/BoundMethodHandle$Species_LLLL methods 0
ciMethodData java/lang/invoke/LambdaForm$MH+0x0000757cd4284800 guardWithCatch (Ljava/lang/Object;Ljava/lang/Object;Ljava/lang/Object;Ljava/lang/Object;Ljava/lang/Object;)V 2 30673 orig 80 0 0 0 0 0 0 0 0 0 0 0 0 0 0 0 0 0 0 0 0 0 0 0 0 0 0 0 0 0 0 0 0 0 0 0 0 0 0 0 0 0 0 0 0 0 0 0 0 0 0 0 0 0 0 0 0 0 0 0 0 0 0 0 0 0 0 0 0 0 0 0 0 0 0 0 0 0 0 0 0 data 91 0x10004 0x0 0x0 0x757c1c796d00 0x938 0x0 0x0 0x250004 0x0 0x0 0x757c1c790ef0 0x8b4 0x757cb4004ae0 0x14 0x2d000b 0x764f 0x0 0x0 0x0 0x0 0x0 0x4 0x1 0x2 0x2 0x3 0x300003 0x764f 0x170 0x360004 0x0 0x0 0x0 0x0 0x0 0x0 0x3a000b 0x0 0x0 0x0 0x0 0x0 0x0 0x2 0x1 0x0 0x3d0007 0x0 0xd0 0x0 0x420004 0x0 0x0 0x0 0x0 0x0 0x0 0x4b000b 0x0 0x0 0x0 0x0 0x0 0x0 0x4 0x1 0x0 0x2 0x0 0x4e0003 0x0 0x18 0x0 0x0 0x0 0x0 0x0 0x0 0x9 0x5 0x0 0x0 0x0 0x0 0x0 0xc 0x4 0x0 0x757c1c796d00 0x1 0x2 oops 4 3 java/lang/invoke/BoundMethodHandle$Species_LLLLL 10 java/lang/invoke/DirectMethodHandle$Special 12 java/lang/invoke/DirectMethodHandle 88 java/lang/invoke/BoundMethodHandle$Species_LLLLL methods 0
ciMethodData android/database/sqlite/SQLiteConnection finalizePreparedStatement (Landroid/database/sqlite/SQLiteConnection$PreparedStatement;)V 2 16504 orig 80 0 0 0 0 0 0 0 0 0 0 0 0 125 117 0 0 0 0 0 0 0 0 0 0 0 0 0 0 0 0 0 0 0 0 0 0 0 0 0 0 0 0 0 0 0 0 0 0 0 0 0 0 0 0 0 0 0 0 0 0 0 0 0 0 0 0 0 0 0 0 0 0 0 0 0 0 0 0 0 0 data 13 0x2000a 0x3ef8 0x4 0x0 0x757ca97e8010 0x1 0x757c1c9af030 0x0 0x0 0x9 0x2 0x0 0x0 oops 2 4 android/database/sqlite/SQLiteConnection 6 android/database/sqlite/SQLiteConnection$PreparedStatement methods 0
ciMethodData android/database/sqlite/SQLiteConnection $$robo$$android_database_sqlite_SQLiteConnection$finalizePreparedStatement (Landroid/database/sqlite/SQLiteConnection$PreparedStatement;)V 2 6590 orig 80 0 0 0 0 0 0 0 0 0 0 0 0 0 0 0 0 0 0 0 0 0 0 0 0 0 0 0 0 0 0 0 0 0 0 0 0 0 0 0 0 0 0 0 0 0 0 0 0 0 0 0 0 0 0 0 0 0 0 0 0 0 0 0 0 0 0 0 0 0 0 0 0 0 0 0 0 0 0 0 0 data 14 0x80002 0x183d 0xd0002 0x183d 0x0 0x0 0x0 0x0 0x0 0x0 0x9 0x2 0x0 0x0 oops 0 methods 0
ciMethodData android/database/sqlite/SQLiteConnection nativeFinalizeStatement (JJ)V 2 6590 orig 80 0 0 0 0 0 0 0 0 0 0 0 0 125 117 0 0 0 0 0 0 0 0 0 0 0 0 0 0 0 0 0 0 0 0 0 0 0 0 0 0 0 0 0 0 0 0 0 0 0 0 0 0 0 0 0 0 0 0 0 0 0 0 0 0 0 0 0 0 0 0 0 0 0 0 0 0 0 0 0 0 data 9 0x20002 0x183c 0x0 0x9 0x4 0x0 0x0 0x0 0x0 oops 0 methods 0
ciMethodData android/database/sqlite/SQLiteConnection recyclePreparedStatement (Landroid/database/sqlite/SQLiteConnection$PreparedStatement;)V 2 6590 orig 80 0 0 0 0 0 0 0 0 0 0 0 0 125 117 0 0 0 0 0 0 0 0 0 0 0 0 0 0 0 0 0 0 0 0 0 0 0 0 0 0 0 0 0 0 0 0 0 0 0 0 0 0 0 0 0 0 0 0 0 0 0 0 0 0 0 0 0 0 0 0 0 0 0 0 0 0 0 0 0 0 data 13 0x2000a 0x183a 0x4 0x0 0x757ca97e8010 0x1 0x757c1c9af030 0x0 0x0 0x9 0x2 0x0 0x0 oops 2 4 android/database/sqlite/SQLiteConnection 6 android/database/sqlite/SQLiteConnection$PreparedStatement methods 0
ciMethodData org/robolectric/shadows/ShadowNativeSQLiteConnection nativeFinalizeStatement (JJ)V 2 6590 orig 80 0 0 0 0 0 0 0 0 0 0 0 0 125 117 0 0 0 0 0 0 0 0 0 0 0 0 0 0 0 0 0 0 0 0 0 0 0 0 0 0 0 0 0 0 0 0 0 0 0 0 0 0 0 0 0 0 0 0 0 0 0 0 0 0 0 0 0 0 0 0 0 0 0 0 0 0 0 0 0 0 data 25 0x2 0x182c 0x7000a 0x182c 0x1 0x757cb7515fa0 0xc0005 0x0 0x0 0x757cb7535470 0x182c 0x0 0x0 0x0 0x0 0x0 0x0 0x0 0x0 0x9 0x4 0x0 0x0 0x0 0x0 oops 2 5 org/robolectric/shadows/ShadowNativeSQLiteConnection$$Lambda$141+0x0000757cd436ce88 9 org/robolectric/util/PerfStatsCollector methods 0
ciMethodData android/database/sqlite/SQLiteConnection $$robo$$android_database_sqlite_SQLiteConnection$recyclePreparedStatement (Landroid/database/sqlite/SQLiteConnection$PreparedStatement;)V 2 1906 orig 80 0 0 0 0 0 0 0 0 0 0 0 0 0 0 0 0 0 0 0 0 0 0 0 0 0 0 0 0 0 0 0 0 0 0 0 0 0 0 0 0 0 0 0 0 0 0 0 0 0 0 0 0 0 0 0 0 0 0 0 0 0 0 0 0 0 0 0 0 0 0 0 0 0 0 0 0 0 0 0 0 data 8 0x0 0x0 0x0 0x0 0x9 0x2 0x0 0x0 oops 0 methods 0
ciMethodData android/os/Looper myLooper ()Landroid/os/Looper; 2 30576 orig 80 0 0 0 0 0 0 0 0 0 0 0 0 125 117 0 0 0 0 0 0 0 0 0 0 0 0 0 0 0 0 0 0 0 0 0 0 0 0 0 0 0 0 0 0 0 0 0 0 0 0 0 0 0 0 0 0 0 0 0 0 0 0 0 0 0 0 0 0 0 0 0 0 0 0 0 0 0 0 0 0 data 7 0xa 0x75ef 0x1 0x757c1c823e41 0x0 0x9 0x0 oops 1 3 android/os/Looper methods 0
ciMethodData android/os/Looper $$robo$$android_os_Looper$myLooper ()Landroid/os/Looper; 2 30580 orig 80 0 0 0 0 0 0 0 0 0 0 0 0 0 0 0 0 0 0 0 0 0 0 0 0 0 0 0 0 0 0 0 0 0 0 0 0 0 0 0 0 0 0 0 0 0 0 0 0 0 0 0 0 0 0 0 0 0 0 0 0 0 0 0 0 0 0 0 0 0 0 0 0 0 0 0 0 0 0 0 0 data 22 0x30005 0x0 0x0 0x757c1c7324b0 0x75f3 0x0 0x0 0x60104 0x0 0x0 0x757c1c823e40 0x479 0x0 0x0 0x0 0x0 0x0 0x0 0x0 0x0 0x9 0x0 oops 2 3 java/lang/ThreadLocal 10 android/os/Looper methods 0
ciMethodData android/database/sqlite/SQLiteConnection releasePreparedStatement (Landroid/database/sqlite/SQLiteConnection$PreparedStatement;)V 2 37586 orig 80 0 0 0 0 0 0 0 0 0 0 0 0 125 117 0 0 0 0 0 0 0 0 0 0 0 0 0 0 0 0 0 0 0 0 0 0 0 0 0 0 0 0 0 0 0 0 0 0 0 0 0 0 0 0 0 0 0 0 0 0 0 0 0 0 0 0 0 0 0 0 0 0 0 0 0 0 0 0 0 0 data 13 0x2000a 0x90d3 0x4 0x0 0x757ca97e8010 0x1 0x757c1c9af030 0x0 0x0 0x9 0x2 0x0 0x0 oops 2 4 android/database/sqlite/SQLiteConnection 6 android/database/sqlite/SQLiteConnection$PreparedStatement methods 0
ciMethodData android/database/sqlite/SQLiteConnection $$robo$$android_database_sqlite_SQLiteConnection$releasePreparedStatement (Landroid/database/sqlite/SQLiteConnection$PreparedStatement;)V 2 10823 orig 80 0 0 0 0 0 0 0 0 0 0 0 0 0 0 0 0 0 0 0 0 0 0 0 0 0 0 0 0 0 0 0 0 0 0 0 0 0 0 0 0 0 0 0 0 0 0 0 0 0 0 0 0 0 0 0 0 0 0 0 0 0 0 0 0 0 0 0 0 0 0 0 0 0 0 0 0 0 0 0 0 data 31 0x90007 0x187e 0x98 0xfca 0x140002 0xfca 0x170003 0xfca 0x78 0x230005 0x0 0x0 0x0 0x0 0x0 0x0 0x270003 0x0 0x28 0x2c0002 0x187e 0x0 0x0 0x0 0x0 0x0 0x0 0x9 0x2 0x0 0x0 oops 0 methods 0
ciMethodData java/lang/invoke/LambdaForm$MH+0x0000757cd4337400 guardWithCatch (Ljava/lang/Object;Ljava/lang/Object;Ljava/lang/Object;ILjava/lang/Object;)Ljava/lang/Object; 2 25986 orig 80 0 0 0 0 0 0 0 0 0 0 0 0 0 0 0 0 0 0 0 0 0 0 0 0 0 0 0 0 0 0 0 0 0 0 0 0 0 0 0 0 0 0 0 0 0 0 0 0 0 0 0 0 0 0 0 0 0 0 0 0 0 0 0 0 0 0 0 0 0 0 0 0 0 0 0 0 0 0 0 0 data 93 0x10004 0x0 0x0 0x757c1c796d00 0x3243 0x0 0x0 0x250004 0x0 0x0 0x757c1c790ef0 0x3213 0x757cb4004ae0 0x30 0x2d000b 0x63e8 0x0 0x0 0x0 0x0 0x0 0x5 0x1 0x2 0x2 0x757cb4002ac1 0x2 0x300003 0x63e8 0x178 0x360004 0x0 0x0 0x0 0x0 0x0 0x0 0x3a000b 0x0 0x0 0x0 0x0 0x0 0x0 0x2 0x1 0x0 0x3d0007 0x0 0xd8 0x0 0x420004 0x0 0x0 0x0 0x0 0x0 0x0 0x4b000b 0x0 0x0 0x0 0x0 0x0 0x0 0x5 0x1 0x0 0x2 0x0 0x0 0x4e0003 0x0 0x18 0x0 0x0 0x0 0x0 0x0 0x0 0x9 0x5 0x0 0x0 0x0 0x0 0x0 0xc 0x4 0x0 0x757c1c796d00 0x1 0x2 oops 5 3 java/lang/invoke/BoundMethodHandle$Species_LLLLL 10 java/lang/invoke/DirectMethodHandle$Special 12 java/lang/invoke/DirectMethodHandle 25 java/lang/String 90 java/lang/invoke/BoundMethodHandle$Species_LLLLL methods 0
ciMethodData android/database/sqlite/SQLiteConnection nativeResetStatementAndClearBindings (JJ)V 2 4190 orig 80 0 0 0 0 0 0 0 0 0 0 0 0 125 117 0 0 0 0 0 0 0 0 0 0 0 0 0 0 0 0 0 0 0 0 0 0 0 0 0 0 0 0 0 0 0 0 0 0 0 0 0 0 0 0 0 0 0 0 0 0 0 0 0 0 0 0 0 0 0 0 0 0 0 0 0 0 0 0 0 0 data 9 0x20002 0xfba 0x0 0x9 0x4 0x0 0x0 0x0 0x0 oops 0 methods 0
ciMethodData org/robolectric/shadows/ShadowNativeSQLiteConnection nativeResetStatementAndClearBindings (JJ)V 2 4190 orig 80 0 0 0 0 0 0 0 0 0 0 0 0 125 117 0 0 0 0 0 0 0 0 0 0 0 0 0 0 0 0 0 0 0 0 0 0 0 0 0 0 0 0 0 0 0 0 0 0 0 0 0 0 0 0 0 0 0 0 0 0 0 0 0 0 0 0 0 0 0 0 0 0 0 0 0 0 0 0 0 0 data 25 0x2 0xfba 0x7000a 0xfba 0x1 0x757cb7516050 0xc0005 0x0 0x0 0x757cb7535470 0xfba 0x0 0x0 0x0 0x0 0x0 0x0 0x0 0x0 0x9 0x4 0x0 0x0 0x0 0x0 oops 2 5 org/robolectric/shadows/ShadowNativeSQLiteConnection$$Lambda$145+0x0000757cd436d948 9 org/robolectric/util/PerfStatsCollector methods 0
ciMethodData android/database/sqlite/SQLiteConnection throwIfStatementForbidden (Landroid/database/sqlite/SQLiteConnection$PreparedStatement;)V 2 31877 orig 80 0 0 0 0 0 0 0 0 0 0 0 0 125 117 0 0 0 0 0 0 0 0 0 0 0 0 0 0 0 0 0 0 0 0 0 0 0 0 0 0 0 0 0 0 0 0 0 0 0 0 0 0 0 0 0 0 0 0 0 0 0 0 0 0 0 0 0 0 0 0 0 0 0 0 0 0 0 0 0 0 data 13 0x2000a 0x7b05 0x4 0x0 0x757ca97e8010 0x1 0x757c1c9af030 0x0 0x0 0x9 0x2 0x0 0x0 oops 2 4 android/database/sqlite/SQLiteConnection 6 android/database/sqlite/SQLiteConnection$PreparedStatement methods 0
ciMethodData android/database/sqlite/SQLiteConnection $$robo$$android_database_sqlite_SQLiteConnection$throwIfStatementForbidden (Landroid/database/sqlite/SQLiteConnection$PreparedStatement;)V 2 5804 orig 80 0 0 0 0 0 0 0 0 0 0 0 0 0 0 0 0 0 0 0 0 0 0 0 0 0 0 0 0 0 0 0 0 0 0 0 0 0 0 0 0 0 0 0 0 0 0 0 0 0 0 0 0 0 0 0 0 0 0 0 0 0 0 0 0 0 0 0 0 0 0 0 0 0 0 0 0 0 0 0 0 data 18 0x40007 0x1432 0x50 0xfa 0xb0007 0xfa 0x30 0x0 0x150002 0x0 0x0 0x0 0x0 0x0 0x9 0x2 0x0 0x0 oops 0 methods 0
ciMethodData android/database/sqlite/SQLiteConnection bindArguments (Landroid/database/sqlite/SQLiteConnection$PreparedStatement;[Ljava/lang/Object;)V 2 31881 orig 80 0 0 0 0 0 0 0 0 0 0 0 0 125 117 0 0 0 0 0 0 0 0 0 0 0 0 0 0 0 0 0 0 0 0 0 0 0 0 0 0 0 0 0 0 0 0 0 0 0 0 0 0 0 0 0 0 0 0 0 0 0 0 0 0 0 0 0 0 0 0 0 0 0 0 0 0 0 0 0 0 data 14 0x3000a 0x7b09 0x4 0x0 0x757ca97e8010 0x1 0x757c1c9af030 0x0 0x0 0x9 0x3 0x0 0x0 0x0 oops 2 4 android/database/sqlite/SQLiteConnection 6 android/database/sqlite/SQLiteConnection$PreparedStatement methods 0
ciMethodData android/database/sqlite/SQLiteConnection applyBlockGuardPolicy (Landroid/database/sqlite/SQLiteConnection$PreparedStatement;)V 2 31890 orig 80 0 0 0 0 0 0 0 0 0 0 0 0 125 117 0 0 0 0 0 0 0 0 0 0 0 0 0 0 0 0 0 0 0 0 0 0 0 0 0 0 0 0 0 0 0 0 0 0 0 0 0 0 0 0 0 0 0 0 0 0 0 0 0 0 0 0 0 0 0 0 0 0 0 0 0 0 0 0 0 0 data 13 0x2000a 0x7b10 0x4 0x0 0x757ca97e8010 0x1 0x757c1c9af030 0x0 0x0 0x9 0x2 0x0 0x0 oops 2 4 android/database/sqlite/SQLiteConnection 6 android/database/sqlite/SQLiteConnection$PreparedStatement methods 0
ciMethodData android/database/sqlite/SQLiteConnection attachCancellationSignal (Landroid/os/CancellationSignal;)V 2 31895 orig 80 0 0 0 0 0 0 0 0 0 0 0 0 125 117 0 0 0 0 0 0 0 0 0 0 0 0 0 0 0 0 0 0 0 0 0 0 0 0 0 0 0 0 0 0 0 0 0 0 0 0 0 0 0 0 0 0 0 0 0 0 0 0 0 0 0 0 0 0 0 0 0 0 0 0 0 0 0 0 0 0 data 13 0x2000a 0x7b15 0x4 0x0 0x757ca97e8010 0x1 0x1 0x0 0x0 0x9 0x2 0x0 0x0 oops 1 4 android/database/sqlite/SQLiteConnection methods 0
ciMethodData android/database/sqlite/SQLiteConnection $$robo$$android_database_sqlite_SQLiteConnection$attachCancellationSignal (Landroid/os/CancellationSignal;)V 2 6774 orig 80 0 0 0 0 0 0 0 0 0 0 0 0 0 0 0 0 0 0 0 0 0 0 0 0 0 0 0 0 0 0 0 0 0 0 0 0 0 0 0 0 0 0 0 0 0 0 0 0 0 0 0 0 0 0 0 0 0 0 0 0 0 0 0 0 0 0 0 0 0 0 0 0 0 0 0 0 0 0 0 0 data 34 0x10007 0x18f2 0xc0 0x0 0x50005 0x0 0x0 0x0 0x0 0x0 0x0 0x170007 0x0 0x68 0x0 0x1f0002 0x0 0x240005 0x0 0x0 0x0 0x0 0x0 0x0 0x0 0x0 0x0 0x0 0x0 0x0 0x9 0x2 0x0 0x0 oops 0 methods 0
ciMethodData org/robolectric/shadows/ShadowNativeSQLiteConnection$$Lambda$141+0x0000757cd436ce88 <init> (JJ)V 2 6590 orig 80 0 0 0 0 0 0 0 0 0 0 0 0 124 117 0 0 0 0 0 0 0 0 0 0 0 0 0 0 0 0 0 0 0 0 0 0 0 0 0 0 0 0 0 0 0 0 0 0 0 0 0 0 0 0 0 0 0 0 0 0 0 0 0 0 0 0 0 0 0 0 0 0 0 0 0 0 0 0 0 0 data 13 0x10002 0x17bf 0x0 0x0 0x0 0x0 0x9 0x5 0x1c 0x0 0x0 0x0 0x0 oops 0 methods 0
ciMethodData org/robolectric/shadows/ShadowNativeSQLiteConnection$$Lambda$141+0x0000757cd436ce88 run ()V 2 6590 orig 80 0 0 0 0 0 0 0 0 0 0 0 0 0 0 0 0 0 0 0 0 0 0 0 0 0 0 0 0 0 0 0 0 0 0 0 0 0 0 0 0 0 0 0 0 0 0 0 0 0 0 0 0 0 0 0 0 0 0 0 0 0 0 0 0 0 0 0 0 0 0 0 0 0 0 0 0 0 0 0 0 data 11 0x80002 0x17bf 0x0 0x0 0x0 0x0 0x0 0x0 0x9 0x1 0x0 oops 0 methods 0
ciMethodData org/robolectric/shadows/ShadowNativeSQLiteConnection lambda$nativeFinalizeStatement$3 (JJ)V 2 6590 orig 80 0 0 0 0 0 0 0 0 0 0 0 0 0 0 0 0 0 0 0 0 0 0 0 0 0 0 0 0 0 0 0 0 0 0 0 0 0 0 0 0 0 0 0 0 0 0 0 0 0 0 0 0 0 0 0 0 0 0 0 0 0 0 0 0 0 0 0 0 0 0 0 0 0 0 0 0 0 0 0 0 data 14 0x20002 0x17bf 0x0 0x0 0x0 0x0 0x0 0x0 0x9 0x4 0x0 0x0 0x0 0x0 oops 0 methods 0
ciMethodData android/database/sqlite/SQLiteDatabase getThreadSession ()Landroid/database/sqlite/SQLiteSession; 2 71140 orig 80 0 0 0 0 0 0 0 0 0 0 0 0 125 117 0 0 0 0 0 0 0 0 0 0 0 0 0 0 0 0 0 0 0 0 0 0 0 0 0 0 0 0 0 0 0 0 0 0 0 0 0 0 0 0 0 0 0 0 0 0 0 0 0 0 0 0 0 0 0 0 0 0 0 0 0 0 0 0 0 0 data 11 0x1000a 0x113e5 0x3 0x0 0x757c1c7c05d0 0x757c1c6f8ea0 0x0 0x0 0x9 0x1 0x0 oops 2 4 android/database/sqlite/SQLiteDatabase 5 android/database/sqlite/SQLiteSession methods 0
ciMethodData android/database/sqlite/SQLiteDatabase $$robo$$android_database_sqlite_SQLiteDatabase$getThreadSession ()Landroid/database/sqlite/SQLiteSession; 2 72692 orig 80 0 0 0 0 0 0 0 0 0 0 0 0 0 0 0 0 0 0 0 0 0 0 0 0 0 0 0 0 0 0 0 0 0 0 0 0 0 0 0 0 0 0 0 0 0 0 0 0 0 0 0 0 0 0 0 0 0 0 0 0 0 0 0 0 0 0 0 0 0 0 0 0 0 0 0 0 0 0 0 0 data 23 0x40005 0x0 0x0 0x757c1c7328c0 0x119f7 0x0 0x0 0x70004 0x0 0x0 0x757c1c6f8ea0 0x119fa 0x0 0x0 0x0 0x0 0x0 0x0 0x0 0x0 0x9 0x1 0x0 oops 2 3 android/database/sqlite/SQLiteDatabase$1 10 android/database/sqlite/SQLiteSession methods 0
ciMethodData android/database/sqlite/SQLiteConnectionPool acquireConnection (Ljava/lang/String;ILandroid/os/CancellationSignal;)Landroid/database/sqlite/SQLiteConnection; 2 12964 orig 80 0 0 0 0 0 0 0 0 0 0 0 0 125 117 0 0 0 0 0 0 0 0 0 0 0 0 0 0 0 0 0 0 0 0 0 0 0 0 0 0 0 0 0 0 0 0 0 0 0 0 0 0 0 0 0 0 0 0 0 0 0 0 0 0 0 0 0 0 0 0 0 0 0 0 0 0 0 0 0 0 data 16 0x4000a 0x31a4 0x5 0x0 0x757c1c5857a0 0x1 0x757cb4002ac1 0x757ca97e8010 0x0 0x0 0x9 0x4 0x0 0x0 0x0 0x0 oops 3 4 android/database/sqlite/SQLiteConnectionPool 6 java/lang/String 7 android/database/sqlite/SQLiteConnection methods 0
ciMethodData android/database/sqlite/SQLiteConnectionPool $$robo$$android_database_sqlite_SQLiteConnectionPool$acquireConnection (Ljava/lang/String;ILandroid/os/CancellationSignal;)Landroid/database/sqlite/SQLiteConnection; 2 12966 orig 80 0 0 0 0 0 0 0 0 0 0 0 0 0 0 0 0 0 0 0 0 0 0 0 0 0 0 0 0 0 0 0 0 0 0 0 0 0 0 0 0 0 0 0 0 0 0 0 0 0 0 0 0 0 0 0 0 0 0 0 0 0 0 0 0 0 0 0 0 0 0 0 0 0 0 0 0 0 0 0 0 data 10 0x40002 0x31a6 0x0 0x0 0x9 0x4 0x0 0x0 0x0 0x0 oops 0 methods 0
ciMethodData android/database/sqlite/SQLiteConnectionPool waitForConnection (Ljava/lang/String;ILandroid/os/CancellationSignal;)Landroid/database/sqlite/SQLiteConnection; 2 12966 orig 80 0 0 0 0 0 0 0 0 0 0 0 0 125 117 0 0 0 0 0 0 0 0 0 0 0 0 0 0 0 0 0 0 0 0 0 0 0 0 0 0 0 0 0 0 0 0 0 0 0 0 0 0 0 0 0 0 0 0 0 0 0 0 0 0 0 0 0 0 0 0 0 0 0 0 0 0 0 0 0 0 data 16 0x4000a 0x31a6 0x5 0x0 0x757c1c5857a0 0x1 0x757cb4002ac1 0x757ca97e8010 0x0 0x0 0x9 0x4 0x0 0x0 0x0 0x0 oops 3 4 android/database/sqlite/SQLiteConnectionPool 6 java/lang/String 7 android/database/sqlite/SQLiteConnection methods 0
ciMethodData android/database/sqlite/SQLiteDatabase getThreadDefaultConnectionFlags (Z)I 2 25611 orig 80 0 0 0 0 0 0 0 0 0 0 0 0 125 117 0 0 0 0 0 0 0 0 0 0 0 0 0 0 0 0 0 0 0 0 0 0 0 0 0 0 0 0 0 0 0 0 0 0 0 0 0 0 0 0 0 0 0 0 0 0 0 0 0 0 0 0 0 0 0 0 0 0 0 0 0 0 0 0 0 0 data 11 0x2000a 0x620c 0x2 0x0 0x757c1c7c05d0 0x0 0x0 0x9 0x2 0x0 0x0 oops 1 4 android/database/sqlite/SQLiteDatabase methods 0
ciMethodData android/database/sqlite/SQLiteDatabase $$robo$$android_database_sqlite_SQLiteDatabase$getThreadDefaultConnectionFlags (Z)I 2 30409 orig 80 0 0 0 0 0 0 0 0 0 0 0 0 124 117 0 0 0 0 0 0 0 0 0 0 0 0 0 0 0 0 0 0 0 0 0 0 0 0 0 0 0 0 0 0 0 0 0 0 0 0 0 0 0 0 0 0 0 0 0 0 0 0 0 0 0 0 0 0 0 0 0 0 0 0 0 0 0 0 0 0 data 23 0x10007 0x44dd 0x38 0x2fed 0x50003 0x2fed 0x18 0xa0002 0x74c9 0xd0007 0x7167 0x20 0x361 0x0 0x0 0x0 0x0 0x0 0x0 0x9 0x2 0x0 0x0 oops 0 methods 0
ciMethodData android/database/sqlite/SQLiteDatabase isMainThread ()Z 2 30407 orig 80 0 0 0 0 0 0 0 0 0 0 0 0 125 117 0 0 0 0 0 0 0 0 0 0 0 0 0 0 0 0 0 0 0 0 0 0 0 0 0 0 0 0 0 0 0 0 0 0 0 0 0 0 0 0 0 0 0 0 0 0 0 0 0 0 0 0 0 0 0 0 0 0 0 0 0 0 0 0 0 0 data 5 0x2 0x74c8 0x0 0x9 0x0 oops 0 methods 0
ciMethodData android/database/sqlite/SQLiteDatabase $$robo$$android_database_sqlite_SQLiteDatabase$isMainThread ()Z 2 30411 orig 80 0 0 0 0 0 0 0 0 0 0 0 0 124 117 0 0 0 0 0 0 0 0 0 0 0 0 0 0 0 0 0 0 0 0 0 0 0 0 0 0 0 0 0 0 0 0 0 0 0 0 0 0 0 0 0 0 0 0 0 0 0 0 0 0 0 0 0 0 0 0 0 0 0 0 0 0 0 0 0 0 data 23 0x2 0x74cc 0x50007 0x716a 0x68 0x361 0x90002 0x361 0xc0007 0x0 0x38 0x361 0x100003 0x361 0x18 0x0 0x0 0x0 0x0 0x0 0x0 0x9 0x0 oops 0 methods 0
ciMethodData android/database/sqlite/SQLiteSession acquireConnection (Ljava/lang/String;ILandroid/os/CancellationSignal;)V 2 25643 orig 80 0 0 0 0 0 0 0 0 0 0 0 0 125 117 0 0 0 0 0 0 0 0 0 0 0 0 0 0 0 0 0 0 0 0 0 0 0 0 0 0 0 0 0 0 0 0 0 0 0 0 0 0 0 0 0 0 0 0 0 0 0 0 0 0 0 0 0 0 0 0 0 0 0 0 0 0 0 0 0 0 data 15 0x4000a 0x622c 0x4 0x0 0x757c1c6f8ea0 0x1 0x757cb4002ac1 0x0 0x0 0x9 0x4 0x0 0x0 0x0 0x0 oops 2 4 android/database/sqlite/SQLiteSession 6 java/lang/String methods 0
ciMethodData android/database/sqlite/SQLiteSession $$robo$$android_database_sqlite_SQLiteSession$acquireConnection (Ljava/lang/String;ILandroid/os/CancellationSignal;)V 2 30442 orig 80 0 0 0 0 0 0 0 0 0 0 0 0 0 0 0 0 0 0 0 0 0 0 0 0 0 0 0 0 0 0 0 0 0 0 0 0 0 0 0 0 0 0 0 0 0 0 0 0 0 0 0 0 0 0 0 0 0 0 0 0 0 0 0 0 0 0 0 0 0 0 0 0 0 0 0 0 0 0 0 0 data 33 0x40007 0x4353 0xa8 0x319b 0xa0007 0x0 0x50 0x319b 0x110007 0x319b 0x30 0x0 0x180002 0x0 0x240005 0x0 0x0 0x757c1c5857a0 0x319b 0x0 0x0 0x0 0x0 0x0 0x0 0x0 0x0 0x9 0x4 0x0 0x0 0x0 0x0 oops 1 17 android/database/sqlite/SQLiteConnectionPool methods 0
ciMethodData android/database/sqlite/SQLiteConnection detachCancellationSignal (Landroid/os/CancellationSignal;)V 2 31917 orig 80 0 0 0 0 0 0 0 0 0 0 0 0 125 117 0 0 0 0 0 0 0 0 0 0 0 0 0 0 0 0 0 0 0 0 0 0 0 0 0 0 0 0 0 0 0 0 0 0 0 0 0 0 0 0 0 0 0 0 0 0 0 0 0 0 0 0 0 0 0 0 0 0 0 0 0 0 0 0 0 0 data 13 0x2000a 0x7aae 0x4 0x0 0x757ca97e8010 0x1 0x1 0x0 0x0 0x9 0x2 0x0 0x0 oops 1 4 android/database/sqlite/SQLiteConnection methods 0
ciMethodData android/database/sqlite/SQLiteConnection $$robo$$android_database_sqlite_SQLiteConnection$detachCancellationSignal (Landroid/os/CancellationSignal;)V 2 6777 orig 80 0 0 0 0 0 0 0 0 0 0 0 0 124 117 0 0 0 0 0 0 0 0 0 0 0 0 0 0 0 0 0 0 0 0 0 0 0 0 0 0 0 0 0 0 0 0 0 0 0 0 0 0 0 0 0 0 0 0 0 0 0 0 0 0 0 0 0 0 0 0 0 0 0 0 0 0 0 0 0 0 data 37 0x10007 0x187a 0xd8 0x0 0x70007 0x0 0x50 0x0 0xe0007 0x0 0x30 0x0 0x150002 0x0 0x270007 0x0 0x68 0x0 0x2c0005 0x0 0x0 0x0 0x0 0x0 0x0 0x340002 0x0 0x0 0x0 0x0 0x0 0x0 0x0 0x9 0x2 0x0 0x0 oops 0 methods 0
ciMethodData java/lang/invoke/LambdaForm$MH+0x0000757cd4396400 guard (Ljava/lang/Object;Ljava/lang/Object;Ljava/lang/Object;ILjava/lang/Object;)V 2 25647 orig 80 0 0 0 0 0 0 0 0 0 0 0 0 0 0 0 0 0 0 0 0 0 0 0 0 0 0 0 0 0 0 0 0 0 0 0 0 0 0 0 0 0 0 0 0 0 0 0 0 0 0 0 0 0 0 0 0 0 0 0 0 0 0 0 0 0 0 0 0 0 0 0 0 0 0 0 0 0 0 0 0 data 116 0x10004 0x0 0x0 0x757c1c7f0440 0x99 0x0 0x0 0x1f0004 0x0 0x0 0x757c1c7f3b40 0x99 0x0 0x0 0x27000b 0x6230 0x0 0x0 0x0 0x0 0x0 0x4 0x1 0x757c1c6f8ea0 0x2 0x757cb4002ac1 0x320004 0x0 0x0 0x757cb4013240 0x99 0x0 0x0 0x35000a 0x622e 0x2 0x1 0x757cb4013240 0x3e0007 0x0 0x108 0x622d 0x430004 0x0 0x0 0x757c1c7f3bf0 0x99 0x0 0x0 0x4a0004 0x0 0x0 0x757c1c7f3bf0 0x10 0x0 0x0 0x52000b 0x622e 0x0 0x0 0x0 0x0 0x0 0x4 0x1 0x757c1c6f8ea0 0x2 0x757cb4002ac1 0x550003 0x6231 0xe8 0x5a0004 0x0 0x0 0x0 0x0 0x0 0x0 0x610004 0x0 0x0 0x0 0x0 0x0 0x0 0x69000b 0x0 0x0 0x0 0x0 0x0 0x0 0x4 0x1 0x0 0x2 0x0 0x0 0x0 0x0 0x0 0x0 0x0 0x9 0x5 0x0 0x0 0x0 0x0 0x0 0xc 0x4 0x0 0x757c1c7f0440 0x1 0x757c1c6f8ea0 oops 12 3 java/lang/invoke/BoundMethodHandle$Species_LLLL 10 java/lang/invoke/BoundMethodHandle$Species_LL 23 android/database/sqlite/SQLiteSession 25 java/lang/String 29 [I 37 [I 45 java/lang/invoke/MethodHandleImpl$CountingWrapper 52 java/lang/invoke/MethodHandleImpl$CountingWrapper 65 android/database/sqlite/SQLiteSession 67 java/lang/String 113 java/lang/invoke/BoundMethodHandle$Species_LLLL 115 android/database/sqlite/SQLiteSession methods 0
ciMethodData java/lang/invoke/LambdaForm$MH+0x0000757cd4395000 guardWithCatch (Ljava/lang/Object;Ljava/lang/Object;Ljava/lang/Object;ILjava/lang/Object;)V 2 25651 orig 80 0 0 0 0 0 0 0 0 0 0 0 0 0 0 0 0 0 0 0 0 0 0 0 0 0 0 0 0 0 0 0 0 0 0 0 0 0 0 0 0 0 0 0 0 0 0 0 0 0 0 0 0 0 0 0 0 0 0 0 0 0 0 0 0 0 0 0 0 0 0 0 0 0 0 0 0 0 0 0 0 data 91 0x10004 0x0 0x0 0x757c1c796d00 0x99 0x0 0x0 0x250004 0x0 0x0 0x757c1c790ef0 0x99 0x0 0x0 0x2d000b 0x6233 0x0 0x0 0x0 0x0 0x0 0x4 0x1 0x757c1c6f8ea0 0x2 0x757cb4002ac1 0x300003 0x6235 0x170 0x360004 0x0 0x0 0x0 0x0 0x0 0x0 0x3a000b 0x0 0x0 0x0 0x0 0x0 0x0 0x2 0x1 0x0 0x3d0007 0x0 0xd0 0x0 0x420004 0x0 0x0 0x0 0x0 0x0 0x0 0x4b000b 0x0 0x0 0x0 0x0 0x0 0x0 0x4 0x1 0x0 0x2 0x0 0x4e0003 0x0 0x18 0x0 0x0 0x0 0x0 0x0 0x0 0x9 0x5 0x0 0x0 0x0 0x0 0x0 0xc 0x4 0x0 0x757c1c796d00 0x1 0x757c1c6f8ea0 oops 6 3 java/lang/invoke/BoundMethodHandle$Species_LLLLL 10 java/lang/invoke/DirectMethodHandle$Special 23 android/database/sqlite/SQLiteSession 25 java/lang/String 88 java/lang/invoke/BoundMethodHandle$Species_LLLLL 90 android/database/sqlite/SQLiteSession methods 0
ciMethodData org/robolectric/shadows/ShadowNativeSQLiteConnection$$Lambda$145+0x0000757cd436d948 <init> (JJ)V 2 4190 orig 80 0 0 0 0 0 0 0 0 0 0 0 0 124 117 0 0 0 0 0 0 0 0 0 0 0 0 0 0 0 0 0 0 0 0 0 0 0 0 0 0 0 0 0 0 0 0 0 0 0 0 0 0 0 0 0 0 0 0 0 0 0 0 0 0 0 0 0 0 0 0 0 0 0 0 0 0 0 0 0 0 data 13 0x10002 0xf3a 0x0 0x0 0x0 0x0 0x9 0x5 0x1c 0x0 0x0 0x0 0x0 oops 0 methods 0
ciMethod java/lang/invoke/LambdaForm$MH+0x0000757cd4772800 delegate (Ljava/lang/Object;Ljava/lang/Object;ILjava/lang/Object;ILjava/lang/Object;)V 1264 0 17789 0 -1
ciMethodData java/lang/invoke/LambdaForm$MH+0x0000757cd4772800 delegate (Ljava/lang/Object;Ljava/lang/Object;ILjava/lang/Object;ILjava/lang/Object;)V 2 17789 orig 80 0 0 0 0 0 0 0 0 0 0 0 0 0 0 0 0 0 0 0 0 0 0 0 0 0 0 0 0 0 0 0 0 0 0 0 0 0 0 0 0 0 0 0 0 0 0 0 0 0 0 0 0 0 0 0 0 0 0 0 0 0 0 0 0 0 0 0 0 0 0 0 0 0 0 0 0 0 0 0 0 data 55 0x10004 0x0 0x0 0x757c1c7f3bf0 0x87 0x0 0x0 0x4000b 0x0 0x0 0x757c1c7f3bf0 0x4306 0x0 0x0 0x1 0x757c1c796d00 0xb0004 0x0 0x0 0x757c1c796d00 0x87 0x0 0x0 0x15000b 0x4306 0x0 0x0 0x0 0x0 0x0 0x4 0x1 0x757c1c6f8ea0 0x3 0x1 0x0 0x0 0x0 0x0 0x0 0x0 0x9 0x6 0x0 0x0 0x0 0x0 0x0 0x0 0xc 0x4 0x0 0x757c1c7f3bf0 0x1 0x757c1c6f8ea0 oops 7 3 java/lang/invoke/MethodHandleImpl$CountingWrapper 10 java/lang/invoke/MethodHandleImpl$CountingWrapper 15 java/lang/invoke/BoundMethodHandle$Species_LLLLL 19 java/lang/invoke/BoundMethodHandle$Species_LLLLL 32 android/database/sqlite/SQLiteSession 52 java/lang/invoke/MethodHandleImpl$CountingWrapper 54 android/database/sqlite/SQLiteSession methods 0
ciMethodData android/database/sqlite/SQLiteDatabase isOpen ()Z 2 53714 orig 80 0 0 0 0 0 0 0 0 0 0 0 0 125 117 0 0 0 0 0 0 0 0 0 0 0 0 0 0 0 0 0 0 0 0 0 0 0 0 0 0 0 0 0 0 0 0 0 0 0 0 0 0 0 0 0 0 0 0 0 0 0 0 0 0 0 0 0 0 0 0 0 0 0 0 0 0 0 0 0 0 data 10 0x1000a 0xd0d1 0x2 0x0 0x757c1c7c05d0 0x0 0x0 0x9 0x1 0x0 oops 1 4 android/database/sqlite/SQLiteDatabase methods 0
ciMethodData android/database/sqlite/SQLiteDatabase $$robo$$android_database_sqlite_SQLiteDatabase$isOpen ()Z 2 7909 orig 80 0 0 0 0 0 0 0 0 0 0 0 0 125 117 0 0 0 0 0 0 0 0 0 0 0 0 0 0 0 0 0 0 0 0 0 0 0 0 0 0 0 0 0 0 0 0 0 0 0 0 0 0 0 0 0 0 0 0 0 0 0 0 0 0 0 0 0 0 0 0 0 0 0 0 0 0 0 0 0 0 data 16 0xb0007 0x0 0x38 0x1de1 0xf0003 0x1de1 0x18 0x0 0x0 0x0 0x0 0x0 0x0 0x9 0x1 0x0 oops 0 methods 0
ciMethodData org/robolectric/shadows/ShadowNativeSQLiteConnection$$Lambda$145+0x0000757cd436d948 run ()V 2 4190 orig 80 0 0 0 0 0 0 0 0 0 0 0 0 0 0 0 0 0 0 0 0 0 0 0 0 0 0 0 0 0 0 0 0 0 0 0 0 0 0 0 0 0 0 0 0 0 0 0 0 0 0 0 0 0 0 0 0 0 0 0 0 0 0 0 0 0 0 0 0 0 0 0 0 0 0 0 0 0 0 0 0 data 11 0x80002 0xe5f 0x0 0x0 0x0 0x0 0x0 0x0 0x9 0x1 0x0 oops 0 methods 0
ciMethodData org/robolectric/shadows/ShadowNativeSQLiteConnection lambda$nativeResetStatementAndClearBindings$19 (JJ)V 2 4190 orig 80 0 0 0 0 0 0 0 0 0 0 0 0 124 117 0 0 0 0 0 0 0 0 0 0 0 0 0 0 0 0 0 0 0 0 0 0 0 0 0 0 0 0 0 0 0 0 0 0 0 0 0 0 0 0 0 0 0 0 0 0 0 0 0 0 0 0 0 0 0 0 0 0 0 0 0 0 0 0 0 0 data 14 0x20002 0xe5f 0x0 0x0 0x0 0x0 0x0 0x0 0x9 0x4 0x0 0x0 0x0 0x0 oops 0 methods 0
ciMethodData android/database/sqlite/SQLiteDatabase isReadOnly ()Z 2 44595 orig 80 0 0 0 0 0 0 0 0 0 0 0 0 125 117 0 0 0 0 0 0 0 0 0 0 0 0 0 0 0 0 0 0 0 0 0 0 0 0 0 0 0 0 0 0 0 0 0 0 0 0 0 0 0 0 0 0 0 0 0 0 0 0 0 0 0 0 0 0 0 0 0 0 0 0 0 0 0 0 0 0 data 10 0x1000a 0xad33 0x2 0x0 0x757c1c7c05d0 0x0 0x0 0x9 0x1 0x0 oops 1 4 android/database/sqlite/SQLiteDatabase methods 0
ciMethodData android/database/sqlite/SQLiteDatabase $$robo$$android_database_sqlite_SQLiteDatabase$isReadOnly ()Z 2 7460 orig 80 0 0 0 0 0 0 0 0 0 0 0 0 125 117 0 0 0 0 0 0 0 0 0 0 0 0 0 0 0 0 0 0 0 0 0 0 0 0 0 0 0 0 0 0 0 0 0 0 0 0 0 0 0 0 0 0 0 0 0 0 0 0 0 0 0 0 0 0 0 0 0 0 0 0 0 0 0 0 0 0 data 9 0x80002 0x1c21 0x0 0x0 0x0 0x0 0x9 0x1 0x0 oops 0 methods 0
ciMethodData android/database/sqlite/SQLiteDatabase isReadOnlyLocked ()Z 2 7460 orig 80 0 0 0 0 0 0 0 0 0 0 0 0 125 117 0 0 0 0 0 0 0 0 0 0 0 0 0 0 0 0 0 0 0 0 0 0 0 0 0 0 0 0 0 0 0 0 0 0 0 0 0 0 0 0 0 0 0 0 0 0 0 0 0 0 0 0 0 0 0 0 0 0 0 0 0 0 0 0 0 0 data 10 0x1000a 0x1c20 0x2 0x0 0x757c1c7c05d0 0x0 0x0 0x9 0x1 0x0 oops 1 4 android/database/sqlite/SQLiteDatabase methods 0
ciMethodData android/database/sqlite/SQLiteDatabase $$robo$$android_database_sqlite_SQLiteDatabase$isReadOnlyLocked ()Z 2 7460 orig 80 0 0 0 0 0 0 0 0 0 0 0 0 125 117 0 0 0 0 0 0 0 0 0 0 0 0 0 0 0 0 0 0 0 0 0 0 0 0 0 0 0 0 0 0 0 0 0 0 0 0 0 0 0 0 0 0 0 0 0 0 0 0 0 0 0 0 0 0 0 0 0 0 0 0 0 0 0 0 0 0 data 14 0xa0007 0x1444 0x38 0x0 0xe0003 0x0 0x18 0x0 0x0 0x0 0x0 0x9 0x1 0x0 oops 0 methods 0
ciMethodData android/database/sqlite/SQLiteSession beginTransaction (ILandroid/database/sqlite/SQLiteTransactionListener;ILandroid/os/CancellationSignal;)V 2 10773 orig 80 0 0 0 0 0 0 0 0 0 0 0 0 125 117 0 0 0 0 0 0 0 0 0 0 0 0 0 0 0 0 0 0 0 0 0 0 0 0 0 0 0 0 0 0 0 0 0 0 0 0 0 0 0 0 0 0 0 0 0 0 0 0 0 0 0 0 0 0 0 0 0 0 0 0 0 0 0 0 0 0 data 16 0x6000a 0x2211 0x4 0x0 0x757c1c6f8ea0 0x2 0x1 0x0 0x0 0x9 0x5 0x0 0x0 0x0 0x0 0x0 oops 1 4 android/database/sqlite/SQLiteSession methods 0
ciMethodData android/database/sqlite/SQLiteOpenHelper $$robo$$android_database_sqlite_SQLiteOpenHelper$getDatabaseLocked (Z)Landroid/database/sqlite/SQLiteDatabase; 2 46332 orig 80 1 0 0 0 0 0 0 0 0 0 0 0 0 0 0 0 0 0 0 0 0 0 0 0 0 0 0 0 0 0 0 0 0 0 0 0 0 0 0 1 0 0 0 0 0 0 0 0 0 0 0 0 0 0 0 0 0 0 0 0 0 0 0 0 0 0 0 0 0 0 0 0 0 0 0 0 0 0 0 0 data 419 0x8000000600040007 0x12 0x108 0xabf6 0xb0005 0x0 0x0 0x757c1c7c05d0 0xabf6 0x0 0x0 0xe0007 0xabf6 0x38 0x0 0x160003 0x0 0x90 0x1a0007 0x0 0x78 0xabf6 0x210005 0x0 0x0 0x757c1c7c05d0 0xabf6 0x0 0x0 0x240007 0x0 0x20 0xabf6 0x300007 0x12 0x30 0x0 0x390002 0x0 0x480007 0x12 0xe8 0x0 0x4c0007 0x0 0x338 0x0 0x500005 0x0 0x0 0x0 0x0 0x0 0x0 0x530007 0x0 0x2e0 0x0 0x570005 0x0 0x0 0x0 0x0 0x0 0x0 0x5a0003 0x0 0x288 0x610007 0x0 0x48 0x12 0x650002 0x12 0x690003 0x12 0x240 0x780007 0x0 0x38 0x0 0x7d0003 0x0 0x18 0x890005 0x0 0x0 0x0 0x0 0x0 0x0 0x8d0003 0x0 0x1b8 0x920007 0x0 0x20 0x0 0x9e0002 0x0 0xa30005 0x0 0x0 0x0 0x0 0x0 0x0 0xaa0005 0x0 0x0 0x0 0x0 0x0 0x0 0xaf0005 0x0 0x0 0x0 0x0 0x0 0x0 0xb20005 0x0 0x0 0x0 0x0 0x0 0x0 0xb60002 0x0 0xc20005 0x0 0x0 0x0 0x0 0x0 0x0 0xc50005 0x0 0x0 0x0 0x0 0x0 0x0 0xd50002 0x0 0xdb0005 0x0 0x0 0x757c1c7c1c60 0x12 0x0 0x0 0xdf0005 0x0 0x0 0x757c1c7c05d0 0x12 0x0 0x0 0xe80007 0x0 0x4a0 0x12 0xec0005 0x0 0x0 0x757c1c7c05d0 0x12 0x0 0x0 0xef0007 0x12 0x200 0x0 0xfa0002 0x0 0xff0005 0x0 0x0 0x0 0x0 0x0 0x0 0x1030005 0x0 0x0 0x0 0x0 0x0 0x0 0x1060005 0x0 0x0 0x0 0x0 0x0 0x0 0x10b0005 0x0 0x0 0x0 0x0 0x0 0x0 0x1120005 0x0 0x0 0x0 0x0 0x0 0x0 0x1170005 0x0 0x0 0x0 0x0 0x0 0x0 0x11e0005 0x0 0x0 0x0 0x0 0x0 0x0 0x1210005 0x0 0x0 0x0 0x0 0x0 0x0 0x1240002 0x0 0x1290005 0x0 0x0 0x757c1c7c05d0 0x12 0x0 0x0 0x12d0007 0x0 0x70 0x12 0x1320005 0x0 0x0 0x757c1c7c1c60 0x12 0x0 0x0 0x1350003 0x12 0xc0 0x13d0007 0x0 0x70 0x0 0x1470005 0x0 0x0 0x0 0x0 0x0 0x0 0x14a0003 0x0 0x50 0x1540005 0x0 0x0 0x0 0x0 0x0 0x0 0x15c0005 0x0 0x0 0x757c1c7c05d0 0x12 0x0 0x0 0x1600005 0x0 0x0 0x757c1c7c05d0 0x12 0x0 0x0 0x1640005 0x0 0x0 0x757c1c7c05d0 0x12 0x0 0x0 0x1670003 0x12 0x50 0x16d0005 0x0 0x0 0x0 0x0 0x0 0x0 0x1750005 0x0 0x0 0x757c1c7c1c60 0x12 0x0 0x0 0x1790005 0x0 0x0 0x757c1c7c05d0 0x12 0x0 0x0 0x17c0007 0x12 0x120 0x0 0x1860002 0x0 0x18b0005 0x0 0x0 0x0 0x0 0x0 0x0 0x1920005 0x0 0x0 0x0 0x0 0x0 0x0 0x1970005 0x0 0x0 0x0 0x0 0x0 0x0 0x19a0005 0x0 0x0 0x0 0x0 0x0 0x0 0x19d0002 0x0 0x1af0007 0x0 0x78 0x12 0x1b70007 0x12 0x58 0x0 0x1bb0005 0x0 0x0 0x0 0x0 0x0 0x0 0x1c90007 0x0 0x78 0x0 0x1d10007 0x0 0x58 0x0 0x1d50005 0x0 0x0 0x0 0x0 0x0 0x0 0x0 0x0 0x0 0x0 0x0 0x0 0x0 0x0 0x0 0x0 0x0 0x0 0x0 0x0 0x0 0x0 0x0 0x0 0x0 0x0 0x0 0x0 0x0 0x0 0x0 0x0 0x0 0x9 0x2 0x0 0x0 oops 12 7 android/database/sqlite/SQLiteDatabase 25 android/database/sqlite/SQLiteDatabase 149 androidx/sqlite/db/framework/FrameworkSQLiteOpenHelper$OpenHelper 156 android/database/sqlite/SQLiteDatabase 167 android/database/sqlite/SQLiteDatabase 238 android/database/sqlite/SQLiteDatabase 249 androidx/sqlite/db/framework/FrameworkSQLiteOpenHelper$OpenHelper 280 android/database/sqlite/SQLiteDatabase 287 android/database/sqlite/SQLiteDatabase 294 android/database/sqlite/SQLiteDatabase 311 androidx/sqlite/db/framework/FrameworkSQLiteOpenHelper$OpenHelper 318 android/database/sqlite/SQLiteDatabase methods 0
ciMethodData android/database/sqlite/SQLiteDatabase beginTransaction ()V 2 5402 orig 80 0 0 0 0 0 0 0 0 0 0 0 0 125 117 0 0 0 0 0 0 0 0 0 0 0 0 0 0 0 0 0 0 0 0 0 0 0 0 0 0 0 0 0 0 0 0 0 0 0 0 0 0 0 0 0 0 0 0 0 0 0 0 0 0 0 0 0 0 0 0 0 0 0 0 0 0 0 0 0 0 data 10 0x1000a 0x14da 0x2 0x0 0x757c1c7c05d0 0x0 0x0 0x9 0x1 0x0 oops 1 4 android/database/sqlite/SQLiteDatabase methods 0
ciMethodData android/database/sqlite/SQLiteDatabase $$robo$$android_database_sqlite_SQLiteDatabase$beginTransaction ()V 2 5403 orig 80 0 0 0 0 0 0 0 0 0 0 0 0 125 117 0 0 0 0 0 0 0 0 0 0 0 0 0 0 0 0 0 0 0 0 0 0 0 0 0 0 0 0 0 0 0 0 0 0 0 0 0 0 0 0 0 0 0 0 0 0 0 0 0 0 0 0 0 0 0 0 0 0 0 0 0 0 0 0 0 0 data 7 0x30002 0x14da 0x0 0x0 0x9 0x1 0x0 oops 0 methods 0
ciMethodData android/database/sqlite/SQLiteDatabase beginTransaction (Landroid/database/sqlite/SQLiteTransactionListener;Z)V 2 10763 orig 80 0 0 0 0 0 0 0 0 0 0 0 0 0 0 0 0 0 0 0 0 0 0 0 0 0 0 0 0 0 0 0 0 0 0 0 0 0 0 0 0 0 0 0 0 0 0 0 0 0 0 0 0 0 0 0 0 0 0 0 0 0 0 0 0 0 0 0 0 0 0 0 0 0 0 0 0 0 0 0 0 data 14 0x3000a 0x25fb 0x4 0x0 0x757c1c7c05d0 0x1 0x1 0x0 0x0 0x9 0x3 0x0 0x0 0x0 oops 1 4 android/database/sqlite/SQLiteDatabase methods 0
ciMethodData android/database/sqlite/SQLiteConnection execute (Ljava/lang/String;[Ljava/lang/Object;Landroid/os/CancellationSignal;)V 2 18575 orig 80 0 0 0 0 0 0 0 0 0 0 0 0 125 117 0 0 0 0 0 0 0 0 0 0 0 0 0 0 0 0 0 0 0 0 0 0 0 0 0 0 0 0 0 0 0 0 0 0 0 0 0 0 0 0 0 0 0 0 0 0 0 0 0 0 0 0 0 0 0 0 0 0 0 0 0 0 0 0 0 0 data 15 0x4000a 0x42bb 0x4 0x0 0x757ca97e8010 0x1 0x757cb4002ac0 0x0 0x0 0x9 0x4 0x0 0x0 0x0 0x0 oops 2 4 android/database/sqlite/SQLiteConnection 6 java/lang/String methods 0
ciMethodData android/database/sqlite/SQLiteConnection $$robo$$android_database_sqlite_SQLiteConnection$execute (Ljava/lang/String;[Ljava/lang/Object;Landroid/os/CancellationSignal;)V 2 21902 orig 80 0 0 0 0 0 0 0 0 0 0 0 0 170 170 170 170 0 0 0 0 0 0 0 0 0 0 0 0 0 0 0 0 0 0 0 0 0 0 0 0 0 0 0 0 0 0 0 0 0 0 0 0 0 0 0 0 0 0 0 0 0 0 0 0 0 0 0 0 0 0 0 0 0 0 0 0 0 0 0 0 data 77 0x10007 0x4d37 0x30 0x0 0xb0002 0x0 0x180005 0x0 0x0 0x757c1c9ae6b0 0x4d37 0x0 0x0 0x1f0002 0x4d37 0x270002 0x4d37 0x2e0002 0x4d37 0x340002 0x4d37 0x390002 0x4d37 0x450002 0x4d37 0x4a0002 0x4d37 0x4d0003 0x4d37 0x28 0x540002 0x0 0x5d0002 0x4d37 0x600003 0x4d37 0x28 0x680002 0x0 0x740005 0x0 0x0 0x757c1c9ae6b0 0x4d37 0x0 0x0 0x770003 0x4d37 0x88 0x840005 0x0 0x0 0x0 0x0 0x0 0x0 0x920005 0x0 0x0 0x0 0x0 0x0 0x0 0x0 0x0 0x0 0x0 0x0 0x0 0x0 0x0 0x9 0x4 0x0 0x0 0x0 0x0 oops 2 9 android/database/sqlite/SQLiteConnection$OperationLog 42 android/database/sqlite/SQLiteConnection$OperationLog methods 0
ciMethodData android/database/sqlite/SQLiteConnection nativeExecute (JJ)V 2 20305 orig 80 0 0 0 0 0 0 0 0 0 0 0 0 125 117 0 0 0 0 0 0 0 0 0 0 0 0 0 0 0 0 0 0 0 0 0 0 0 0 0 0 0 0 0 0 0 0 0 0 0 0 0 0 0 0 0 0 0 0 0 0 0 0 0 0 0 0 0 0 0 0 0 0 0 0 0 0 0 0 0 0 data 9 0x20002 0x4d52 0x0 0x9 0x4 0x0 0x0 0x0 0x0 oops 0 methods 0
ciMethodData org/robolectric/shadows/ShadowNativeSQLiteConnection nativeExecute (JJ)V 2 21932 orig 80 0 0 0 0 0 0 0 0 0 0 0 0 125 117 0 0 0 0 0 0 0 0 0 0 0 0 0 0 0 0 0 0 0 0 0 0 0 0 0 0 0 0 0 0 0 0 0 0 0 0 0 0 0 0 0 0 0 0 0 0 0 0 0 0 0 0 0 0 0 0 0 0 0 0 0 0 0 0 0 0 data 25 0x2 0x4d55 0x7000a 0x4d55 0x1 0x757cb7535d10 0xc0005 0x0 0x0 0x757cb7535470 0x4d55 0x0 0x0 0x0 0x0 0x0 0x0 0x0 0x0 0x9 0x4 0x0 0x0 0x0 0x0 oops 2 5 org/robolectric/shadows/ShadowNativeSQLiteConnection$$Lambda$143+0x0000757cd436d500 9 org/robolectric/util/PerfStatsCollector methods 0
ciMethodData org/robolectric/shadows/ShadowNativeSQLiteConnection$$Lambda$143+0x0000757cd436d500 <init> (JJ)V 2 20308 orig 80 0 0 0 0 0 0 0 0 0 0 0 0 125 117 0 0 0 0 0 0 0 0 0 0 0 0 0 0 0 0 0 0 0 0 0 0 0 0 0 0 0 0 0 0 0 0 0 0 0 0 0 0 0 0 0 0 0 0 0 0 0 0 0 0 0 0 0 0 0 0 0 0 0 0 0 0 0 0 0 0 data 13 0x10002 0x4d55 0x0 0x0 0x0 0x0 0x9 0x5 0x1c 0x0 0x0 0x0 0x0 oops 0 methods 0
ciMethodData org/robolectric/shadows/ShadowNativeSQLiteConnection$$Lambda$143+0x0000757cd436d500 run ()V 1 2364 orig 80 0 0 0 0 0 0 0 0 0 0 0 0 0 0 0 0 0 0 0 0 0 0 0 0 0 0 0 0 0 0 0 0 0 0 0 0 0 0 0 0 0 0 0 0 0 0 0 0 0 0 0 0 0 0 0 0 0 0 0 0 0 0 0 0 0 0 0 0 0 0 0 0 0 0 0 0 0 0 0 0 data 11 0x80002 0xa4 0x0 0x0 0x0 0x0 0x0 0x0 0x9 0x1 0x0 oops 0 methods 0
ciMethodData org/robolectric/shadows/ShadowNativeSQLiteConnection lambda$nativeExecute$9 (JJ)V 1 2364 orig 80 0 0 0 0 0 0 0 0 0 0 0 0 124 117 0 0 0 0 0 0 0 0 0 0 0 0 0 0 0 0 0 0 0 0 0 0 0 0 0 0 0 0 0 0 0 0 0 0 0 0 0 0 0 0 0 0 0 0 0 0 0 0 0 0 0 0 0 0 0 0 0 0 0 0 0 0 0 0 0 0 data 14 0x30002 0xa4 0x0 0x0 0x0 0x0 0x0 0x0 0x9 0x4 0x0 0x0 0x0 0x0 oops 0 methods 0
ciMethodData java/lang/invoke/LambdaForm$MH+0x0000757cd43ae000 guard (Ljava/lang/Object;Ljava/lang/Object;ILjava/lang/Object;ILjava/lang/Object;)V 2 17856 orig 80 0 0 0 0 0 0 0 0 0 0 0 0 0 0 0 0 0 0 0 0 0 0 0 0 0 0 0 0 0 0 0 0 0 0 0 0 0 0 0 0 0 0 0 0 0 0 0 0 0 0 0 0 0 0 0 0 0 0 0 0 0 0 0 0 0 0 0 0 0 0 0 0 0 0 0 0 0 0 0 0 data 117 0x10004 0x0 0x0 0x0 0x0 0x0 0x0 0x1f0004 0x0 0x0 0x0 0x0 0x0 0x0 0x29000b 0x427b 0x0 0x0 0x0 0x0 0x0 0x4 0x1 0x757c1c6f8ea0 0x3 0x0 0x340004 0x0 0x0 0x0 0x0 0x0 0x0 0x37000a 0x427b 0x2 0x1 0x757cb4013240 0x400007 0x0 0x108 0x427b 0x450004 0x0 0x0 0x0 0x0 0x0 0x0 0x4c0004 0x0 0x0 0x0 0x0 0x0 0x0 0x56000b 0x427b 0x0 0x0 0x0 0x0 0x0 0x4 0x1 0x757c1c6f8ea0 0x3 0x0 0x590003 0x427b 0xe8 0x5e0004 0x0 0x0 0x0 0x0 0x0 0x0 0x650004 0x0 0x0 0x0 0x0 0x0 0x0 0x6f000b 0x0 0x0 0x0 0x0 0x0 0x0 0x4 0x1 0x0 0x3 0x0 0x0 0x0 0x0 0x0 0x0 0x0 0x9 0x6 0x0 0x0 0x0 0x0 0x0 0x0 0xc 0x4 0x0 0x757c1c7f0440 0x1 0x757c1c6f8ea0 oops 5 23 android/database/sqlite/SQLiteSession 37 [I 65 android/database/sqlite/SQLiteSession 114 java/lang/invoke/BoundMethodHandle$Species_LLLL 116 android/database/sqlite/SQLiteSession methods 0
ciMethodData java/lang/invoke/LambdaForm$MH+0x0000757cd43ad400 invoke (Ljava/lang/Object;Ljava/lang/Object;ILjava/lang/Object;ILjava/lang/Object;)I 2 17856 orig 80 0 0 0 0 0 0 0 0 0 0 0 0 0 0 0 0 0 0 0 0 0 0 0 0 0 0 0 0 0 0 0 0 0 0 0 0 0 0 0 0 0 0 0 0 0 0 0 0 0 0 0 0 0 0 0 0 0 0 0 0 0 0 0 0 0 0 0 0 0 0 0 0 0 0 0 0 0 0 0 0 data 76 0x10004 0x0 0x0 0x757c1c7f3b40 0x2 0x0 0x0 0xd0004 0x0 0x0 0x757c1c7f3b40 0x2 0x0 0x0 0x10000b 0x427d 0x0 0x0 0x0 0x0 0x0 0x1 0x757c1c7f5df0 0x1d0004 0x0 0x0 0x757c1c7f5df0 0x427d 0x0 0x0 0x250004 0x0 0x0 0x757cb4004ed0 0x2 0x0 0x0 0x28000a 0x427d 0x4 0x0 0x757c1c7f5df0 0x1 0x757cb4004ed0 0x2d000a 0x427d 0x2 0x0 0x757c1c7f5df0 0x320005 0x427d 0x0 0x0 0x0 0x0 0x0 0x0 0x0 0x0 0x0 0x0 0x0 0x9 0x6 0x0 0x0 0x0 0x0 0x0 0x0 0xc 0x4 0x0 0x757c1c7f3b40 0x1 0x757c1c6f8ea0 oops 10 3 java/lang/invoke/BoundMethodHandle$Species_LL 10 java/lang/invoke/BoundMethodHandle$Species_LL 22 java/lang/invoke/BoundMethodHandle$Species_I 26 java/lang/invoke/BoundMethodHandle$Species_I 33 java/lang/invoke/MethodType 41 java/lang/invoke/BoundMethodHandle$Species_I 43 java/lang/invoke/MethodType 48 java/lang/invoke/BoundMethodHandle$Species_I 73 java/lang/invoke/BoundMethodHandle$Species_LL 75 android/database/sqlite/SQLiteSession methods 0
ciMethodData java/lang/invoke/LambdaForm$MH+0x0000757cd43abc00 guardWithCatch (Ljava/lang/Object;Ljava/lang/Object;ILjava/lang/Object;ILjava/lang/Object;)V 2 17860 orig 80 0 0 0 0 0 0 0 0 0 0 0 0 0 0 0 0 0 0 0 0 0 0 0 0 0 0 0 0 0 0 0 0 0 0 0 0 0 0 0 0 0 0 0 0 0 0 0 0 0 0 0 0 0 0 0 0 0 0 0 0 0 0 0 0 0 0 0 0 0 0 0 0 0 0 0 0 0 0 0 0 data 92 0x10004 0x0 0x0 0x0 0x0 0x0 0x0 0x250004 0x0 0x0 0x0 0x0 0x0 0x0 0x2f000b 0x427f 0x0 0x0 0x0 0x0 0x0 0x4 0x1 0x757c1c6f8ea0 0x3 0x0 0x320003 0x427d 0x170 0x380004 0x0 0x0 0x0 0x0 0x0 0x0 0x3c000b 0x0 0x0 0x0 0x0 0x0 0x0 0x2 0x1 0x0 0x3f0007 0x0 0xd0 0x0 0x440004 0x0 0x0 0x0 0x0 0x0 0x0 0x4f000b 0x0 0x0 0x0 0x0 0x0 0x0 0x4 0x1 0x0 0x2 0x0 0x520003 0x0 0x18 0x0 0x0 0x0 0x0 0x0 0x0 0x9 0x6 0x0 0x0 0x0 0x0 0x0 0x0 0xc 0x4 0x0 0x757c1c796d00 0x1 0x757c1c6f8ea0 oops 3 23 android/database/sqlite/SQLiteSession 89 java/lang/invoke/BoundMethodHandle$Species_LLLLL 91 android/database/sqlite/SQLiteSession methods 0
ciMethodData android/database/sqlite/SQLiteSession throwIfTransactionMarkedSuccessful ()V 2 19625 orig 80 0 0 0 0 0 0 0 0 0 0 0 0 125 117 0 0 0 0 0 0 0 0 0 0 0 0 0 0 0 0 0 0 0 0 0 0 0 0 0 0 0 0 0 0 0 0 0 0 0 0 0 0 0 0 0 0 0 0 0 0 0 0 0 0 0 0 0 0 0 0 0 0 0 0 0 0 0 0 0 0 data 10 0x1000a 0x497b 0x2 0x0 0x757c1c6f8ea0 0x0 0x0 0x9 0x1 0x0 oops 1 4 android/database/sqlite/SQLiteSession methods 0
ciMethodData android/database/sqlite/SQLiteSession $$robo$$android_database_sqlite_SQLiteSession$throwIfTransactionMarkedSuccessful ()V 2 21552 orig 80 0 0 0 0 0 0 0 0 0 0 0 0 125 117 0 0 0 0 0 0 0 0 0 0 0 0 0 0 0 0 0 0 0 0 0 0 0 0 0 0 0 0 0 0 0 0 0 0 0 0 0 0 0 0 0 0 0 0 0 0 0 0 0 0 0 0 0 0 0 0 0 0 0 0 0 0 0 0 0 0 data 19 0x40007 0x2618 0x50 0x2619 0xe0007 0x2619 0x30 0x0 0x180002 0x0 0x0 0x0 0x0 0x0 0x0 0x0 0x9 0x1 0x0 oops 0 methods 0
ciMethodData android/database/sqlite/SQLiteDatabase $$robo$$android_database_sqlite_SQLiteDatabase$beginTransaction (Landroid/database/sqlite/SQLiteTransactionListener;Z)V 2 10764 orig 80 0 0 0 0 0 0 0 0 0 0 0 0 0 0 0 0 0 0 0 0 0 0 0 0 0 0 0 0 0 0 0 0 0 0 0 0 0 0 0 0 0 0 0 0 0 0 0 0 0 0 0 0 0 0 0 0 0 0 0 0 0 0 0 0 0 0 0 0 0 0 0 0 0 0 0 0 0 0 0 0 data 63 0x10005 0x0 0x0 0x757c1c7c05d0 0x21f1 0x0 0x0 0x50005 0x0 0x0 0x757c1c7c05d0 0x21f1 0x0 0x0 0x90007 0x10e0 0x38 0x1111 0xd0003 0x1111 0x18 0x140005 0x0 0x0 0x757c1c7c05d0 0x21f1 0x0 0x0 0x180005 0x0 0x0 0x757c1c6f8ea0 0x21f1 0x0 0x0 0x1c0005 0x0 0x0 0x757c1c7c05d0 0x21f1 0x0 0x0 0x1f0003 0x21f1 0x50 0x240005 0x0 0x0 0x0 0x0 0x0 0x0 0x0 0x0 0x0 0x0 0x0 0x0 0x9 0x3 0x0 0x0 0x0 oops 5 3 android/database/sqlite/SQLiteDatabase 10 android/database/sqlite/SQLiteDatabase 24 android/database/sqlite/SQLiteDatabase 31 android/database/sqlite/SQLiteSession 38 android/database/sqlite/SQLiteDatabase methods 0
ciMethodData android/database/sqlite/SQLiteSession $$robo$$android_database_sqlite_SQLiteSession$beginTransaction (ILandroid/database/sqlite/SQLiteTransactionListener;ILandroid/os/CancellationSignal;)V 2 10775 orig 80 0 0 0 0 0 0 0 0 0 0 0 0 0 0 0 0 0 0 0 0 0 0 0 0 0 0 0 0 0 0 0 0 0 0 0 0 0 0 0 0 0 0 0 0 0 0 0 0 0 0 0 0 0 0 0 0 0 0 0 0 0 0 0 0 0 0 0 0 0 0 0 0 0 0 0 0 0 0 0 0 data 14 0x10002 0x220a 0xa0002 0x220a 0x0 0x0 0x0 0x9 0x5 0x0 0x0 0x0 0x0 0x0 oops 0 methods 0
ciMethodData android/database/sqlite/SQLiteSession beginTransactionUnchecked (ILandroid/database/sqlite/SQLiteTransactionListener;ILandroid/os/CancellationSignal;)V 2 10776 orig 80 0 0 0 0 0 0 0 0 0 0 0 0 125 117 0 0 0 0 0 0 0 0 0 0 0 0 0 0 0 0 0 0 0 0 0 0 0 0 0 0 0 0 0 0 0 0 0 0 0 0 0 0 0 0 0 0 0 0 0 0 0 0 0 0 0 0 0 0 0 0 0 0 0 0 0 0 0 0 0 0 data 16 0x6000a 0x21f7 0x4 0x0 0x757c1c6f8ea0 0x2 0x1 0x0 0x0 0x9 0x5 0x0 0x0 0x0 0x0 0x0 oops 1 4 android/database/sqlite/SQLiteSession methods 0
ciMethodData android/database/sqlite/SQLiteSession $$robo$$android_database_sqlite_SQLiteSession$beginTransactionUnchecked (ILandroid/database/sqlite/SQLiteTransactionListener;ILandroid/os/CancellationSignal;)V 2 10778 orig 80 0 0 0 0 0 0 0 0 0 0 0 0 0 0 0 0 0 0 0 0 0 0 0 0 0 0 0 0 0 0 0 0 0 0 0 0 0 0 0 0 0 0 0 0 0 0 0 0 0 0 0 0 0 0 0 0 0 0 0 0 0 0 0 0 0 0 0 0 0 0 0 0 0 0 0 0 0 0 0 0 data 115 0x20007 0x21ed 0x58 0x0 0x70005 0x0 0x0 0x0 0x0 0x0 0x0 0xe0007 0x0 0x30 0x21ed 0x160002 0x21ed 0x1d0007 0x0 0x138 0x21ed 0x210008 0x6 0x0 0xe0 0x10de 0x40 0x110f 0x90 0x450005 0x0 0x0 0x757ca97e8010 0x10de 0x0 0x0 0x480003 0x10dd 0xa0 0x540005 0x0 0x0 0x757ca97e8010 0x110f 0x0 0x0 0x570003 0x110f 0x50 0x630005 0x0 0x0 0x0 0x0 0x0 0x0 0x670007 0x21ec 0xc8 0x0 0x6b0005 0x0 0x0 0x0 0x0 0x0 0x0 0x700003 0x0 0x70 0x790007 0x0 0x58 0x0 0x850005 0x0 0x0 0x0 0x0 0x0 0x0 0x8e0002 0x21ec 0xa60007 0x21ec 0x78 0x0 0xaa0002 0x0 0xad0003 0x0 0x48 0xb60007 0x0 0x30 0x0 0xba0002 0x0 0x0 0x0 0x0 0x0 0x0 0x0 0x0 0x0 0x0 0x0 0x9 0x5 0x0 0x0 0x0 0x0 0x0 oops 2 32 android/database/sqlite/SQLiteConnection 42 android/database/sqlite/SQLiteConnection methods 0
ciInstanceKlass java/lang/Cloneable 1 0 7 100 1 100 1 1 1
instanceKlass io/github/thatsfguy/reticulum/android/storage/DestinationDao_Impl$11
instanceKlass io/github/thatsfguy/reticulum/android/storage/DestinationDao_Impl$10
instanceKlass io/github/thatsfguy/reticulum/android/storage/DestinationDao_Impl$18
instanceKlass io/github/thatsfguy/reticulum/android/storage/DestinationDao_Impl$16
instanceKlass io/github/thatsfguy/reticulum/android/storage/DestinationDao_Impl$20
instanceKlass io/github/thatsfguy/reticulum/android/storage/DestinationDao_Impl$17
instanceKlass io/github/thatsfguy/reticulum/android/storage/DestinationDao_Impl$15
instanceKlass kotlinx/coroutines/flow/internal/FlowExceptions_commonKt
instanceKlass kotlinx/coroutines/channels/WaiterEB
instanceKlass kotlinx/coroutines/internal/InlineList
instanceKlass kotlinx/coroutines/channels/ChannelsKt__Channels_commonKt
instanceKlass kotlinx/coroutines/channels/ChannelsKt
instanceKlass kotlinx/coroutines/flow/internal/DownstreamExceptionContext
instanceKlass kotlinx/coroutines/flow/internal/SafeCollectorKt
instanceKlass kotlinx/coroutines/flow/internal/SafeCollector_commonKt
instanceKlass androidx/arch/core/internal/SafeIterableMap$Entry
instanceKlass kotlinx/coroutines/flow/ThrowingCollector
instanceKlass androidx/room/InvalidationTracker$ObserverWrapper
instanceKlass kotlinx/coroutines/flow/FlowKt__EmittersKt
instanceKlass kotlin/collections/builders/MapBuilder$Itr
instanceKlass kotlinx/coroutines/flow/FlowKt__ChannelsKt
instanceKlass kotlin/jvm/internal/markers/KMutableIterator
instanceKlass androidx/room/InvalidationTracker$Observer
instanceKlass kotlinx/coroutines/flow/internal/NoOpContinuation
instanceKlass kotlinx/coroutines/flow/FlowKt__ReduceKt$first$$inlined$collectWhile$1
instanceKlass kotlinx/coroutines/flow/FlowCollector
instanceKlass kotlinx/coroutines/flow/internal/NullSurrogateKt
instanceKlass kotlinx/coroutines/flow/FlowKt__ReduceKt
instanceKlass kotlinx/coroutines/flow/AbstractFlow
instanceKlass kotlinx/coroutines/flow/CancellableFlow
instanceKlass kotlinx/coroutines/flow/Flow
instanceKlass kotlinx/coroutines/flow/FlowKt__BuildersKt
instanceKlass kotlinx/coroutines/flow/FlowKt
instanceKlass io/github/thatsfguy/reticulum/android/storage/DestinationDao_Impl$19
instanceKlass kotlinx/coroutines/AbstractTimeSource
instanceKlass kotlinx/coroutines/internal/SegmentOrClosed
instanceKlass kotlinx/coroutines/internal/ConcurrentLinkedListKt
instanceKlass android/database/sqlite/SQLiteConnectionPool$1
instanceKlass java/util/concurrent/locks/ReentrantReadWriteLock$Sync$HoldCounter
instanceKlass android/database/DefaultDatabaseErrorHandler
instanceKlass java/util/UUID$Holder
instanceKlass io/github/thatsfguy/reticulum/android/storage/DestinationDao_Impl$9
instanceKlass kotlin/coroutines/jvm/internal/Boxing
instanceKlass io/github/thatsfguy/reticulum/android/storage/DestinationEntity
instanceKlass io/github/thatsfguy/reticulum/android/storage/DestinationRetentionTest
instanceKlass androidx/room/RoomDatabase
instanceKlass io/github/thatsfguy/reticulum/android/storage/DestinationRetentionTest
instanceKlass kotlin/test/AssertContentEqualsImplKt
instanceKlass io/github/thatsfguy/reticulum/android/storage/IdentityDao_Impl$3
instanceKlass androidx/room/util/CursorUtil
instanceKlass kotlinx/coroutines/CancelHandler$UserSupplied
instanceKlass io/github/thatsfguy/reticulum/android/storage/MessageDao_Impl$16
instanceKlass android/os/ICancellationSignal
instanceKlass androidx/room/util/DBUtil
instanceKlass androidx/room/RoomSQLiteQuery$Companion
instanceKlass androidx/room/RoomSQLiteQuery
instanceKlass org/robolectric/shadows/ShadowLog$LogItem
instanceKlass io/github/thatsfguy/reticulum/android/storage/MessageDao_Impl$9
instanceKlass io/github/thatsfguy/reticulum/android/storage/MessageDao_Impl$7
instanceKlass io/github/thatsfguy/reticulum/android/storage/MessageEntity
instanceKlass kotlin/io/ByteStreamsKt
instanceKlass kotlin/io/FilesKt__FilePathComponentsKt
instanceKlass kotlin/collections/builders/ListBuilderKt
instanceKlass kotlin/collections/builders/MapBuilder$Companion
instanceKlass kotlin/collections/builders/MapBuilder
instanceKlass kotlin/jvm/internal/markers/KMutableMap
instanceKlass kotlin/collections/builders/SetBuilder$Companion
instanceKlass kotlin/jvm/internal/markers/KMutableSet
instanceKlass kotlin/jvm/internal/markers/KMutableCollection
instanceKlass kotlin/jvm/internal/markers/KMutableIterable
instanceKlass kotlinx/coroutines/CancellableContinuationImplKt
instanceKlass kotlinx/coroutines/channels/BufferedChannel$BufferedChannelIterator
instanceKlass kotlinx/coroutines/channels/ChannelIterator
instanceKlass kotlinx/coroutines/channels/ReceiveCatching
instanceKlass kotlinx/coroutines/selects/SelectInstance
instanceKlass androidx/arch/core/executor/DefaultTaskExecutor$1
instanceKlass java/util/concurrent/ScheduledFuture
instanceKlass java/util/concurrent/Delayed
instanceKlass kotlinx/coroutines/internal/ConcurrentKt
instanceKlass kotlinx/coroutines/DispatcherExecutor
instanceKlass kotlinx/coroutines/ExecutorsKt
instanceKlass androidx/room/CoroutinesRoomKt
instanceKlass androidx/room/TransactionElement$Key
instanceKlass androidx/room/TransactionElement
instanceKlass androidx/room/CoroutinesRoom$Companion
instanceKlass androidx/room/CoroutinesRoom
instanceKlass io/github/thatsfguy/reticulum/android/storage/IdentityDao_Impl$2
instanceKlass io/github/thatsfguy/reticulum/android/storage/IdentityEntity
instanceKlass kotlinx/coroutines/IncompleteStateBox
instanceKlass kotlin/coroutines/jvm/internal/ModuleNameRetriever$Cache
instanceKlass kotlin/coroutines/jvm/internal/ModuleNameRetriever
instanceKlass kotlin/coroutines/jvm/internal/DebugMetadata
instanceKlass kotlin/coroutines/jvm/internal/DebugMetadataKt
instanceKlass kotlinx/coroutines/internal/CtorCache
instanceKlass kotlin/jvm/functions/Function22
instanceKlass kotlin/jvm/functions/Function21
instanceKlass kotlin/jvm/functions/Function20
instanceKlass kotlin/jvm/functions/Function19
instanceKlass kotlin/jvm/functions/Function18
instanceKlass kotlin/jvm/functions/Function17
instanceKlass kotlin/jvm/functions/Function16
instanceKlass kotlin/jvm/functions/Function15
instanceKlass kotlin/jvm/functions/Function14
instanceKlass kotlin/jvm/functions/Function13
instanceKlass kotlin/jvm/functions/Function12
instanceKlass kotlin/jvm/functions/Function11
instanceKlass kotlin/jvm/functions/Function10
instanceKlass kotlin/jvm/functions/Function9
instanceKlass kotlin/jvm/functions/Function8
instanceKlass kotlin/jvm/functions/Function7
instanceKlass kotlin/jvm/functions/Function6
instanceKlass kotlin/jvm/functions/Function5
instanceKlass kotlin/jvm/internal/ClassReference$Companion
instanceKlass kotlin/jvm/internal/ClassReference
instanceKlass kotlin/jvm/internal/ClassBasedDeclarationContainer
instanceKlass kotlin/reflect/KMutableProperty2
instanceKlass kotlin/reflect/KProperty2
instanceKlass kotlin/reflect/KMutableProperty1
instanceKlass kotlin/reflect/KProperty1
instanceKlass kotlin/reflect/KMutableProperty0
instanceKlass kotlin/reflect/KMutableProperty
instanceKlass kotlin/reflect/KProperty0
instanceKlass kotlin/reflect/KProperty
instanceKlass kotlin/reflect/KTypeParameter
instanceKlass kotlin/reflect/KType
instanceKlass kotlin/reflect/KClass
instanceKlass kotlin/jvm/internal/ReflectionFactory
instanceKlass kotlin/reflect/KClassifier
instanceKlass kotlin/jvm/internal/Reflection
instanceKlass kotlin/jvm/JvmClassMappingKt
instanceKlass kotlinx/coroutines/internal/ExceptionsConstructorKt
instanceKlass java/lang/StackTraceElement$HashedModules
instanceKlass _COROUTINE/CoroutineDebuggingKt
instanceKlass _COROUTINE/_BOUNDARY
instanceKlass _COROUTINE/ArtificialStackFrames
instanceKlass kotlinx/coroutines/internal/StackTraceRecoveryKt
instanceKlass kotlinx/coroutines/CompletedWithCancellation
instanceKlass kotlinx/coroutines/DebugStringsKt
instanceKlass kotlinx/coroutines/internal/LockFreeTaskQueueCore$Placeholder
instanceKlass kotlinx/coroutines/CompletedContinuation
instanceKlass kotlin/coroutines/jvm/internal/CompletedContinuation
instanceKlass kotlinx/coroutines/internal/ThreadState
instanceKlass kotlinx/coroutines/DisposeOnCancel
instanceKlass kotlinx/coroutines/CancelHandler
instanceKlass kotlinx/coroutines/CancellableContinuationKt
instanceKlass kotlinx/coroutines/Active
instanceKlass kotlinx/coroutines/Waiter
instanceKlass kotlinx/coroutines/CancellableContinuation
instanceKlass kotlinx/coroutines/InternalCompletionHandler$UserSupplied
instanceKlass kotlinx/coroutines/EventLoopImplBase$DelayedTask
instanceKlass kotlinx/coroutines/Delay$DefaultImpls
instanceKlass kotlinx/coroutines/internal/AtomicKt
instanceKlass kotlinx/coroutines/JobSupport$Finishing
instanceKlass kotlinx/coroutines/internal/Removed
instanceKlass kotlinx/coroutines/InactiveNodeList
instanceKlass kotlinx/coroutines/DelayKt
instanceKlass kotlinx/coroutines/TimeoutKt
instanceKlass kotlinx/coroutines/BuildersKt__Builders_commonKt
instanceKlass kotlinx/coroutines/channels/ChannelResult$Failed
instanceKlass kotlinx/coroutines/channels/ChannelResult$Companion
instanceKlass kotlinx/coroutines/channels/ChannelResult
instanceKlass kotlinx/coroutines/test/TestDispatchEvent
instanceKlass kotlinx/coroutines/test/TestCoroutineSchedulerKt
instanceKlass kotlinx/coroutines/JobKt__JobKt
instanceKlass kotlinx/coroutines/JobKt
instanceKlass kotlinx/coroutines/YieldKt
instanceKlass kotlin/jvm/internal/TypeIntrinsics
instanceKlass kotlinx/coroutines/intrinsics/UndispatchedKt
instanceKlass kotlinx/coroutines/internal/OpDescriptor
instanceKlass kotlinx/coroutines/DispatchedTaskKt
instanceKlass kotlinx/coroutines/CompletedExceptionally
instanceKlass kotlinx/coroutines/UndispatchedMarker
instanceKlass kotlinx/coroutines/CoroutineName$Key
instanceKlass kotlinx/coroutines/EventLoop_commonKt
instanceKlass kotlinx/coroutines/AbstractTimeSourceKt
instanceKlass kotlinx/coroutines/CompletionStateKt
instanceKlass kotlinx/coroutines/internal/ThreadContextKt
instanceKlass kotlinx/coroutines/internal/DispatchedContinuationKt
instanceKlass kotlinx/coroutines/scheduling/Task
instanceKlass kotlin/coroutines/jvm/internal/DebugProbesKt
instanceKlass kotlin/coroutines/intrinsics/IntrinsicsKt__IntrinsicsJvmKt
instanceKlass kotlinx/coroutines/intrinsics/CancellableKt
instanceKlass kotlinx/coroutines/CoroutineStart$WhenMappings
instanceKlass kotlinx/coroutines/CoroutineId$Key
instanceKlass kotlinx/coroutines/CopyableThreadContextElement
instanceKlass kotlinx/coroutines/CoroutineContextKt
instanceKlass kotlinx/coroutines/GlobalScope
instanceKlass kotlinx/coroutines/EventLoopKt
instanceKlass kotlinx/coroutines/internal/ThreadLocalKt
instanceKlass kotlinx/coroutines/ThreadLocalEventLoop
instanceKlass kotlinx/coroutines/BuildersKt__BuildersKt
instanceKlass kotlinx/coroutines/BuildersKt
instanceKlass kotlinx/coroutines/CopyableThrowable
instanceKlass kotlinx/coroutines/test/internal/ExceptionCollectorAsService
instanceKlass kotlin/sequences/ConstrainedOnceSequence
instanceKlass kotlin/sequences/SequencesKt__SequencesKt$asSequence$$inlined$Sequence$1
instanceKlass kotlin/sequences/Sequence
instanceKlass kotlin/sequences/SequencesKt__SequenceBuilderKt
instanceKlass kotlinx/coroutines/internal/CoroutineExceptionHandlerImplKt
instanceKlass kotlinx/coroutines/internal/ContextScope
instanceKlass kotlinx/coroutines/CoroutineScopeKt
instanceKlass kotlinx/coroutines/internal/LockFreeLinkedListNode
instanceKlass kotlinx/coroutines/InternalCompletionHandler
instanceKlass kotlinx/coroutines/CompletableJob
instanceKlass kotlinx/coroutines/test/BackgroundWork
instanceKlass kotlinx/coroutines/Job$DefaultImpls
instanceKlass kotlinx/coroutines/NonDisposableHandle
instanceKlass kotlinx/coroutines/ChildHandle
instanceKlass kotlinx/coroutines/DisposableHandle
instanceKlass kotlinx/coroutines/ThreadContextElement
instanceKlass kotlinx/coroutines/DebugKt
instanceKlass kotlinx/coroutines/Job$Key
instanceKlass kotlinx/coroutines/Empty
instanceKlass kotlinx/coroutines/Incomplete
instanceKlass kotlinx/coroutines/JobSupportKt
instanceKlass kotlinx/coroutines/JobSupport
instanceKlass kotlinx/coroutines/ParentJob
instanceKlass kotlinx/coroutines/ChildJob
instanceKlass kotlinx/coroutines/Job
instanceKlass kotlinx/coroutines/test/TestScope
instanceKlass kotlinx/coroutines/CoroutineScope
instanceKlass kotlinx/coroutines/CoroutineExceptionHandler$Key
instanceKlass kotlinx/coroutines/CoroutineExceptionHandler
instanceKlass kotlin/jvm/internal/Ref$ObjectRef
instanceKlass kotlin/coroutines/ContinuationInterceptor$DefaultImpls
instanceKlass kotlin/coroutines/CombinedContext
instanceKlass kotlin/coroutines/CoroutineContext$DefaultImpls
instanceKlass kotlin/time/AbstractLongTimeSource
instanceKlass kotlinx/coroutines/internal/ConcurrentLinkedListNode
instanceKlass kotlinx/coroutines/NotCompleted
instanceKlass kotlinx/coroutines/channels/BufferedChannelKt
instanceKlass kotlin/jvm/functions/Function3
instanceKlass kotlinx/coroutines/channels/BufferedChannel
instanceKlass kotlinx/coroutines/channels/ChannelKt
instanceKlass kotlinx/coroutines/internal/ThreadSafeHeapNode
instanceKlass kotlinx/coroutines/test/internal/TestMainDispatcher$NonConcurrentlyModifiable
instanceKlass kotlinx/coroutines/android/HandlerDispatcherKt
instanceKlass kotlinx/coroutines/internal/MainDispatchersKt
instanceKlass kotlinx/coroutines/test/internal/TestMainDispatcherFactory
instanceKlass kotlinx/coroutines/android/AndroidDispatcherFactory
instanceKlass kotlinx/coroutines/internal/FastServiceLoaderKt
instanceKlass kotlinx/coroutines/internal/MainDispatcherFactory
instanceKlass kotlinx/coroutines/internal/FastServiceLoader
instanceKlass kotlinx/coroutines/internal/MainDispatcherLoader
instanceKlass kotlinx/coroutines/DefaultExecutorKt
instanceKlass kotlinx/coroutines/internal/LimitedDispatcherKt
instanceKlass java/util/concurrent/atomic/AtomicReferenceArray
instanceKlass kotlinx/coroutines/internal/LockFreeTaskQueueCore$Companion
instanceKlass kotlinx/coroutines/internal/LockFreeTaskQueueCore
instanceKlass java/util/concurrent/atomic/AtomicReferenceFieldUpdater$AtomicReferenceFieldUpdaterImpl$1
instanceKlass java/util/concurrent/atomic/AtomicReferenceFieldUpdater
instanceKlass java/util/concurrent/atomic/AtomicIntegerFieldUpdater$AtomicIntegerFieldUpdaterImpl$1
instanceKlass kotlinx/coroutines/internal/Symbol
instanceKlass java/util/concurrent/atomic/AtomicIntegerFieldUpdater
instanceKlass kotlinx/coroutines/internal/ResizableAtomicArray
instanceKlass kotlinx/coroutines/internal/LockFreeTaskQueue
instanceKlass kotlinx/coroutines/scheduling/CoroutineScheduler$Companion
instanceKlass kotlinx/coroutines/scheduling/CoroutineScheduler
instanceKlass kotlinx/coroutines/scheduling/TaskContextImpl
instanceKlass kotlinx/coroutines/scheduling/TaskContext
instanceKlass kotlinx/coroutines/scheduling/SchedulerTimeSource
instanceKlass kotlinx/coroutines/internal/SystemPropsKt__SystemPropsKt
instanceKlass kotlinx/coroutines/internal/SystemPropsKt__SystemProps_commonKt
instanceKlass kotlinx/coroutines/internal/SystemPropsKt
instanceKlass kotlinx/coroutines/scheduling/TasksKt
instanceKlass kotlinx/coroutines/Dispatchers
instanceKlass kotlinx/coroutines/test/internal/TestMainDispatcher$Companion
instanceKlass kotlin/coroutines/AbstractCoroutineContextKey
instanceKlass kotlinx/coroutines/DelayWithTimeoutDiagnostics
instanceKlass kotlinx/coroutines/Delay
instanceKlass kotlinx/coroutines/test/TestCoroutineDispatchersKt
instanceKlass kotlin/time/TimeSource$WithComparableMarks
instanceKlass kotlin/time/TimeSource
instanceKlass kotlinx/coroutines/channels/Channel
instanceKlass kotlinx/coroutines/channels/ReceiveChannel
instanceKlass kotlinx/coroutines/channels/SendChannel
instanceKlass kotlinx/coroutines/internal/ThreadSafeHeap
instanceKlass java/util/concurrent/atomic/AtomicLongFieldUpdater$CASUpdater$1
instanceKlass java/util/concurrent/atomic/AtomicLongFieldUpdater
instanceKlass kotlinx/coroutines/test/TestCoroutineScheduler$Key
instanceKlass kotlin/coroutines/AbstractCoroutineContextElement
instanceKlass kotlin/coroutines/CoroutineContext$Element$DefaultImpls
instanceKlass kotlin/coroutines/ContinuationInterceptor$Key
instanceKlass kotlin/coroutines/ContinuationInterceptor
instanceKlass kotlinx/coroutines/test/TestScopeKt
instanceKlass kotlinx/coroutines/test/RunningInRunTest
instanceKlass kotlin/coroutines/CoroutineContext$Element
instanceKlass kotlin/coroutines/CoroutineContext$Key
instanceKlass kotlin/ResultKt
instanceKlass kotlin/coroutines/EmptyCoroutineContext
instanceKlass kotlin/coroutines/CoroutineContext
instanceKlass kotlinx/coroutines/test/TestBuildersJvmKt
instanceKlass java/util/concurrent/TimeUnit$1
instanceKlass kotlin/time/DurationUnitKt__DurationUnitJvmKt
instanceKlass kotlin/time/DurationKt
instanceKlass kotlin/time/DurationJvmKt
instanceKlass kotlin/time/Duration$Companion
instanceKlass kotlin/time/Duration
instanceKlass kotlin/jvm/internal/CallableReference$NoReceiver
instanceKlass kotlin/reflect/KDeclarationContainer
instanceKlass kotlin/jvm/internal/CallableReference
instanceKlass kotlin/reflect/KFunction
instanceKlass kotlin/reflect/KCallable
instanceKlass kotlin/reflect/KAnnotatedElement
instanceKlass kotlin/jvm/functions/Function1
instanceKlass kotlinx/coroutines/test/TestBuildersKt__TestBuildersKt
instanceKlass kotlinx/coroutines/test/TestBuildersKt
instanceKlass kotlin/coroutines/jvm/internal/BaseContinuationImpl
instanceKlass kotlin/coroutines/jvm/internal/CoroutineStackFrame
instanceKlass kotlin/coroutines/jvm/internal/SuspendFunction
instanceKlass kotlin/jvm/functions/Function2
instanceKlass io/github/thatsfguy/reticulum/android/storage/DbBackupRestoreTest
instanceKlass kotlin/coroutines/Continuation
instanceKlass io/github/thatsfguy/reticulum/android/storage/DbBackupRestoreTest
instanceKlass kotlin/collections/AbstractList$IteratorImpl
instanceKlass java/lang/StrictMath
instanceKlass java/awt/RenderingHints
instanceKlass kotlin/ranges/RangesKt__RangesKt
instanceKlass android/graphics/PointF$1
instanceKlass android/graphics/RectF$1
instanceKlass android/graphics/Matrix$NoImagePreloadHolder
instanceKlass org/robolectric/shadows/ShadowLegacyMatrix$SimpleMatrix
instanceKlass org/robolectric/shadows/ShadowMatrix
instanceKlass org/robolectric/shadows/ShadowWindowManager
instanceKlass android/view/Window
instanceKlass org/robolectric/shadows/ShadowWindowManagerGlobal$PredictiveBackGesture
instanceKlass android/view/IWindowSessionCallback
instanceKlass org/robolectric/shadows/ShadowWindowManagerGlobal$WindowManagerGlobalReflector$$Reflector66
instanceKlass android/view/WindowManagerGlobal
instanceKlass org/robolectric/shadows/ShadowWindowManagerGlobal$WindowManagerGlobalReflector
instanceKlass org/robolectric/shadows/ShadowWindowManagerGlobal$WindowSessionDelegate
instanceKlass org/robolectric/shadows/ShadowWindowManagerGlobal
instanceKlass android/webkit/WebSettings
instanceKlass android/webkit/WebMessagePort
instanceKlass android/webkit/WebBackForwardList
instanceKlass org/robolectric/shadows/ShadowWebSettings
instanceKlass android/view/ViewRootImpl$1
instanceKlass android/animation/LayoutTransition
instanceKlass android/view/DragEvent
instanceKlass android/view/View$AttachInfo$InvalidateInfo
instanceKlass android/view/HandlerActionQueue
instanceKlass android/view/ContextMenu
instanceKlass android/view/Menu
instanceKlass android/view/ActionMode
instanceKlass android/view/ActionMode$Callback
instanceKlass android/app/ICompatCameraControlCallback
instanceKlass android/view/AttachedSurfaceControl$OnBufferTransformHintChangedListener
instanceKlass android/view/ScrollCaptureCallback
instanceKlass android/view/accessibility/AccessibilityRecord
instanceKlass android/view/ViewRootImpl$GfxInfo
instanceKlass com/android/internal/os/IResultReceiver
instanceKlass android/view/accessibility/AccessibilityNodeProvider
instanceKlass android/view/ViewRootImpl$SurfaceChangedCallback
instanceKlass com/android/internal/os/SomeArgs
instanceKlass android/view/Window$OnContentApplyWindowInsetsListener
instanceKlass android/view/ViewRootImpl$ConfigChangedCallback
instanceKlass android/view/ScrollCaptureSearchResults
instanceKlass android/view/IScrollCaptureResponseListener
instanceKlass android/view/NativeVectorDrawableAnimator
instanceKlass android/view/ViewRootImpl$InvalidateOnAnimationRunnable
instanceKlass android/view/ViewRootImpl$ConsumeBatchedInputImmediatelyRunnable
instanceKlass android/view/ViewRootImpl$ConsumeBatchedInputRunnable
instanceKlass android/graphics/HardwareRendererObserver
instanceKlass android/view/InputEventReceiver
instanceKlass android/view/ViewRootImpl$TraversalRunnable
instanceKlass android/window/SurfaceSyncer$SyncBufferCallback
instanceKlass android/window/SurfaceSyncer
instanceKlass android/view/HandwritingInitiator
instanceKlass android/view/ViewRootRectTracker
instanceKlass com/android/internal/graphics/drawable/BackgroundBlurDrawable$Aggregator
instanceKlass android/view/InsetsController
instanceKlass android/view/InsetsAnimationControlCallbacks
instanceKlass android/view/WindowInsetsController
instanceKlass android/view/InputEventConsistencyVerifier
instanceKlass android/view/InputEventCompatProcessor
instanceKlass android/view/ViewRootImpl$SendWindowContentChangedAccessibilityEvent
instanceKlass android/view/ViewRootImpl$HighContrastTextManager
instanceKlass android/view/ViewRootImpl$AccessibilityInteractionConnectionManager
instanceKlass android/view/AccessibilityInteractionController
instanceKlass android/graphics/PointF
instanceKlass android/content/ClipDescription
instanceKlass android/widget/Scroller
instanceKlass android/view/ViewTreeObserver$InternalInsetsInfo
instanceKlass android/view/InsetsSourceControl
instanceKlass android/view/InsetsState
instanceKlass android/window/ClientWindowFrames
instanceKlass android/view/SurfaceSession
instanceKlass android/view/SurfaceControl$Transaction
instanceKlass android/view/ViewRootImpl$UnhandledKeyManager
instanceKlass android/view/ViewRootImpl$QueuedInputEvent
instanceKlass android/view/WindowLayout
instanceKlass android/view/InputEventAssigner
instanceKlass android/view/ViewFrameInfo
instanceKlass android/view/InputQueue
instanceKlass android/view/InputQueue$Callback
instanceKlass android/view/ViewRootImpl$SystemUiVisibilityInfo
instanceKlass android/view/View$AttachInfo
instanceKlass android/view/SurfaceHolder$Callback2
instanceKlass android/view/accessibility/AccessibilityNodeInfo
instanceKlass android/view/IWindowSession
instanceKlass android/view/ViewRootImpl$ActivityConfigCallback
instanceKlass android/window/CompatOnBackInvokedCallback
instanceKlass android/window/WindowOnBackInvokedDispatcher
instanceKlass android/graphics/BLASTBufferQueue$TransactionHangCallback
instanceKlass android/view/InputQueue$FinishedInputEventCallback
instanceKlass android/view/ViewRootImpl$InputStage
instanceKlass android/graphics/HardwareRendererObserver$OnFrameMetricsAvailableListener
instanceKlass android/view/InsetsController$Host
instanceKlass android/view/FallbackEventHandler
instanceKlass android/window/SurfaceSyncer$SyncTarget
instanceKlass android/window/OnBackInvokedCallback
instanceKlass android/view/accessibility/IAccessibilityEmbeddedConnection
instanceKlass android/view/IScrollCaptureConnection
instanceKlass android/view/IWindow
instanceKlass android/graphics/HardwareRenderer$FrameDrawingCallback
instanceKlass android/view/accessibility/AccessibilityManager$HighTextContrastChangeListener
instanceKlass android/view/accessibility/AccessibilityManager$AccessibilityStateChangeListener
instanceKlass com/android/internal/view/BaseSurfaceHolder
instanceKlass android/view/SurfaceHolder
instanceKlass android/view/SurfaceHolder$Callback
instanceKlass org/robolectric/shadows/ShadowViewRootImpl$ViewRootImplReflector$$Reflector65
instanceKlass android/view/DisplayCutout$ParcelableWrapper$1
instanceKlass android/view/DisplayCutout
instanceKlass android/view/DisplayCutout$ParcelableWrapper
instanceKlass android/util/MergedConfiguration$1
instanceKlass android/view/WindowInsets
instanceKlass org/robolectric/shadows/ShadowViewRootImpl$ViewRootImplReflector
instanceKlass org/robolectric/shadows/ShadowViewRootImpl
instanceKlass org/robolectric/shadows/ShadowViewConfiguration$ViewConfigurationReflector$$Reflector64
instanceKlass android/view/ViewConfiguration
instanceKlass org/robolectric/shadows/ShadowViewConfiguration$ViewConfigurationReflector
instanceKlass org/robolectric/shadows/ShadowViewConfiguration
instanceKlass org/robolectric/shadows/ShadowVibrator
instanceKlass android/view/animation/BaseInterpolator
instanceKlass android/view/animation/Interpolator
instanceKlass android/graphics/animation/NativeInterpolator
instanceKlass android/animation/ValueAnimator$AnimatorUpdateListener
instanceKlass android/animation/ValueAnimator$DurationScaleChangeListener
instanceKlass android/animation/PropertyValuesHolder
instanceKlass android/animation/TypeEvaluator
instanceKlass org/robolectric/shadows/ShadowValueAnimator$ValueAnimatorReflector$$Reflector63
instanceKlass org/robolectric/shadows/ShadowValueAnimator$ValueAnimatorReflector
instanceKlass android/animation/AnimationHandler$AnimationFrameCallback
instanceKlass android/animation/AnimationHandler$AnimationFrameCallbackProvider
instanceKlass android/animation/AnimationHandler
instanceKlass org/robolectric/shadows/ShadowValueAnimator
instanceKlass org/robolectric/shadows/ShadowUserManager
instanceKlass org/robolectric/shadows/ShadowUsageStatsManager
instanceKlass org/robolectric/shadows/ShadowTrafficStats
instanceKlass org/robolectric/shadows/ShadowToneGenerator
instanceKlass org/robolectric/shadows/ShadowTextToSpeech
instanceKlass org/robolectric/shadows/ShadowTelephonyManager
instanceKlass org/robolectric/shadows/ShadowTelephony$ShadowSms
instanceKlass org/robolectric/shadows/ShadowSystemServiceRegistry$_StaticServiceFetcher_$$Reflector62
instanceKlass org/robolectric/shadows/ShadowSystemServiceRegistry$_StaticServiceFetcher_
instanceKlass org/robolectric/shadows/ShadowSystemServiceRegistry$_ServiceFetcher_
instanceKlass android/util/MapCollections$MapIterator
instanceKlass android/util/MapCollections$EntrySet
instanceKlass org/robolectric/shadows/ShadowSystemServiceRegistry$_SystemServiceRegistry_$$Reflector61
instanceKlass org/robolectric/shadows/ShadowSystemServiceRegistry$_SystemServiceRegistry_
instanceKlass org/robolectric/shadows/ShadowSurfaceControl
instanceKlass com/android/internal/util/FunctionalUtils$ThrowingBiFunction
instanceKlass com/android/internal/util/FunctionalUtils$ThrowingFunction
instanceKlass android/provider/Telephony
instanceKlass android/provider/Telephony$SimInfo
instanceKlass android/telephony/SubscriptionManager$CallISubMethodHelper
instanceKlass com/android/internal/telephony/ISub
instanceKlass android/telephony/SubscriptionManager$OnOpportunisticSubscriptionsChangedListener
instanceKlass android/telephony/SubscriptionInfo
instanceKlass android/telephony/SubscriptionManager$OnSubscriptionsChangedListener
instanceKlass com/android/internal/telephony/ISetOpportunisticDataCallback
instanceKlass org/robolectric/shadows/ShadowSubscriptionManager
instanceKlass org/robolectric/shadows/ShadowStorageManager
instanceKlass org/robolectric/shadows/ShadowStatsManager
instanceKlass org/robolectric/shadows/ShadowStatsLog
instanceKlass android/text/DynamicLayout$Builder
instanceKlass android/text/style/ParagraphStyle
instanceKlass android/text/Layout$SelectionRectangleConsumer
instanceKlass android/text/Layout$TabStops
instanceKlass android/text/Layout$Directions
instanceKlass android/text/StaticLayout$Builder
instanceKlass android/text/PackedObjectVector
instanceKlass android/text/PackedIntVector
instanceKlass android/text/DynamicLayout$ChangeWatcher
instanceKlass android/text/SpanWatcher
instanceKlass android/text/TextWatcher
instanceKlass android/text/NoCopySpan
instanceKlass android/text/Layout
instanceKlass org/robolectric/shadows/ShadowStaticLayout
instanceKlass org/robolectric/shadows/ShadowStatFs$Stats
instanceKlass org/robolectric/shadows/ShadowStatFs
instanceKlass org/robolectric/shadows/ShadowSpeechRecognizer
instanceKlass android/telephony/SmsManager$FinancialSmsCallback
instanceKlass com/android/internal/telephony/ISms
instanceKlass org/robolectric/shadows/ShadowSmsManager$MultimediaMessageParams
instanceKlass org/robolectric/shadows/ShadowSmsManager$TextMultipartParams
instanceKlass org/robolectric/shadows/ShadowSmsManager$TextSmsParams
instanceKlass org/robolectric/shadows/ShadowSmsManager$DataMessageParams
instanceKlass com/android/internal/telephony/IIntegerConsumer
instanceKlass android/telephony/SmsManager$SubscriptionResolverResult
instanceKlass org/robolectric/shadows/ShadowSmsManager
instanceKlass org/robolectric/shadows/ShadowSliceManager
instanceKlass org/robolectric/shadows/ShadowSharedMemory
instanceKlass org/robolectric/shadows/ShadowSettings$ShadowSystem
instanceKlass org/robolectric/shadows/ShadowSettings$ShadowSecure
instanceKlass org/robolectric/shadows/ShadowSettings$ShadowGlobal
instanceKlass org/robolectric/shadows/ShadowSettings$ShadowConfig
instanceKlass org/robolectric/shadows/ShadowSettings
instanceKlass com/android/internal/statusbar/IStatusBar
instanceKlass android/safetycenter/ISafetyCenterManager
instanceKlass android/app/ILocaleManager
instanceKlass android/app/ambientcontext/IAmbientContextManager
instanceKlass android/net/IVpnManager
instanceKlass android/hardware/ISensorPrivacyManager
instanceKlass android/view/translation/ITranslationManager
instanceKlass android/net/vcn/IVcnManagementService
instanceKlass android/uwb/IUwbAdapter
instanceKlass android/permission/ILegacyPermissionManager
instanceKlass android/speech/IRecognitionServiceManager
instanceKlass android/app/timedetector/ITimeDetectorService
instanceKlass android/app/timezonedetector/ITimeZoneDetectorService
instanceKlass android/security/IFileIntegrityService
instanceKlass com/android/internal/compat/IPlatformCompat
instanceKlass com/android/internal/telephony/ITelephonyRegistry
instanceKlass android/net/ITetheringConnector
instanceKlass android/hardware/biometrics/IAuthService
instanceKlass android/content/integrity/IAppIntegrityManager
instanceKlass android/os/IDumpstate
instanceKlass android/os/IThermalService
instanceKlass android/content/rollback/IRollbackManager
instanceKlass android/app/role/IRoleManager
instanceKlass android/view/contentcapture/IContentCaptureManager
instanceKlass android/hardware/biometrics/IBiometricService
instanceKlass android/net/IIpSecService
instanceKlass android/net/wifi/rtt/IWifiRttManager
instanceKlass android/content/pm/ICrossProfileApps
instanceKlass android/app/slice/ISliceManager
instanceKlass android/companion/ICompanionDeviceManager
instanceKlass android/app/usage/IStorageStatsManager
instanceKlass android/net/wifi/aware/IWifiAwareManager
instanceKlass android/os/storage/IStorageManager
instanceKlass android/content/pm/IShortcutService
instanceKlass org/robolectric/shadows/WifiScannerDelegate
instanceKlass android/net/wifi/IWifiScanner
instanceKlass com/android/internal/app/ISoundTriggerService
instanceKlass android/hardware/location/IContextHubService
instanceKlass android/hardware/fingerprint/IFingerprintService
instanceKlass com/android/internal/app/IVoiceInteractionManagerService
instanceKlass android/media/session/ISessionManager
instanceKlass android/media/IMediaRouterService
instanceKlass android/app/usage/IUsageStatsManager
instanceKlass android/net/INetworkScoreService
instanceKlass android/app/job/IJobScheduler
instanceKlass android/app/trust/ITrustManager
instanceKlass android/content/IRestrictionsManager
instanceKlass android/os/IBatteryPropertiesRegistrar
instanceKlass com/android/internal/app/IAppOpsService
instanceKlass org/robolectric/shadows/IBluetoothManagerDelegates$IBluetoothManagerDelegateBase
instanceKlass org/robolectric/shadows/IBluetoothManagerDelegates
instanceKlass android/os/IUserManager
instanceKlass android/view/IWindowManager
instanceKlass android/app/IWallpaperManager
instanceKlass android/app/INotificationManager
instanceKlass com/android/internal/appwidget/IAppWidgetService
instanceKlass android/media/IAudioService
instanceKlass android/net/nsd/INsdManager
instanceKlass android/location/ICountryDetector
instanceKlass android/net/INetworkPolicyManager
instanceKlass android/app/IUiModeManager
instanceKlass android/app/ISearchManager
instanceKlass android/net/wifi/IWifiManager
instanceKlass android/net/IConnectivityManager
instanceKlass com/android/internal/telephony/ITelephony
instanceKlass android/app/admin/IDevicePolicyManager
instanceKlass com/android/internal/os/IDropBoxManagerService
instanceKlass com/android/internal/app/IBatteryStats
instanceKlass android/os/IPowerManager
instanceKlass android/app/IAlarmManager
instanceKlass android/location/ILocationManager
instanceKlass android/hardware/usb/IUsbManager
instanceKlass android/accounts/IAccountManager
instanceKlass android/net/wifi/p2p/IWifiP2pManager
instanceKlass org/robolectric/shadows/ShadowServiceManager$BinderService
instanceKlass android/content/IClipboard
instanceKlass org/robolectric/shadows/ShadowServiceManager
instanceKlass android/se/omapi/ISecureElementService
instanceKlass org/robolectric/shadows/ShadowSecureElementService
instanceKlass org/robolectric/shadows/ShadowRoleManager
instanceKlass org/robolectric/shadows/ShadowResourcesManager$_ResourcesManager_$$Reflector60
instanceKlass org/robolectric/shadows/ShadowResourcesManager$_ResourcesManager_
instanceKlass android/graphics/animation/RenderNodeAnimator$DelayedAnimationHelper
instanceKlass android/graphics/CanvasProperty
instanceKlass org/robolectric/shadows/ShadowNativeRenderNodeAnimator
instanceKlass android/animation/Animator$AnimatorPauseListener
instanceKlass android/animation/Animator$AnimatorListener
instanceKlass android/animation/TimeInterpolator
instanceKlass android/graphics/animation/RenderNodeAnimator$ViewListener
instanceKlass com/android/internal/util/VirtualRefBasePtr
instanceKlass android/content/res/ConstantState
instanceKlass org/robolectric/shadows/ShadowRenderNodeAnimatorR$RenderNodeAnimatorReflector$$Reflector59
instanceKlass android/animation/Animator
instanceKlass org/robolectric/shadows/ShadowRenderNodeAnimatorR$RenderNodeAnimatorReflector
instanceKlass org/robolectric/shadows/ShadowRenderNodeAnimatorR
instanceKlass org/robolectric/shadows/ShadowRcsUceAdapter
instanceKlass org/robolectric/shadows/ShadowQueuedWork$_QueuedWork_$$Reflector58
instanceKlass org/robolectric/shadows/ShadowQueuedWork$_QueuedWork_
instanceKlass com/android/internal/util/ExponentiallyBucketedHistogram
instanceKlass android/app/QueuedWork
instanceKlass org/robolectric/shadows/ShadowQueuedWork
instanceKlass org/robolectric/shadows/ShadowPowerManager
instanceKlass org/robolectric/shadows/ShadowPendingIntent$1
instanceKlass org/robolectric/shadows/ShadowPendingIntent
instanceKlass org/robolectric/shadows/ShadowAsyncTask
instanceKlass org/robolectric/shadows/ShadowParcelFileDescriptor$1
instanceKlass org/robolectric/shadows/ShadowParcelFileDescriptor
instanceKlass org/robolectric/shadows/ShadowParcel$ByteBuffer
instanceKlass org/robolectric/shadows/ShadowParcel
instanceKlass android/nfc/INfcAdapterExtras
instanceKlass android/nfc/NfcAdapter$NfcUnlockHandler
instanceKlass android/nfc/BeamShareData
instanceKlass android/nfc/NfcAdapter$CreateBeamUrisCallback
instanceKlass android/nfc/NfcAdapter$ControllerAlwaysOnListener
instanceKlass android/nfc/NfcAdapter$OnTagRemovedListener
instanceKlass android/nfc/INfcDta
instanceKlass android/nfc/Tag
instanceKlass android/nfc/NfcAdapter$ReaderCallback
instanceKlass android/nfc/NfcAdapter$OnNdefPushCompleteCallback
instanceKlass android/nfc/NfcAdapter$CreateNdefMessageCallback
instanceKlass android/nfc/NdefMessage
instanceKlass android/nfc/IAppCallback
instanceKlass android/nfc/INfcFCardEmulation
instanceKlass android/nfc/INfcTag
instanceKlass android/nfc/INfcAdapter
instanceKlass android/nfc/INfcControllerAlwaysOnListener
instanceKlass android/nfc/INfcUnlockHandler
instanceKlass android/nfc/ITagRemovedCallback
instanceKlass org/robolectric/shadows/ShadowNfcAdapter$NfcAdapterReflector$$Reflector57
instanceKlass org/robolectric/shadows/ShadowNfcAdapter$NfcAdapterReflector
instanceKlass org/robolectric/shadows/ShadowNfcAdapter
instanceKlass android/view/MotionEvent$1
instanceKlass org/robolectric/shadows/NativeInput$PointerCoords
instanceKlass android/view/InputEvent$1
instanceKlass android/view/MotionEvent$PointerProperties
instanceKlass android/view/MotionEvent$PointerCoords
instanceKlass org/robolectric/shadows/NativeInput
instanceKlass org/robolectric/shadows/NativeInput$AInputEvent
instanceKlass org/robolectric/shadows/ShadowInputEvent
instanceKlass org/robolectric/shadows/ShadowMimeTypeMap
instanceKlass org/robolectric/shadows/ShadowMessenger
instanceKlass android/os/Message$1
instanceKlass android/os/Messenger
instanceKlass org/robolectric/shadows/ShadowMessage$MessageReflector$$Reflector56
instanceKlass org/robolectric/shadows/ShadowMessage$MessageReflector
instanceKlass org/robolectric/shadows/ShadowMediaStore
instanceKlass org/robolectric/shadows/ShadowMediaScannerConnection
instanceKlass android/hardware/display/WifiDisplay
instanceKlass android/media/MediaRouter$RouteCategory
instanceKlass android/media/MediaRouter$Callback
instanceKlass android/media/AudioRoutesInfo
instanceKlass android/media/MediaRouter$Static
instanceKlass android/hardware/display/DisplayManager$DisplayListener
instanceKlass android/media/MediaRouter$RouteInfo
instanceKlass org/robolectric/shadows/ShadowMediaRouter
instanceKlass org/robolectric/shadows/ShadowMediaPlayer$ErrorCallback
instanceKlass org/robolectric/shadows/ShadowMediaPlayer$3
instanceKlass org/robolectric/shadows/ShadowMediaPlayer$2
instanceKlass org/robolectric/shadows/ShadowMediaPlayer$1
instanceKlass org/robolectric/shadows/ShadowMediaPlayer$MediaEvent
instanceKlass org/robolectric/shadows/ShadowPlayerBase
instanceKlass org/robolectric/shadows/ShadowMediaMetadataRetriever
instanceKlass org/robolectric/shadows/util/DataSource$FileDescriptorTransform
instanceKlass org/robolectric/shadows/util/DataSource
instanceKlass org/robolectric/shadows/ShadowMediaExtractor
instanceKlass android/media/MediaFormat
instanceKlass android/media/MediaCodecInfo$CodecCapabilities
instanceKlass android/media/MediaCodecInfo
instanceKlass android/media/MediaCodecList
instanceKlass org/robolectric/shadows/ShadowMediaCodecList
instanceKlass org/robolectric/shadows/ShadowMediaCodec$CodecConfig$Codec
instanceKlass org/robolectric/shadows/ShadowMediaCodec$CodecConfig
instanceKlass org/robolectric/shadows/ShadowMediaCodec
instanceKlass org/robolectric/shadows/ShadowMediaActionSound
instanceKlass org/robolectric/shadows/ShadowMeasuredTextBuilder
instanceKlass android/location/LocationListener
instanceKlass org/robolectric/shadows/ShadowLocationManager
instanceKlass org/robolectric/shadows/ShadowLocaleList$LocaleListReflector$$Reflector55
instanceKlass org/robolectric/shadows/ShadowLocaleList$LocaleListReflector
instanceKlass org/robolectric/shadows/ShadowTypeface
instanceKlass org/robolectric/shadows/ShadowLegacySQLiteConnection$Connections$StatementOperation
instanceKlass org/robolectric/shadows/ShadowLegacySQLiteConnection$Connections
instanceKlass org/robolectric/shadows/ShadowSQLiteConnection
instanceKlass org/robolectric/shadows/ShadowKeyguardManager$ShadowKeyguardLock
instanceKlass org/robolectric/shadows/ShadowKeyguardManager
instanceKlass android/view/inputmethod/InputMethodManager$PendingEvent
instanceKlass android/view/inputmethod/InputMethodManager$FinishedInputEventCallback
instanceKlass android/view/inputmethod/ExtractedText
instanceKlass android/view/inputmethod/InputMethodInfo
instanceKlass android/view/inputmethod/IAccessibilityInputMethodSessionInvoker
instanceKlass com/android/internal/inputmethod/IRemoteAccessibilityInputConnection
instanceKlass android/view/inputmethod/TextSnapshot
instanceKlass android/view/ImeFocusController
instanceKlass org/robolectric/shadows/ShadowInputMethodManager$PrivateCommandListener
instanceKlass android/view/inputmethod/InputMethodSubtype
instanceKlass org/robolectric/shadows/ShadowInputMethodManager$SoftInputVisibilityChangeHandler
instanceKlass android/view/inputmethod/InputMethodManager$DelegateImpl
instanceKlass android/view/ImeFocusController$InputMethodManagerDelegate
instanceKlass android/view/InsetsSourceConsumer
instanceKlass android/view/InputEventSender
instanceKlass android/view/InputChannel
instanceKlass android/view/inputmethod/InputMethodSessionWrapper
instanceKlass com/android/internal/view/IInputMethodSession
instanceKlass android/view/inputmethod/CursorAnchorInfo
instanceKlass android/view/inputmethod/CompletionInfo
instanceKlass android/view/inputmethod/EditorInfo
instanceKlass android/text/InputType
instanceKlass android/view/ViewRootImpl
instanceKlass android/view/AttachedSurfaceControl
instanceKlass android/view/ThreadedRenderer$DrawCallbacks
instanceKlass android/view/View$AttachInfo$Callbacks
instanceKlass com/android/internal/view/IInputMethodManager
instanceKlass android/view/inputmethod/InputConnection
instanceKlass android/window/ImeOnBackInvokedDispatcher
instanceKlass android/window/OnBackInvokedDispatcher
instanceKlass com/android/internal/view/IInputMethodClient
instanceKlass com/android/internal/view/IInputContext
instanceKlass org/robolectric/shadows/ShadowInputMethodManager$_InputMethodManager_$$Reflector54
instanceKlass org/robolectric/shadows/ShadowInputMethodManager$_InputMethodManager_
instanceKlass org/robolectric/shadows/ShadowInputMethodManager
instanceKlass android/hardware/input/TouchCalibration
instanceKlass android/hardware/input/KeyboardLayout
instanceKlass android/hardware/lights/LightsRequest
instanceKlass android/hardware/lights/LightState
instanceKlass android/hardware/lights/Light
instanceKlass android/hardware/BatteryState
instanceKlass android/os/IVibratorStateListener
instanceKlass android/os/CombinedVibration
instanceKlass android/os/VibrationEffect
instanceKlass android/hardware/input/IInputSensorEventListener
instanceKlass android/hardware/input/InputSensorInfo
instanceKlass android/view/InputMonitor
instanceKlass android/view/PointerIcon
instanceKlass android/view/VerifiedInputEvent
instanceKlass android/hardware/input/InputDeviceIdentifier
instanceKlass android/view/InputDevice
instanceKlass android/hardware/input/InputManager$OnTabletModeChangedListener
instanceKlass android/hardware/input/InputDeviceSensorManager
instanceKlass android/hardware/input/IInputManager
instanceKlass android/hardware/input/IInputDevicesChangedListener
instanceKlass android/hardware/input/InputManager$InputDeviceListener
instanceKlass android/hardware/input/ITabletModeChangedListener
instanceKlass org/robolectric/shadows/ShadowInputManager
instanceKlass org/robolectric/shadows/ShadowImsMmTelManager
instanceKlass org/robolectric/shadows/ShadowHardwareRenderer
instanceKlass org/robolectric/shadows/ShadowGeocoder
instanceKlass org/robolectric/shadows/ShadowFontsContract$FontsContractReflector$$Reflector53
instanceKlass org/robolectric/shadows/ShadowFontsContract$FontsContractReflector
instanceKlass org/robolectric/shadows/ShadowFontBuilder
instanceKlass org/robolectric/shadows/ShadowEventLog
instanceKlass org/robolectric/shadows/ShadowDexFile
instanceKlass android/provider/DeviceConfig$Properties
instanceKlass android/provider/DeviceConfig$OnPropertiesChangedListener
instanceKlass android/provider/DeviceConfig
instanceKlass org/robolectric/shadows/ShadowDeviceConfig
instanceKlass org/robolectric/shadows/ShadowDebug
instanceKlass android/webkit/CookieManager
instanceKlass org/robolectric/shadows/ShadowCookieManager
instanceKlass android/hardware/location/ContextHubInfo$1
instanceKlass android/hardware/location/MemoryRegion
instanceKlass android/hardware/contexthub/V1_0/ContextHub
instanceKlass android/hardware/contexthub/ContextHubInfo
instanceKlass android/hardware/location/ContextHubInfo
instanceKlass org/robolectric/shadows/ShadowContextHubManager
instanceKlass org/robolectric/shadows/ShadowCloseGuard
instanceKlass android/view/Choreographer$4
instanceKlass android/view/Choreographer$3
instanceKlass android/view/Choreographer$FrameData
instanceKlass android/view/Choreographer$FrameCallback
instanceKlass android/view/Choreographer$VsyncCallback
instanceKlass android/graphics/FrameInfo
instanceKlass android/view/DisplayEventReceiver$VsyncEventData
instanceKlass android/view/Choreographer$CallbackQueue
instanceKlass android/view/Choreographer$CallbackRecord
instanceKlass org/robolectric/shadows/ShadowChoreographer$ChoreographerReflector$$Reflector52
instanceKlass android/view/DisplayEventReceiver
instanceKlass android/view/Choreographer
instanceKlass org/robolectric/shadows/ShadowChoreographer$ChoreographerReflector
instanceKlass org/robolectric/shadows/ShadowBackdropFrameRenderer
instanceKlass android/nfc/NfcAdapter
instanceKlass org/robolectric/shadows/ShadowCardEmulation$CardEmulationReflector$$Reflector51
instanceKlass android/nfc/INfcCardEmulation
instanceKlass android/nfc/cardemulation/CardEmulation
instanceKlass org/robolectric/shadows/ShadowCardEmulation$CardEmulationReflector
instanceKlass org/robolectric/shadows/ShadowCardEmulation
instanceKlass android/hardware/camera2/CameraDevice
instanceKlass org/robolectric/shadows/ShadowCameraManager
instanceKlass com/google/common/collect/ImmutableCollection$Builder
instanceKlass org/robolectric/shadows/ShadowCamera
instanceKlass org/robolectric/shadows/ShadowCamcorderProfile
instanceKlass org/robolectric/shadows/ShadowCallLogCalls
instanceKlass org/robolectric/shadows/ShadowBuild$_VERSION_$$Reflector50
instanceKlass org/robolectric/shadows/ShadowBuild$_VERSION_
instanceKlass org/robolectric/shadows/ShadowBuild$_Build_$$Reflector49
instanceKlass org/robolectric/shadows/ShadowBuild$_Build_
instanceKlass org/robolectric/shadows/ShadowBluetoothDevice
instanceKlass android/bluetooth/BluetoothAdapter$BluetoothStateChangeCallback
instanceKlass android/os/ParcelUuid
instanceKlass android/bluetooth/BluetoothAdapter$BluetoothConnectionCallback
instanceKlass android/bluetooth/BluetoothAdapter$OnMetadataChangedListener
instanceKlass android/bluetooth/BluetoothAdapter$ServiceLifecycleCallback
instanceKlass android/bluetooth/BluetoothAdapter$OobDataCallback
instanceKlass android/bluetooth/BluetoothAdapter$OnBluetoothActivityEnergyInfoCallback
instanceKlass android/bluetooth/BluetoothClass
instanceKlass org/robolectric/shadows/ShadowBluetoothAdapter$BackgroundRfcommServerEntry
instanceKlass android/bluetooth/BluetoothSocket
instanceKlass android/app/PendingIntent
instanceKlass android/bluetooth/BluetoothServerSocket
instanceKlass android/bluetooth/IBluetoothGatt
instanceKlass android/bluetooth/BluetoothAdapter$LeScanCallback
instanceKlass android/bluetooth/IBluetooth
instanceKlass android/bluetooth/IBluetoothManager
instanceKlass android/bluetooth/le/PeriodicAdvertisingManager
instanceKlass android/bluetooth/IBluetoothConnectionCallback
instanceKlass android/bluetooth/IBluetoothManagerCallback
instanceKlass android/bluetooth/IBluetoothMetadataListener
instanceKlass android/bluetooth/le/ScanCallback
instanceKlass android/bluetooth/IBluetoothOobDataCallback
instanceKlass android/bluetooth/IBluetoothActivityEnergyInfoListener
instanceKlass org/robolectric/shadows/ShadowBluetoothAdapter$BluetoothAdapterReflector$$Reflector48
instanceKlass android/bluetooth/le/BluetoothLeScanner
instanceKlass android/bluetooth/le/BluetoothLeAdvertiser
instanceKlass android/bluetooth/BluetoothProfile
instanceKlass android/bluetooth/BluetoothProfile$ServiceListener
instanceKlass android/bluetooth/BluetoothDevice
instanceKlass android/bluetooth/Attributable
instanceKlass org/robolectric/shadows/ShadowBluetoothAdapter$BluetoothAdapterReflector
instanceKlass org/robolectric/shadows/ShadowBluetoothAdapter
instanceKlass org/robolectric/shadows/ShadowBackupManager$BackupManagerServiceState
instanceKlass org/robolectric/shadows/ShadowBackupManager
instanceKlass org/robolectric/shadows/ShadowBackgroundThread$_BackgroundThread_$$Reflector47
instanceKlass org/robolectric/shadows/ShadowBackgroundThread$_BackgroundThread_
instanceKlass org/robolectric/shadows/ShadowBackgroundThread
instanceKlass org/robolectric/shadows/ShadowAudioTrack
instanceKlass com/google/common/collect/Multimaps
instanceKlass com/google/common/collect/Synchronized$SynchronizedObject
instanceKlass com/google/common/collect/SortedSetMultimap
instanceKlass com/google/common/collect/ListMultimap
instanceKlass com/google/common/collect/Synchronized
instanceKlass com/google/common/collect/Tables$1
instanceKlass com/google/common/collect/RowSortedTable
instanceKlass com/google/common/collect/Table$Cell
instanceKlass com/google/common/collect/Tables
instanceKlass com/google/common/collect/HashBasedTable$Factory
instanceKlass com/google/common/collect/AbstractTable
instanceKlass com/google/common/collect/Table
instanceKlass org/robolectric/shadows/ShadowAudioSystem
instanceKlass android/media/AudioRecord
instanceKlass android/media/AudioRecordingMonitorClient
instanceKlass android/media/AudioRecordingMonitor
instanceKlass android/media/MicrophoneDirection
instanceKlass android/media/AudioRouting
instanceKlass org/robolectric/shadows/ShadowAudioRecord$AudioRecordSourceProvider
instanceKlass org/robolectric/shadows/ShadowAudioRecord$1
instanceKlass org/robolectric/shadows/ShadowAudioRecord$AudioRecordSource
instanceKlass org/robolectric/shadows/ShadowAudioRecord
instanceKlass com/google/common/collect/ObjectArrays
instanceKlass org/robolectric/shadows/ShadowAudioManager
instanceKlass org/robolectric/shadows/ShadowAudioEffect
instanceKlass org/robolectric/shadows/ShadowAssetManager$_AssetManager28_$$Reflector46
instanceKlass org/robolectric/shadows/ShadowAssetManager$_AssetManager28_
instanceKlass org/robolectric/shadows/ShadowAppOpsManager
instanceKlass org/robolectric/shadows/ShadowAmbientDisplayConfiguration
instanceKlass org/robolectric/shadows/ShadowAlarmManager$ScheduledAlarm
instanceKlass org/robolectric/shadows/ShadowAlarmManager
instanceKlass org/robolectric/shadows/ShadowActivityManager
instanceKlass org/robolectric/shadows/ShadowAccountManager$BaseRoboAccountManagerFuture
instanceKlass android/accounts/AccountManagerFuture
instanceKlass org/robolectric/shadows/ShadowAccountManager
instanceKlass org/robolectric/shadows/ShadowAccessibilityNodeInfo$1
instanceKlass org/robolectric/shadows/ShadowAccessibilityNodeInfo
instanceKlass org/robolectric/shadows/ShadowAccessibilityManager
instanceKlass android/graphics/Point$1
instanceKlass org/robolectric/util/Join
instanceKlass java/awt/image/BufferedImage$1
instanceKlass com/sun/imageio/plugins/jpeg/ImageTypeIterator
instanceKlass com/sun/imageio/plugins/jpeg/ImageTypeProducer
instanceKlass com/sun/imageio/plugins/jpeg/JPEGImageReader$JPEGReaderDisposerRecord
instanceKlass com/sun/imageio/plugins/jpeg/JPEGImageReader$CallBackLock
instanceKlass com/sun/imageio/plugins/jpeg/JPEGImageReader$1
instanceKlass javax/imageio/ImageIO$ImageReaderIterator
instanceKlass javax/imageio/ImageIO$CanDecodeInputFilter
instanceKlass javax/imageio/stream/MemoryCacheImageInputStream$StreamDisposerRecord
instanceKlass javax/imageio/stream/MemoryCache
instanceKlass org/robolectric/shadows/ImageUtil$RobolectricBufferedImage
instanceKlass android/graphics/BitmapFactory$Options
instanceKlass org/robolectric/shadows/ShadowNativeBitmapFactory
instanceKlass org/robolectric/shadows/ShadowBitmapFactory
instanceKlass android/graphics/BitmapFactory
instanceKlass com/sun/imageio/plugins/jpeg/SOSMarkerSegment$ScanComponentSpec
instanceKlass com/sun/imageio/plugins/jpeg/SOFMarkerSegment$ComponentSpec
instanceKlass com/sun/imageio/plugins/jpeg/DHTMarkerSegment$Htable
instanceKlass com/sun/imageio/plugins/jpeg/DQTMarkerSegment$Qtable
instanceKlass com/sun/imageio/plugins/jpeg/MarkerSegment
instanceKlass com/sun/imageio/plugins/common/ImageUtil
instanceKlass javax/imageio/metadata/IIOMetadata
instanceKlass javax/imageio/IIOImage
instanceKlass java/awt/image/MultiResolutionImage
instanceKlass java/awt/GraphicsDevice
instanceKlass java/awt/GraphicsConfiguration
instanceKlass sun/java2d/loops/GraphicsPrimitiveMgr$PrimitiveSpec
instanceKlass sun/java2d/loops/GraphicsPrimitiveMgr$2
instanceKlass sun/java2d/loops/GraphicsPrimitiveMgr$1
instanceKlass sun/java2d/loops/GeneralRenderer
instanceKlass sun/java2d/loops/CustomComponent
instanceKlass sun/awt/SunHints$Value
instanceKlass java/awt/RenderingHints$Key
instanceKlass sun/java2d/pipe/ValidatePipe
instanceKlass sun/awt/util/PerformanceLogger$TimeData
instanceKlass sun/awt/util/PerformanceLogger
instanceKlass java/awt/BasicStroke
instanceKlass java/awt/Stroke
instanceKlass sun/awt/SunHints
instanceKlass java/awt/geom/Path2D
instanceKlass java/awt/AlphaComposite
instanceKlass sun/java2d/loops/XORComposite
instanceKlass java/awt/Composite
instanceKlass java/awt/Color
instanceKlass java/awt/Paint
instanceKlass java/awt/Graphics
instanceKlass sun/java2d/DestSurfaceProvider
instanceKlass sun/awt/ConstrainableGraphics
instanceKlass sun/java2d/loops/GraphicsPrimitiveMgr
instanceKlass sun/java2d/loops/GraphicsPrimitive
instanceKlass sun/java2d/loops/CompositeType
instanceKlass sun/java2d/DefaultDisposerRecord
instanceKlass sun/java2d/loops/RenderLoops
instanceKlass sun/awt/image/BufImgSurfaceData$ICMColorData
instanceKlass sun/java2d/loops/RenderCache$Entry
instanceKlass sun/java2d/loops/RenderCache
instanceKlass sun/java2d/pipe/DrawImage
instanceKlass sun/java2d/pipe/GeneralCompositePipe
instanceKlass sun/java2d/pipe/SpanShapeRenderer
instanceKlass sun/java2d/pipe/AlphaPaintPipe
instanceKlass sun/java2d/pipe/AAShapePipe
instanceKlass sun/java2d/pipe/RegionIterator
instanceKlass sun/java2d/pipe/Region
instanceKlass sun/java2d/pipe/SpanClipRenderer
instanceKlass sun/java2d/pipe/PixelToShapeConverter
instanceKlass sun/java2d/pipe/AlphaColorPipe
instanceKlass sun/java2d/pipe/CompositePipe
instanceKlass sun/font/FontUtilities$1
instanceKlass sun/font/FontUtilities
instanceKlass sun/java2d/pipe/GlyphListPipe
instanceKlass sun/java2d/pipe/OutlineTextRenderer
instanceKlass sun/java2d/ReentrantContextProvider
instanceKlass sun/java2d/marlin/FloatMath
instanceKlass sun/java2d/marlin/MarlinProperties
instanceKlass sun/java2d/marlin/MarlinConst
instanceKlass sun/java2d/pipe/RenderingEngine
instanceKlass sun/java2d/pipe/LoopPipe
instanceKlass sun/java2d/pipe/LoopBasedPipe
instanceKlass sun/java2d/pipe/ParallelogramPipe
instanceKlass sun/java2d/pipe/NullPipe
instanceKlass sun/java2d/pipe/DrawImagePipe
instanceKlass sun/java2d/pipe/TextPipe
instanceKlass sun/java2d/pipe/ShapeDrawPipe
instanceKlass sun/java2d/pipe/PixelFillPipe
instanceKlass sun/java2d/pipe/PixelDrawPipe
instanceKlass sun/awt/image/PixelConverter
instanceKlass sun/java2d/loops/SurfaceType
instanceKlass sun/java2d/SurfaceData
instanceKlass sun/java2d/Surface
instanceKlass sun/awt/SunDisplayChanger
instanceKlass java/awt/font/JavaAWTFontAccessImpl
instanceKlass jdk/internal/access/JavaAWTFontAccess
instanceKlass sun/font/AttributeValues
instanceKlass java/awt/geom/AffineTransform
instanceKlass sun/font/FontAccess
instanceKlass java/awt/Font
instanceKlass sun/java2d/SurfaceManagerFactory
instanceKlass sun/awt/X11GraphicsEnvironment$1
instanceKlass sun/awt/DisplayChangedListener
instanceKlass java/util/EventListener
instanceKlass sun/awt/PlatformGraphicsInfo
instanceKlass java/awt/GraphicsEnvironment$LocalGE
instanceKlass javax/imageio/IIOParam
instanceKlass com/sun/imageio/stream/StreamCloser$1
instanceKlass com/sun/imageio/stream/StreamCloser$CloseAction
instanceKlass com/sun/imageio/stream/StreamCloser
instanceKlass sun/nio/ch/FileChannelImpl$Closer
instanceKlass sun/nio/fs/UnixChannelFactory$1
instanceKlass sun/nio/fs/UnixChannelFactory$Flags
instanceKlass sun/nio/fs/UnixChannelFactory
instanceKlass javax/imageio/stream/ImageInputStreamImpl
instanceKlass javax/imageio/ImageIO$CacheInfo
instanceKlass sun/java2d/DisposerTarget
instanceKlass sun/awt/util/ThreadGroupUtils
instanceKlass sun/java2d/Disposer$1
instanceKlass sun/java2d/Disposer
instanceKlass com/sun/imageio/plugins/jpeg/JPEGImageWriter$JPEGWriterDisposerRecord
instanceKlass sun/java2d/DisposerRecord
instanceKlass com/sun/imageio/plugins/jpeg/JPEGImageWriter$CallBackLock
instanceKlass java/awt/geom/Dimension2D
instanceKlass javax/imageio/plugins/jpeg/JPEGHuffmanTable
instanceKlass javax/imageio/plugins/jpeg/JPEGQTable
instanceKlass com/sun/imageio/plugins/jpeg/JPEGImageWriter$1
instanceKlass javax/imageio/ImageIO$ImageWriterIterator
instanceKlass javax/imageio/spi/FilterIterator
instanceKlass javax/imageio/spi/PartialOrderIterator
instanceKlass javax/imageio/ImageIO$ContainsFilter
instanceKlass javax/imageio/spi/ServiceRegistry$Filter
instanceKlass javax/imageio/ImageTypeSpecifier
instanceKlass javax/imageio/ImageWriter
instanceKlass javax/imageio/ImageTranscoder
instanceKlass javax/imageio/metadata/IIOMetadataFormat
instanceKlass javax/imageio/ImageReader
instanceKlass javax/imageio/spi/IIORegistry$1
instanceKlass com/sun/imageio/plugins/jpeg/JPEG
instanceKlass javax/imageio/stream/ImageOutputStream
instanceKlass javax/imageio/spi/DigraphNode
instanceKlass javax/imageio/stream/ImageInputStream
instanceKlass javax/imageio/spi/SubRegistry
instanceKlass java/util/Vector$Itr
instanceKlass sun/awt/PostEventQueue
instanceKlass sun/awt/MostRecentKeyValue
instanceKlass java/awt/Queue
instanceKlass java/awt/EventQueue$3
instanceKlass java/awt/EventQueue$2
instanceKlass sun/awt/AWTAccessor$EventQueueAccessor
instanceKlass java/awt/EventQueue$1
instanceKlass java/awt/EventQueue
instanceKlass sun/awt/AppContext$1
instanceKlass sun/awt/WeakIdentityHashMap
instanceKlass sun/awt/KeyboardFocusManagerPeerProvider
instanceKlass sun/awt/InputMethodSupport
instanceKlass sun/awt/ComponentFactory
instanceKlass sun/awt/AppContext$2
instanceKlass sun/awt/AppContext$3
instanceKlass sun/awt/AppContext$6
instanceKlass jdk/internal/access/JavaAWTAccess
instanceKlass sun/awt/AppContext$GetAppContextLock
instanceKlass sun/awt/AppContext
instanceKlass javax/imageio/spi/IIOServiceProvider
instanceKlass javax/imageio/spi/RegisterableService
instanceKlass javax/imageio/spi/ServiceRegistry
instanceKlass javax/imageio/ImageIO
instanceKlass org/robolectric/shadows/ImageUtil$1
instanceKlass org/robolectric/shadows/ImageUtil
instanceKlass io/github/thatsfguy/reticulum/android/platform/ImageCompress$Step
instanceKlass io/github/thatsfguy/reticulum/android/platform/ImageCompress$WhenMappings
instanceKlass io/github/thatsfguy/reticulum/android/platform/ImageCompress
instanceKlass android/graphics/Canvas$NoImagePreloadHolder
instanceKlass org/robolectric/shadows/ShadowLegacyCanvas$CanvasReflector$$Reflector45
instanceKlass org/robolectric/shadows/ShadowLegacyCanvas$CanvasReflector
instanceKlass android/graphics/text/MeasuredText
instanceKlass android/graphics/NinePatch
instanceKlass android/graphics/DrawFilter
instanceKlass android/graphics/Region
instanceKlass android/graphics/RenderNode
instanceKlass android/graphics/fonts/Font
instanceKlass org/robolectric/shadows/ShadowCanvas$OvalPaintHistoryEvent
instanceKlass org/robolectric/shadows/ShadowCanvas$LinePaintHistoryEvent
instanceKlass org/robolectric/shadows/ShadowCanvas$RoundRectPaintHistoryEvent
instanceKlass org/robolectric/shadows/ShadowCanvas$RectPaintHistoryEvent
instanceKlass org/robolectric/shadows/ShadowCanvas$TextHistoryEvent
instanceKlass org/robolectric/shadows/ShadowCanvas$ArcPaintHistoryEvent
instanceKlass org/robolectric/shadows/ShadowCanvas$CirclePaintHistoryEvent
instanceKlass org/robolectric/shadows/ShadowLegacyCanvas$NativeCanvas
instanceKlass android/graphics/Path
instanceKlass org/robolectric/shadows/ShadowCanvas
instanceKlass com/android/internal/util/GrowingArrayUtils
instanceKlass android/graphics/ColorSpace$Rgb$NoImagePreloadHolder
instanceKlass org/robolectric/shadows/ShadowNativeColorSpaceRgb
instanceKlass org/robolectric/shadows/ShadowColorSpaceRgb
instanceKlass java/util/function/DoubleUnaryOperator
instanceKlass android/util/SparseIntArray
instanceKlass android/graphics/ColorSpace$Rgb$TransferParameters
instanceKlass android/graphics/ColorSpace$Connector
instanceKlass java/awt/Toolkit$1
instanceKlass java/awt/Toolkit$2
instanceKlass java/util/ResourceBundle$3
instanceKlass java/util/ResourceBundle$CacheKeyReference
instanceKlass java/util/ResourceBundle$CacheKey
instanceKlass java/awt/Toolkit$4
instanceKlass sun/awt/AWTAccessor
instanceKlass java/awt/Toolkit$3
instanceKlass sun/awt/AWTAccessor$ToolkitAccessor
instanceKlass java/awt/Toolkit
instanceKlass java/awt/geom/RectangularShape
instanceKlass sun/awt/image/NativeLibLoader$1
instanceKlass sun/awt/image/NativeLibLoader
instanceKlass java/awt/image/SampleModel
instanceKlass java/awt/geom/Point2D
instanceKlass sun/java2d/StateTrackableDelegate$2
instanceKlass sun/java2d/StateTrackableDelegate
instanceKlass sun/java2d/StateTrackable
instanceKlass java/awt/image/DataBuffer$1
instanceKlass sun/awt/image/SunWritableRaster$DataStealer
instanceKlass java/awt/image/DataBuffer
instanceKlass sun/java2d/cmm/ProfileDeferralInfo
instanceKlass java/awt/color/ICC_Profile$BuiltInProfile
instanceKlass java/awt/color/ICC_Profile
instanceKlass java/awt/color/ColorSpace$BuiltInSpace
instanceKlass java/awt/color/ColorSpace
instanceKlass java/awt/GraphicsEnvironment
instanceKlass java/awt/image/ColorModel$1
instanceKlass java/awt/image/ColorModel
instanceKlass sun/awt/image/SurfaceManager
instanceKlass sun/awt/image/SurfaceManager$ImageAccessor
instanceKlass java/awt/ImageCapabilities
instanceKlass android/graphics/Bitmap$1
instanceKlass android/graphics/NinePatch$InsetStruct
instanceKlass android/graphics/Picture
instanceKlass android/graphics/Color
instanceKlass android/graphics/RectF
instanceKlass android/graphics/Matrix
instanceKlass java/awt/Shape
instanceKlass java/awt/image/Raster
instanceKlass org/robolectric/shadows/ShadowBitmap
instanceKlass org/robolectric/TestLifecycleApplication
instanceKlass android/compat/Compatibility$1
instanceKlass android/compat/Compatibility$ChangeConfig
instanceKlass org/robolectric/shadows/ShadowCompatibility
instanceKlass android/compat/Compatibility
instanceKlass org/robolectric/shadows/ShadowChangeReporter
instanceKlass com/android/internal/compat/ChangeReporter
instanceKlass android/app/AppCompatCallbacks
instanceKlass android/compat/Compatibility$BehaviorChangeDelegate
instanceKlass android/provider/FontsContract$1
instanceKlass android/util/LruCache
instanceKlass android/provider/FontsContract$FontRequestCallback
instanceKlass android/provider/FontsContract$FontFamilyResult
instanceKlass android/provider/FontsContract$FontInfo
instanceKlass android/provider/FontRequest
instanceKlass org/robolectric/shadows/ShadowFontsContract
instanceKlass android/provider/FontsContract
instanceKlass android/content/pm/split/SplitDependencyLoader
instanceKlass android/content/pm/PackageStats$1
instanceKlass android/content/pm/overlay/OverlayPaths
instanceKlass android/content/pm/FallbackCategoryProvider
instanceKlass android/content/pm/PackageInfo$1
instanceKlass android/content/pm/PackageParser$SplitNameComparator
instanceKlass android/content/pm/PackageParser$NewPermissionInfo
instanceKlass android/content/pm/PackageParser$CachedComponentArgs
instanceKlass android/content/pm/VerifierInfo
instanceKlass android/content/pm/PackageParser$PackageLite
instanceKlass android/apex/ApexInfo
instanceKlass android/content/pm/PackageParser$ApkLite
instanceKlass org/robolectric/shadows/ShadowPackageParser
instanceKlass android/content/pm/PackageParser$Component
instanceKlass android/content/pm/parsing/result/ParseInput
instanceKlass android/content/pm/PackageParser$SplitAssetLoader
instanceKlass android/content/pm/pkg/FrameworkPackageUserStateDefault
instanceKlass android/content/pm/pkg/FrameworkPackageUserState
instanceKlass android/content/pm/PermissionGroupInfo$1
instanceKlass com/google/common/collect/Platform
instanceKlass com/google/common/collect/Multiset
instanceKlass com/google/common/collect/AbstractMultimap
instanceKlass com/google/common/collect/SetMultimap
instanceKlass org/robolectric/shadows/ShadowPackageManager$IntentComparator
instanceKlass com/google/common/collect/PeekingIterator
instanceKlass com/google/common/collect/Iterators
instanceKlass com/google/common/collect/ImmutableSet$SetBuilderImpl
instanceKlass com/google/common/collect/Iterables
instanceKlass org/robolectric/shadows/SystemFeatureListInitializer
instanceKlass android/content/pm/SuspendDialogInfo$1
instanceKlass android/content/pm/SuspendDialogInfo$Builder
instanceKlass org/robolectric/shadows/ShadowSuspendDialogInfo
instanceKlass android/os/PersistableBundle$1
instanceKlass com/android/internal/util/XmlUtils$ReadMapCallback
instanceKlass android/content/pm/KeySet$1
instanceKlass android/content/pm/PermissionInfo$1
instanceKlass android/content/IntentSender$1
instanceKlass android/content/IIntentSender
instanceKlass android/content/IntentSender$OnFinished
instanceKlass android/app/ActivityManager$PendingIntentInfo
instanceKlass android/content/IntentFilter$1
instanceKlass android/content/IntentFilter$AuthorityEntry
instanceKlass android/os/PatternMatcher
instanceKlass android/content/pm/VersionedPackage$1
instanceKlass android/content/pm/IPackageInstaller
instanceKlass android/content/pm/dex/IArtManager
instanceKlass android/content/pm/IPackageDeleteObserver2
instanceKlass org/robolectric/shadows/ShadowActivityThread$1
instanceKlass android/content/res/AssetManager$Builder
instanceKlass android/app/ResourcesManager$ApkAssetsSupplier
instanceKlass android/content/res/ResourcesKey
instanceKlass org/robolectric/shadows/ShadowLoadedApk$_LoadedApk_$$Reflector44
instanceKlass org/robolectric/shadows/ShadowLoadedApk$_LoadedApk_
instanceKlass android/os/FileUtils$ProgressListener
instanceKlass org/robolectric/shadows/ShadowFileUtils
instanceKlass android/os/FileUtils
instanceKlass android/os/SharedMemory
instanceKlass org/robolectric/shadows/ShadowActivityThread$_AppBindData_$$Reflector43
instanceKlass org/robolectric/shadows/ShadowActivityThread$_AppBindData_
instanceKlass android/app/ApplicationPackageManager$ResourceName
instanceKlass android/app/PropertyInvalidatedCache$AutoCorker
instanceKlass android/app/PropertyInvalidatedCache$QueryHandler
instanceKlass android/content/pm/ChangedPackages
instanceKlass android/content/pm/PackageManager$MoveCallback
instanceKlass android/content/pm/PackageManager$OnPermissionsChangedListener
instanceKlass android/content/pm/KeySet
instanceKlass android/content/pm/PackageInstaller
instanceKlass android/content/pm/VerifierDeviceIdentity
instanceKlass android/os/storage/VolumeInfo
instanceKlass android/content/pm/IPackageStatsObserver
instanceKlass android/content/pm/PackageManager$Property
instanceKlass android/content/pm/PackageManager$OnChecksumsReadyListener
instanceKlass android/content/pm/SuspendDialogInfo
instanceKlass android/content/pm/InstallSourceInfo
instanceKlass android/content/pm/ModuleInfo
instanceKlass android/content/pm/VersionedPackage
instanceKlass android/content/pm/dex/ArtManager
instanceKlass android/content/pm/PackageManager$Flags
instanceKlass android/content/pm/PackageManager$DexModuleRegisterCallback
instanceKlass org/robolectric/shadows/ShadowPackageManager$PackageSetting
instanceKlass android/content/pm/FeatureInfo
instanceKlass android/content/pm/PackageStats
instanceKlass android/content/pm/ResolveInfo
instanceKlass android/content/pm/IPackageDataObserver
instanceKlass android/content/pm/IPackageDeleteObserver
instanceKlass android/content/pm/PackageInfo
instanceKlass com/google/common/collect/Multimap
instanceKlass org/robolectric/shadows/ShadowPackageManager
instanceKlass android/content/pm/IOnChecksumsReadyListener
instanceKlass android/content/pm/IPackageMoveObserver
instanceKlass android/content/pm/IDexModuleRegisterCallback
instanceKlass android/content/pm/PackageParser$Callback
instanceKlass android/os/PerformanceCollector
instanceKlass android/content/pm/PackageParser$SigningDetails$1
instanceKlass android/content/pm/Signature
instanceKlass android/content/pm/PackageParser$Package$1
instanceKlass android/content/pm/PackageParser$SigningDetails
instanceKlass android/content/pm/PackageParser
instanceKlass android/content/pm/PackageParser$Package
instanceKlass android/app/Application$OnProvideAssistDataListener
instanceKlass android/app/Application$ActivityLifecycleCallbacks
instanceKlass org/robolectric/shadows/ShadowResources$ResourcesReflector$$Reflector42
instanceKlass org/robolectric/shadows/ShadowResources$ResourcesReflector
instanceKlass java/util/DualPivotQuicksort
instanceKlass android/view/DisplayInfo$1
instanceKlass org/robolectric/shadows/ShadowDisplayManager
instanceKlass org/robolectric/shadows/ShadowDisplayManagerGlobal$DisplayManagerGlobalReflector$$Reflector41
instanceKlass org/robolectric/shadows/ShadowDisplayManagerGlobal$DisplayManagerGlobalReflector
instanceKlass android/view/Surface$1
instanceKlass android/graphics/BLASTBufferQueue
instanceKlass android/graphics/ColorSpace
instanceKlass android/hardware/HardwareBuffer
instanceKlass android/graphics/SurfaceTexture
instanceKlass org/robolectric/shadows/ShadowNativeSurface
instanceKlass org/robolectric/shadows/ShadowSurface
instanceKlass android/graphics/BaseCanvas
instanceKlass android/hardware/display/VirtualDisplayConfig$1
instanceKlass android/hardware/display/BrightnessConfiguration$1
instanceKlass android/util/TypedXmlPullParser
instanceKlass android/util/TypedXmlSerializer
instanceKlass android/hardware/display/BrightnessCorrection
instanceKlass android/view/Display$Mode$1
instanceKlass android/view/Surface
instanceKlass android/media/projection/IMediaProjection
instanceKlass android/hardware/display/VirtualDisplayConfig
instanceKlass android/hardware/display/Curve
instanceKlass android/hardware/display/BrightnessConfiguration
instanceKlass android/content/pm/BaseParceledListSlice
instanceKlass android/view/Display$Mode
instanceKlass android/hardware/display/BrightnessInfo
instanceKlass android/hardware/graphics/common/DisplayDecorationSupport
instanceKlass org/robolectric/shadows/ShadowDisplayManagerGlobal$DisplayManagerProxyDelegate
instanceKlass android/graphics/Point
instanceKlass android/hardware/display/WifiDisplayStatus
instanceKlass android/hardware/display/IDisplayManager
instanceKlass android/view/DisplayInfo
instanceKlass android/hardware/display/IVirtualDisplayCallback
instanceKlass android/app/PropertyInvalidatedCache
instanceKlass android/hardware/display/IDisplayManagerCallback
instanceKlass android/hardware/display/DisplayManagerGlobal
instanceKlass android/content/Intent$1
instanceKlass android/content/ClipData$Item
instanceKlass android/content/ClipData
instanceKlass org/xmlpull/v1/XmlSerializer
instanceKlass android/content/Intent$CommandOptionHandler
instanceKlass com/android/modules/utils/BasicShellCommandHandler
instanceKlass org/robolectric/shadows/ShadowIntent
instanceKlass android/content/SyncStatusObserver
instanceKlass android/content/SyncStatusInfo
instanceKlass android/content/SyncRequest
instanceKlass android/content/IContentService
instanceKlass android/content/SyncInfo
instanceKlass android/content/ContentResolver$OpenResourceIdResult
instanceKlass android/system/Int64Ref
instanceKlass android/content/ContentResolver$MimeTypeInfo
instanceKlass org/robolectric/shadows/ShadowContentResolver$Status
instanceKlass org/robolectric/fakes/BaseCursor
instanceKlass android/content/SyncAdapterType
instanceKlass android/accounts/Account
instanceKlass android/database/ContentObserver
instanceKlass android/content/ContentProviderClient
instanceKlass android/content/ContentProviderResult
instanceKlass android/content/ContentValues
instanceKlass org/robolectric/shadows/ShadowContentResolver
instanceKlass android/content/ISyncStatusObserver
instanceKlass android/database/Cursor
instanceKlass android/os/RemoteCallback$OnResultListener
instanceKlass android/content/AttributionSourceState$1
instanceKlass android/content/AttributionSource$1
instanceKlass android/content/AttributionSource$ScopedParcelState
instanceKlass android/content/AttributionSourceState
instanceKlass android/ondevicepersonalization/OnDevicePersonalizationManager
instanceKlass android/ondevicepersonalization/OnDevicePersonalizationFrameworkInitializer
instanceKlass android/nearby/NearbyManager
instanceKlass android/nearby/NearbyFrameworkInitializer
instanceKlass android/net/connectivity/android/net/nsd/MDnsManager
instanceKlass android/net/EthernetManager
instanceKlass android/app/usage/NetworkStatsManager
instanceKlass android/net/IpSecManager
instanceKlass android/net/nsd/NsdManager
instanceKlass android/net/ConnectivityFrameworkInitializerTiramisu
instanceKlass android/safetycenter/SafetyCenterManager
instanceKlass android/safetycenter/SafetyCenterFrameworkInitializer
instanceKlass android/uwb/UwbManager
instanceKlass android/uwb/UwbFrameworkInitializer
instanceKlass android/adservices/common/AdServicesCommonManager
instanceKlass android/adservices/appsetid/AppSetIdManager
instanceKlass android/adservices/adid/AdIdManager
instanceKlass android/adservices/measurement/MeasurementManager
instanceKlass android/adservices/adselection/ReportImpressionCallback
instanceKlass android/adservices/adselection/AdSelectionCallback
instanceKlass android/adservices/adselection/AdSelectionManager
instanceKlass android/adservices/customaudience/ICustomAudienceCallback
instanceKlass android/adservices/customaudience/CustomAudienceManager
instanceKlass android/app/sdksandbox/SdkSandboxSystemServiceRegistry$ServiceMutator
instanceKlass android/app/sdksandbox/SdkSandboxSystemServiceRegistry
instanceKlass android/adservices/topics/TopicsManager
instanceKlass android/util/Log$1
instanceKlass android/util/Log$TerribleFailureHandler
instanceKlass android/util/Log
instanceKlass com/android/adservices/LogUtil
instanceKlass android/adservices/AdServicesFrameworkInitializer
instanceKlass android/app/sdksandbox/SdkSandboxManager
instanceKlass android/app/sdksandbox/SdkSandboxManagerFrameworkInitializer
instanceKlass android/scheduling/RebootReadinessManager
instanceKlass android/scheduling/SchedulingFrameworkInitializer
instanceKlass android/app/role/RoleManager
instanceKlass android/app/role/RoleFrameworkInitializer
instanceKlass android/media/MediaCommunicationManager
instanceKlass android/media/internal/utils/build/SdkLevel
instanceKlass android/media/MediaTranscodingManager
instanceKlass android/media/MediaFrameworkInitializer
instanceKlass android/media/session/MediaSessionManager
instanceKlass android/media/MediaFrameworkPlatformInitializer
instanceKlass android/content/rollback/RollbackManager
instanceKlass android/content/rollback/RollbackManagerFrameworkInitializer
instanceKlass android/app/StatsManager
instanceKlass android/os/StatsFrameworkInitializer
instanceKlass android/net/wifi/RttManager
instanceKlass android/net/wifi/rtt/WifiRttManager
instanceKlass android/net/wifi/WifiScanner
instanceKlass android/net/wifi/aware/WifiAwareManager
instanceKlass android/net/wifi/p2p/WifiP2pManager
instanceKlass android/net/wifi/WifiManager
instanceKlass android/net/wifi/WifiFrameworkInitializer
instanceKlass android/app/appsearch/AppSearchManager
instanceKlass android/app/appsearch/AppSearchManagerFrameworkInitializer
instanceKlass android/telephony/SmsManager
instanceKlass android/telephony/ims/ImsManager
instanceKlass android/telephony/euicc/EuiccCardManager
instanceKlass android/telephony/euicc/EuiccManager
instanceKlass android/telephony/CarrierConfigManager
instanceKlass android/telephony/SubscriptionManager
instanceKlass android/telephony/TelephonyManager
instanceKlass android/os/TelephonyServiceManager
instanceKlass org/robolectric/shadows/ShadowTelephonyFrameworkInitializer
instanceKlass android/telephony/TelephonyFrameworkInitializer
instanceKlass android/bluetooth/BluetoothManager
instanceKlass android/os/BluetoothServiceManager
instanceKlass org/robolectric/shadows/ShadowBluetoothFrameworkInitializer
instanceKlass android/bluetooth/BluetoothFrameworkInitializer
instanceKlass android/app/blob/BlobStoreManager
instanceKlass android/app/blob/BlobStoreManagerFrameworkInitializer
instanceKlass android/app/tare/EconomyManager
instanceKlass android/os/PowerExemptionManager
instanceKlass android/os/PowerWhitelistManager
instanceKlass android/os/DeviceIdleManager
instanceKlass android/app/job/JobScheduler
instanceKlass android/app/job/JobSchedulerFrameworkInitializer
instanceKlass android/net/connectivity/android/net/DnsResolverServiceManager
instanceKlass android/net/TestNetworkManager
instanceKlass android/net/ConnectivityDiagnosticsManager
instanceKlass android/net/ConnectivityManager
instanceKlass android/net/ConnectivityFrameworkInitializer
instanceKlass android/app/ambientcontext/AmbientContextManager
instanceKlass android/view/displayhash/DisplayHashManager
instanceKlass android/content/pm/verify/domain/DomainVerificationManager
instanceKlass android/app/GameManager
instanceKlass android/media/metrics/MediaMetricsManager
instanceKlass android/hardware/devicestate/DeviceStateManager
instanceKlass android/app/DreamManager
instanceKlass android/apphibernation/AppHibernationManager
instanceKlass android/content/integrity/AppIntegrityManager
instanceKlass android/security/attestationverification/AttestationVerificationManager
instanceKlass android/security/FileIntegrityManager
instanceKlass android/os/incremental/IncrementalManager
instanceKlass android/app/LocaleManager
instanceKlass android/hardware/lights/LightsManager
instanceKlass android/content/pm/DataLoaderManager
instanceKlass android/os/BatteryStatsManager
instanceKlass android/os/image/DynamicSystemManager
instanceKlass android/permission/PermissionCheckerManager
instanceKlass android/permission/PermissionControllerManager
instanceKlass android/permission/LegacyPermissionManager
instanceKlass android/permission/PermissionManager
instanceKlass android/app/time/TimeManager
instanceKlass android/app/timezonedetector/TimeZoneDetector
instanceKlass android/app/timedetector/TimeDetector
instanceKlass android/app/slice/SliceManager
instanceKlass android/content/pm/CrossProfileApps
instanceKlass android/app/timezone/RulesManager
instanceKlass android/app/VrManager
instanceKlass android/app/wallpapereffectsgeneration/WallpaperEffectsGenerationManager
instanceKlass android/app/contentsuggestions/ContentSuggestionsManager
instanceKlass android/app/prediction/AppPredictionManager
instanceKlass android/app/cloudsearch/CloudSearchManager
instanceKlass android/app/smartspace/SmartspaceManager
instanceKlass android/app/search/SearchUiManager
instanceKlass android/view/translation/UiTranslationManager
instanceKlass android/view/translation/TranslationManager
instanceKlass android/view/contentcapture/ContentCaptureManager
instanceKlass android/media/musicrecognition/MusicRecognitionManager
instanceKlass android/view/autofill/AutofillManager
instanceKlass android/os/BugreportManager
instanceKlass android/os/IncidentManager
instanceKlass android/hardware/location/ContextHubManager
instanceKlass android/os/health/SystemHealthManager
instanceKlass android/net/NetworkWatchlistManager
instanceKlass android/content/om/OverlayManager
instanceKlass android/content/pm/ShortcutManager
instanceKlass android/media/soundtrigger/SoundTriggerManager
instanceKlass android/os/HardwarePropertiesManager
instanceKlass android/hardware/radio/RadioManager
instanceKlass android/media/midi/MidiManager
instanceKlass android/media/projection/MediaProjectionManager
instanceKlass android/service/oemlock/OemLockManager
instanceKlass android/service/persistentdata/PersistentDataBlockManager
instanceKlass android/app/usage/UsageStatsManager
instanceKlass android/net/NetworkScoreManager
instanceKlass android/media/tv/tunerresourcemanager/TunerResourceManager
instanceKlass android/media/tv/TvInputManager
instanceKlass android/media/tv/interactive/TvInteractiveAppManager
instanceKlass android/hardware/biometrics/BiometricManager
instanceKlass android/hardware/iris/IrisManager
instanceKlass android/hardware/face/FaceManager
instanceKlass android/hardware/biometrics/BiometricFaceConstants
instanceKlass android/hardware/fingerprint/FingerprintManager
instanceKlass android/hardware/biometrics/BiometricFingerprintConstants
instanceKlass android/hardware/biometrics/BiometricAuthenticator
instanceKlass android/app/trust/TrustManager
instanceKlass android/hardware/ConsumerIrManager
instanceKlass android/companion/virtual/VirtualDeviceManager
instanceKlass android/companion/CompanionDeviceManager
instanceKlass android/print/PrintManager
instanceKlass android/content/RestrictionsManager
instanceKlass android/content/pm/LauncherApps
instanceKlass android/hardware/camera2/CameraManager
instanceKlass android/app/AppOpsManager
instanceKlass android/os/UserManager
instanceKlass android/view/WindowManager
instanceKlass android/net/wifi/nl80211/WifiNl80211Manager
instanceKlass android/net/lowpan/LowpanManager
instanceKlass android/os/Vibrator
instanceKlass android/os/VibratorManager
instanceKlass android/hardware/SerialManager
instanceKlass android/debug/AdbManager
instanceKlass android/hardware/usb/UsbManager
instanceKlass android/app/UiModeManager
instanceKlass android/telephony/MmsManager
instanceKlass android/telecom/TelecomManager
instanceKlass android/telephony/TelephonyRegistryManager
instanceKlass android/os/SystemConfigManager
instanceKlass android/os/SystemUpdateManager
instanceKlass android/app/usage/StorageStatsManager
instanceKlass android/os/storage/StorageManager
instanceKlass android/app/StatusBarManager
instanceKlass android/hardware/SensorPrivacyManager
instanceKlass android/hardware/SensorManager
instanceKlass android/app/SearchManager
instanceKlass android/content/DialogInterface$OnCancelListener
instanceKlass android/content/DialogInterface$OnDismissListener
instanceKlass android/os/RecoverySystem
instanceKlass android/os/PerformanceHintManager
instanceKlass android/os/PowerManager
instanceKlass android/app/people/PeopleManager
instanceKlass android/app/NotificationManager
instanceKlass android/net/NetworkPolicyManager
instanceKlass android/location/LocationManager
instanceKlass android/view/LayoutInflater
instanceKlass android/app/KeyguardManager
instanceKlass android/view/textservice/TextServicesManager
instanceKlass android/app/SystemServiceRegistry$29
instanceKlass android/view/inputmethod/InputMethodManager
instanceKlass android/hardware/display/ColorDisplayManager
instanceKlass android/hardware/display/DisplayManager
instanceKlass android/hardware/input/InputManager
instanceKlass android/transparency/BinaryTransparencyManager
instanceKlass android/os/DropBoxManager
instanceKlass android/nfc/NfcManager
instanceKlass android/os/BatteryManager
instanceKlass android/app/DownloadManager
instanceKlass android/app/admin/DevicePolicyManager
instanceKlass android/location/CountryDetector
instanceKlass android/net/vcn/VcnManager
instanceKlass android/net/VpnManager
instanceKlass android/net/TetheringManager
instanceKlass android/net/PacProxyManager
instanceKlass android/text/ClipboardManager
instanceKlass android/graphics/fonts/FontManager
instanceKlass android/view/textclassifier/TextClassificationManager
instanceKlass android/app/SystemServiceRegistry$StaticServiceFetcher
instanceKlass android/hardware/hdmi/HdmiControlManager
instanceKlass android/media/MediaRouter
instanceKlass android/media/AudioManager
instanceKlass android/app/AlarmManager
instanceKlass android/app/UriGrantsManager
instanceKlass android/app/ActivityTaskManager
instanceKlass android/app/ActivityManager
instanceKlass android/accounts/AccountManager
instanceKlass android/view/accessibility/CaptioningManager
instanceKlass android/app/SystemServiceRegistry$CachedServiceFetcher
instanceKlass android/view/accessibility/AccessibilityManager
instanceKlass android/app/SystemServiceRegistry$ContextAwareServiceProducerWithoutBinder
instanceKlass android/app/SystemServiceRegistry$ContextAwareServiceProducerWithBinder
instanceKlass android/app/SystemServiceRegistry$StaticServiceProducerWithoutBinder
instanceKlass android/app/SystemServiceRegistry$StaticServiceProducerWithBinder
instanceKlass org/robolectric/shadows/ShadowSystemServiceRegistry
instanceKlass android/app/SystemServiceRegistry$ServiceFetcher
instanceKlass android/app/SystemServiceRegistry
instanceKlass android/content/ContextParams$Builder
instanceKlass android/sysprop/DeviceProperties
instanceKlass android/sysprop/TelephonyProperties
instanceKlass android/sysprop/SocProperties
instanceKlass org/robolectric/shadows/ShadowBuild
instanceKlass android/os/Build
instanceKlass android/os/Build$VERSION
instanceKlass com/android/internal/util/function/LongObjPredicate
instanceKlass android/content/res/ResourcesImpl$LookupStack
instanceKlass android/graphics/ImageDecoder$ImageInfo
instanceKlass android/graphics/ImageDecoder
instanceKlass android/icu/text/PluralRules
instanceKlass android/content/res/ResourcesImpl$ThemeImpl
instanceKlass org/robolectric/shadows/ShadowResourcesImpl
instanceKlass android/graphics/ImageDecoder$Source
instanceKlass android/util/Pools
instanceKlass android/util/Pools$SimplePool
instanceKlass android/util/Pools$Pool
instanceKlass org/robolectric/res/android/LoadedArsc$LoadedPackage$TypeSpecFunc
instanceKlass org/robolectric/res/android/CppAssetManager2$FilteredConfigGroup
instanceKlass org/robolectric/res/android/CppAssetManager2$ConfiguredPackage
instanceKlass org/robolectric/res/android/CppAssetManager2$PackageGroup
instanceKlass java/util/function/ToIntFunction
instanceKlass android/util/MapCollections$ValuesCollection
instanceKlass com/android/internal/content/om/OverlayConfigParser
instanceKlass libcore/util/HexEncoding
instanceKlass org/conscrypt/EvpMdRef$SHA1
instanceKlass android/content/pm/PackagePartitions$DeferredCanonicalFile
instanceKlass org/robolectric/shadows/ShadowEnvironment$ShadowUserEnvironment
instanceKlass android/os/Environment$UserEnvironment
instanceKlass android/os/UserHandle$1
instanceKlass org/robolectric/shadows/ShadowEnvironment
instanceKlass android/os/Environment
instanceKlass android/content/pm/PackagePartitions
instanceKlass com/android/internal/content/om/OverlayScanner
instanceKlass org/robolectric/shadows/ShadowTrace
instanceKlass android/os/Trace
instanceKlass org/robolectric/shadows/ShadowOverlayConfig$OverlayConfigReflector$$Reflector40
instanceKlass org/robolectric/shadows/ShadowOverlayConfig$OverlayConfigReflector
instanceKlass android/os/ZygoteProcess$ZygoteState
instanceKlass android/net/LocalSocketAddress
instanceKlass android/os/ZygoteProcess
instanceKlass android/os/Process$ProcessStartResult
instanceKlass org/robolectric/shadows/ShadowProcess
instanceKlass android/os/Process
instanceKlass com/android/internal/content/om/OverlayConfigParser$ParsedConfiguration
instanceKlass com/android/internal/content/om/OverlayConfig$PackageProvider$Package
instanceKlass com/android/internal/content/om/OverlayConfig$Configuration
instanceKlass android/content/pm/PackagePartitions$SystemPartition
instanceKlass com/android/internal/content/om/OverlayConfig$PackageProvider
instanceKlass org/robolectric/shadows/ShadowOverlayConfig
instanceKlass com/android/internal/content/om/OverlayConfig
instanceKlass org/robolectric/shadows/ShadowStringBlock
instanceKlass android/text/style/UpdateLayout
instanceKlass android/text/style/UpdateAppearance
instanceKlass android/text/ParcelableSpan
instanceKlass android/text/style/CharacterStyle
instanceKlass android/content/res/StringBlock
instanceKlass org/robolectric/res/android/LoadedArsc$TypeSpec
instanceKlass org/robolectric/res/android/LoadedArsc$TypeSpecPtrBuilder
instanceKlass org/robolectric/res/android/LoadedArsc$LoadedPackage
instanceKlass org/robolectric/res/android/Chunk
instanceKlass org/robolectric/res/android/Chunk$Iterator
instanceKlass org/robolectric/res/android/LoadedArsc
instanceKlass org/robolectric/res/android/Idmap$LoadedIdmap
instanceKlass org/robolectric/res/android/ApkAssetsCache$Key
instanceKlass org/robolectric/res/android/ApkAssetsCache
instanceKlass android/content/om/OverlayableInfo
instanceKlass android/content/res/loader/AssetsProvider
instanceKlass org/robolectric/shadows/ShadowArscApkAssets9$_ApkAssets_$$Reflector39
instanceKlass org/robolectric/shadows/ShadowArscApkAssets9$_ApkAssets_
instanceKlass org/robolectric/shadows/ShadowApkAssets
instanceKlass org/robolectric/shadows/ShadowAssetManager$_AssetManager_$$Reflector38
instanceKlass org/robolectric/shadows/ShadowAssetManager$_AssetManager_
instanceKlass com/google/common/collect/Hashing
instanceKlass com/google/common/collect/CollectPreconditions
instanceKlass com/google/common/collect/AbstractMapEntry
instanceKlass com/google/common/primitives/IntsMethodsForWeb
instanceKlass com/google/common/math/IntMath
instanceKlass com/google/common/collect/ImmutableMap$Builder
instanceKlass com/google/common/collect/Maps$EntryTransformer
instanceKlass com/google/common/collect/BiMap
instanceKlass com/google/common/base/Converter
instanceKlass com/google/common/collect/UnmodifiableIterator
instanceKlass com/google/common/collect/ImmutableMap
instanceKlass com/google/common/collect/SortedMapDifference
instanceKlass com/google/common/collect/MapDifference
instanceKlass com/google/common/collect/Maps
instanceKlass com/google/common/collect/Lists
instanceKlass com/google/common/collect/Ordering
instanceKlass android/content/res/XmlBlock
instanceKlass android/content/res/XmlBlock$Parser
instanceKlass android/content/res/ApkAssets
instanceKlass org/robolectric/res/android/ApkAssetsCookie
instanceKlass org/robolectric/shadows/ShadowAssetManager
instanceKlass org/robolectric/shadows/ResourceModeShadowPicker
instanceKlass android/util/LongSparseArray
instanceKlass android/content/res/AssetFileDescriptor
instanceKlass android/graphics/Movie
instanceKlass android/graphics/Typeface
instanceKlass android/content/res/ThemedResourceCache
instanceKlass android/graphics/drawable/DrawableInflater
instanceKlass android/content/res/ResourcesImpl
instanceKlass android/content/res/loader/ResourcesLoader
instanceKlass android/util/TypedValue
instanceKlass org/robolectric/shadows/ShadowResources$OnConfigurationChangeListener
instanceKlass org/robolectric/shadows/ShadowResources
instanceKlass java/time/Clock
instanceKlass java/time/InstantSource
instanceKlass android/os/SystemClock
instanceKlass android/content/pm/ApplicationInfo$1
instanceKlass android/util/ContainerHelpers
instanceKlass com/android/internal/util/Parcelling$BuiltIn$ForStringSet
instanceKlass com/android/internal/util/Parcelling$BuiltIn
instanceKlass com/android/internal/util/Parcelling$Cache
instanceKlass com/android/internal/util/Parcelling$BuiltIn$ForBoolean
instanceKlass com/android/internal/util/Parcelling
instanceKlass android/content/res/XmlResourceParser
instanceKlass android/content/res/CompatibilityInfo$2
instanceKlass android/content/res/CompatibilityInfo$Translator
instanceKlass android/content/IIntentReceiver
instanceKlass android/content/pm/SharedLibraryInfo
instanceKlass android/os/StrictMode$VmPolicy
instanceKlass android/os/StrictMode$ThreadPolicy
instanceKlass android/util/Pair
instanceKlass org/robolectric/shadows/ShadowLoadedApk
instanceKlass dalvik/system/BaseDexClassLoader$Reporter
instanceKlass org/robolectric/shadows/ShadowContextImpl
instanceKlass android/app/WallpaperManager
instanceKlass android/window/WindowProvider
instanceKlass java/io/FilenameFilter
instanceKlass org/robolectric/shadows/ShadowContextImpl$_ContextImpl_$$Reflector37
instanceKlass org/robolectric/shadows/ShadowContextImpl$_ContextImpl_
instanceKlass com/google/common/base/Suppliers$MemoizingSupplier
instanceKlass com/google/common/base/Suppliers$NonSerializableMemoizingSupplier
instanceKlass com/google/common/base/Function
instanceKlass com/google/common/base/Suppliers
instanceKlass androidx/test/runner/intent/IntentMonitorRegistry
instanceKlass androidx/test/runner/lifecycle/ApplicationLifecycleMonitorRegistry
instanceKlass androidx/test/runner/lifecycle/ActivityLifecycleMonitorRegistry
instanceKlass android/app/IAppTask
instanceKlass android/app/Instrumentation$ActivityMonitor
instanceKlass android/os/TestLooperManager
instanceKlass android/app/AppComponentFactory
instanceKlass org/robolectric/shadows/ShadowInstrumentation$_Instrumentation_$$Reflector36
instanceKlass android/app/IUiAutomationConnection
instanceKlass android/app/IInstrumentationWatcher
instanceKlass org/robolectric/shadows/ShadowInstrumentation$_Instrumentation_
instanceKlass android/content/ComponentName$1
instanceKlass android/content/ComponentCallbacksController
instanceKlass org/robolectric/shadows/Provider
instanceKlass android/bluetooth/BluetoothAdapter
instanceKlass android/appwidget/AppWidgetManager
instanceKlass android/os/PowerManager$WakeLock
instanceKlass org/robolectric/shadows/ShadowDialog
instanceKlass org/robolectric/shadows/ShadowUserManager$UserManagerState
instanceKlass android/widget/ListPopupWindow
instanceKlass com/android/internal/view/menu/ShowableListMenu
instanceKlass android/widget/PopupWindow
instanceKlass org/robolectric/shadows/ShadowPopupMenu
instanceKlass org/robolectric/shadows/ShadowContextWrapper
instanceKlass android/content/IntentSender
instanceKlass android/database/sqlite/SQLiteClosable
instanceKlass android/database/DatabaseErrorHandler
instanceKlass android/database/sqlite/SQLiteDatabase$CursorFactory
instanceKlass android/content/SharedPreferences
instanceKlass android/content/res/Resources$Theme
instanceKlass android/content/ContentResolver
instanceKlass android/content/pm/PackageManager
instanceKlass android/content/res/AssetManager
instanceKlass android/view/DisplayAdjustments
instanceKlass android/content/res/TypedArray
instanceKlass android/util/AttributeSet
instanceKlass android/graphics/drawable/Drawable
instanceKlass android/content/ContentCaptureOptions
instanceKlass android/content/AutofillOptions
instanceKlass android/view/autofill/AutofillManager$AutofillClient
instanceKlass android/app/IServiceConnection
instanceKlass android/view/Display
instanceKlass android/content/ContextParams
instanceKlass android/content/res/ComplexColor
instanceKlass android/app/ConfigurationController
instanceKlass android/app/ActivityThread$Profiler
instanceKlass android/app/ResourcesManager$UpdateHandler
instanceKlass org/robolectric/shadows/ShadowResourcesManager
instanceKlass android/content/res/Resources$UpdateCallbacks
instanceKlass android/content/res/loader/ResourcesLoader$UpdateCallbacks
instanceKlass android/app/ResourcesManager
instanceKlass android/app/ActivityThread$PurgeIdler
instanceKlass android/app/ActivityThread$GcIdler
instanceKlass android/app/servertransaction/ClientTransaction
instanceKlass android/app/servertransaction/TransactionExecutorHelper
instanceKlass com/android/internal/util/Preconditions
instanceKlass android/os/HandlerExecutor
instanceKlass org/robolectric/shadows/ShadowNativeAllocationRegistry
instanceKlass org/robolectric/shadows/ShadowNoopNativeAllocationRegistry
instanceKlass org/robolectric/shadows/GraphicsShadowPicker
instanceKlass libcore/util/NativeAllocationRegistry
instanceKlass android/os/Binder$NoImagePreloadHolder
instanceKlass dalvik/system/VMRuntime$HiddenApiUsageLogger
instanceKlass org/robolectric/shadows/ShadowVMRuntime
instanceKlass dalvik/system/VMRuntime
instanceKlass android/util/ArraySet
instanceKlass com/android/internal/util/ArrayUtils
instanceKlass android/util/IntArray
instanceKlass android/os/IBinder$DeathRecipient
instanceKlass com/android/internal/os/BinderCallHeavyHitterWatcher$BinderCallHeavyHitterListener
instanceKlass com/android/internal/os/BinderInternal$WorkSourceProvider
instanceKlass android/os/Binder$ProxyTransactListener
instanceKlass com/android/internal/util/FunctionalUtils$ThrowingSupplier
instanceKlass com/android/internal/util/FunctionalUtils$ThrowingRunnable
instanceKlass android/os/TransactionTracker
instanceKlass com/android/internal/os/BinderInternal$Observer
instanceKlass android/os/ResultReceiver
instanceKlass android/os/ShellCallback
instanceKlass org/robolectric/shadows/ShadowBinder
instanceKlass org/robolectric/shadows/ShadowActivityThread$_ActivityThread_$$Reflector35
instanceKlass org/robolectric/shadows/ShadowActivityThread$_ActivityThread_
instanceKlass android/content/res/Resources
instanceKlass android/content/pm/IPackageManager
instanceKlass android/app/ActivityThread$ProviderClientRecord
instanceKlass android/content/ContentProvider
instanceKlass android/content/ContentInterface
instanceKlass android/app/ActivityThread$ProviderRefCount
instanceKlass android/content/IContentProvider
instanceKlass android/app/ContentProviderHolder
instanceKlass android/app/ActivityThread$DumpHeapData
instanceKlass android/app/ProfilerInfo
instanceKlass android/app/ActivityThread$UpdateCompatibilityData
instanceKlass android/app/servertransaction/PendingTransactionActions$StopInfo
instanceKlass android/app/ActivityThread$ServiceArgsData
instanceKlass android/app/ActivityThread$BindServiceData
instanceKlass android/app/ActivityThread$CreateServiceData
instanceKlass android/content/res/CompatibilityInfo
instanceKlass android/app/ActivityThread$RequestAssistContextExtras
instanceKlass android/app/Activity$NonConfigurationInstances
instanceKlass android/app/OnActivityPausedListener
instanceKlass android/os/Debug$MemoryInfo
instanceKlass android/app/ActivityThread$ProviderKey
instanceKlass android/app/ActivityThread$AppBindData
instanceKlass android/window/SizeConfigurationBuckets
instanceKlass android/util/MergedConfiguration
instanceKlass android/app/ActivityThread$DumpResourcesData
instanceKlass android/app/ActivityThread$DumpComponentInfo
instanceKlass android/app/ActivityThread$CreateBackupAgentData
instanceKlass android/view/WindowCallbacks
instanceKlass com/android/internal/view/RootViewSurfaceTaker
instanceKlass android/view/SurfaceControl
instanceKlass android/window/SplashScreenView$SplashScreenViewParcelable
instanceKlass android/window/SplashScreen$SplashScreenManagerGlobal
instanceKlass android/app/PictureInPictureUiState
instanceKlass android/os/ParcelFileDescriptor
instanceKlass android/os/RemoteCallback
instanceKlass com/android/internal/app/IVoiceInteractor
instanceKlass android/app/ComponentOptions
instanceKlass android/app/servertransaction/PendingTransactionActions
instanceKlass android/app/servertransaction/TransactionExecutor
instanceKlass android/app/ActivityThread$ActivityClientRecord
instanceKlass android/app/LoadedApk
instanceKlass android/permission/IPermissionManager
instanceKlass android/content/AttributionSource
instanceKlass android/os/ICancellationSignal
instanceKlass android/os/CancellationSignal
instanceKlass android/view/translation/UiTranslationSpec
instanceKlass android/view/translation/TranslationSpec
instanceKlass org/robolectric/shadows/ShadowActivityThread
instanceKlass android/view/ViewGroup$LayoutParams
instanceKlass android/content/BroadcastReceiver$PendingResult
instanceKlass android/content/pm/PackageItemInfo
instanceKlass android/os/Binder
instanceKlass android/view/contentcapture/IContentCaptureOptionsCallback
instanceKlass android/app/servertransaction/ClientTransactionItem
instanceKlass android/app/servertransaction/BaseClientRequest
instanceKlass android/app/servertransaction/ObjectPoolItem
instanceKlass android/view/ViewTreeObserver$OnDrawListener
instanceKlass android/view/ViewManager
instanceKlass android/view/ViewParent
instanceKlass android/view/View
instanceKlass android/view/accessibility/AccessibilityEventSource
instanceKlass android/graphics/drawable/Drawable$Callback
instanceKlass android/app/ClientTransactionHandler
instanceKlass android/app/ActivityThreadInternal
instanceKlass androidx/test/internal/runner/intent/IntentMonitorImpl
instanceKlass androidx/test/internal/runner/lifecycle/ApplicationLifecycleMonitorImpl
instanceKlass androidx/test/internal/runner/lifecycle/ActivityLifecycleMonitorImpl
instanceKlass android/content/ServiceConnection
instanceKlass android/content/ComponentName
instanceKlass org/robolectric/shadows/ShadowInstrumentation$TargetAndRequestCode
instanceKlass org/robolectric/shadows/ShadowActivity$IntentForResult
instanceKlass android/content/IntentFilter
instanceKlass android/content/BroadcastReceiver
instanceKlass com/google/common/util/concurrent/ListenableFuture
instanceKlass org/robolectric/shadows/ShadowApplication$Wrapper
instanceKlass android/app/Fragment
instanceKlass android/os/UserHandle
instanceKlass android/app/Instrumentation$ActivityResult
instanceKlass android/app/UiAutomation
instanceKlass org/robolectric/shadows/ShadowInstrumentation$ServiceConnectionDataWrapper
instanceKlass org/robolectric/shadows/ShadowInstrumentation$ServiceCallbackScheduler
instanceKlass com/google/common/util/concurrent/AsyncFunction
instanceKlass org/robolectric/shadows/ShadowInstrumentation
instanceKlass androidx/test/runner/intent/IntentMonitor
instanceKlass androidx/test/runner/lifecycle/ApplicationLifecycleMonitor
instanceKlass androidx/test/runner/lifecycle/ActivityLifecycleMonitor
instanceKlass android/content/Intent
instanceKlass android/view/contentcapture/ContentCaptureManager$ContentCaptureClient
instanceKlass android/view/Window$OnWindowDismissedCallback
instanceKlass android/view/View$OnCreateContextMenuListener
instanceKlass android/view/KeyEvent$Callback
instanceKlass android/view/Window$Callback
instanceKlass android/view/LayoutInflater$Factory2
instanceKlass android/view/LayoutInflater$Factory
instanceKlass android/app/IApplicationThread
instanceKlass android/view/InputEvent
instanceKlass android/net/Uri$1
instanceKlass android/net/Uri$NotCachedHolder
instanceKlass android/net/Uri$AbstractPart
instanceKlass android/net/Uri$Builder
instanceKlass android/net/Uri
instanceKlass org/robolectric/shadows/ShadowChoreographer
instanceKlass android/os/Handler$Callback
instanceKlass android/os/IMessenger
instanceKlass android/os/IInterface
instanceKlass org/robolectric/shadows/ShadowPausedLooper$HandlerExecutor
instanceKlass org/robolectric/shadows/ShadowSystemClock
instanceKlass org/robolectric/shadows/ShadowPausedMessageQueue$MessageQueueReflector$$Reflector34
instanceKlass org/robolectric/shadows/ShadowPausedMessageQueue$MessageQueueReflector
instanceKlass android/os/MessageQueue$IdleHandler
instanceKlass android/os/MessageQueue$OnFileDescriptorEventListener
instanceKlass com/google/common/base/Predicate
instanceKlass org/robolectric/shadows/ShadowPausedSystemClock$Listener
instanceKlass org/robolectric/shadows/ShadowPausedLooper$LooperReflector$$Reflector33
instanceKlass org/robolectric/shadows/ShadowPausedLooper$LooperReflector
instanceKlass org/robolectric/shadows/ShadowPausedLooper$2
instanceKlass android/os/MessageQueue
instanceKlass android/os/Looper$Observer
instanceKlass android/os/Handler
instanceKlass org/robolectric/shadows/ShadowMessage
instanceKlass android/os/Message
instanceKlass org/robolectric/shadows/ShadowMessageQueue
instanceKlass org/robolectric/shadows/LooperShadowPicker$1
instanceKlass org/robolectric/shadows/LooperShadowPicker
instanceKlass android/os/Looper
instanceKlass org/robolectric/shadows/ShadowPausedLooper$ControlRunnable
instanceKlass org/robolectric/shadows/ShadowView
instanceKlass android/text/format/Time
instanceKlass android/icu/util/MeasureUnit
instanceKlass org/robolectric/shadows/ShadowDateUtils$DateUtilsReflector$$Reflector32
instanceKlass android/text/format/DateUtils
instanceKlass org/robolectric/shadows/ShadowDateUtils$DateUtilsReflector
instanceKlass org/robolectric/shadows/ShadowDateUtils
instanceKlass android/sysprop/DisplayProperties
instanceKlass android/icu/impl/locale/BaseLocale$Key
instanceKlass android/icu/impl/locale/LocaleObjectCache
instanceKlass android/icu/util/ULocale$Type
instanceKlass android/icu/util/ULocale$3
instanceKlass sun/util/locale/LocaleExtensions
instanceKlass java/util/Locale$LanguageRange
instanceKlass java/util/Locale$LocaleNameGetter
instanceKlass java/util/Locale$LocaleKey
instanceKlass android/icu/util/ULocale$JDKLocaleHelper
instanceKlass android/icu/impl/CacheValue
instanceKlass android/icu/impl/locale/AsciiUtil
instanceKlass android/icu/impl/LocaleIDParser
instanceKlass android/icu/impl/locale/LocaleExtensions
instanceKlass android/icu/impl/locale/BaseLocale
instanceKlass android/icu/impl/CacheBase
instanceKlass android/text/TextUtils$1
instanceKlass android/text/TextDirectionHeuristic
instanceKlass android/text/TextUtils$EllipsizeCallback
instanceKlass android/util/Printer
instanceKlass android/icu/text/Edits$Iterator
instanceKlass android/graphics/Paint
instanceKlass org/robolectric/shadows/ShadowTextUtils
instanceKlass android/text/Spannable
instanceKlass android/text/Spanned
instanceKlass android/text/TextUtils
instanceKlass com/google/common/base/CommonPattern
instanceKlass com/google/common/base/Platform$JdkPatternCompiler
instanceKlass com/google/common/base/PatternCompiler
instanceKlass com/google/common/base/Platform
instanceKlass com/google/common/base/Strings
instanceKlass org/robolectric/android/DeviceConfig
instanceKlass org/robolectric/android/internal/AndroidTestEnvironment$1
instanceKlass org/robolectric/shadows/ShadowLog
instanceKlass org/robolectric/shadows/ShadowLooper
instanceKlass org/robolectric/shadows/ShadowDisplayManagerGlobal
instanceKlass com/google/common/base/Preconditions
instanceKlass android/os/SystemProperties$Handle
instanceKlass org/robolectric/shadows/ShadowSystemProperties
instanceKlass android/os/SystemProperties
instanceKlass android/content/res/Configuration$1
instanceKlass android/os/LocaleList$1
instanceKlass android/icu/util/ULocale
instanceKlass org/robolectric/shadows/ShadowLocaleList
instanceKlass android/graphics/Rect$1
instanceKlass android/graphics/Insets
instanceKlass android/app/WindowConfiguration$1
instanceKlass android/graphics/Rect
instanceKlass android/app/WindowConfiguration
instanceKlass org/xmlpull/v1/XmlPullParser
instanceKlass android/util/DisplayMetrics
instanceKlass android/os/LocaleList
instanceKlass android/content/res/Configuration
instanceKlass org/robolectric/android/Bootstrap
instanceKlass androidx/test/platform/app/InstrumentationRegistry
instanceKlass android/os/Bundle$1
instanceKlass org/robolectric/interceptors/AndroidInterceptors
instanceKlass libcore/util/EmptyArray
instanceKlass android/util/MapCollections
instanceKlass android/util/SizeF
instanceKlass android/util/Size
instanceKlass android/util/proto/ProtoStream
instanceKlass android/util/SparseArray
instanceKlass android/util/ArrayMap
instanceKlass android/os/Parcel
instanceKlass android/os/Parcelable$Creator
instanceKlass com/android/internal/util/XmlUtils$WriteMapCallback
instanceKlass android/os/IBinder
instanceKlass android/os/BaseBundle
instanceKlass org/robolectric/config/ConfigurationRegistry
instanceKlass org/robolectric/DefaultTestLifecycle
instanceKlass android/graphics/Bitmap
instanceKlass android/os/Parcelable
instanceKlass io/github/thatsfguy/reticulum/android/platform/ImageCompressTest
instanceKlass org/robolectric/shadow/api/Shadow
instanceKlass org/robolectric/internal/bytecode/InvokeDynamicSupport
instanceKlass org/robolectric/internal/bytecode/RobolectricInternals
instanceKlass com/google/common/base/Supplier
instanceKlass org/robolectric/RuntimeEnvironment
instanceKlass android/content/ComponentCallbacks2
instanceKlass android/content/ComponentCallbacks
instanceKlass android/content/Context
instanceKlass android/app/Instrumentation
instanceKlass org/robolectric/Shadows
instanceKlass org/robolectric/android/internal/AndroidTestEnvironment
instanceKlass android/graphics/Bitmap
instanceKlass android/os/Parcelable
instanceKlass io/github/thatsfguy/reticulum/android/platform/ImageCompressTest
instanceKlass kotlin/test/Asserter$DefaultImpls
instanceKlass kotlin/collections/SetsKt__SetsJVMKt
instanceKlass kotlin/text/Regex$Companion
instanceKlass kotlin/text/Regex
instanceKlass io/github/thatsfguy/reticulum/android/MainActivityKt
instanceKlass org/junit/runners/ParentRunner$ClassRuleCollector
instanceKlass org/junit/internal/Checks
instanceKlass junit/framework/Assert
instanceKlass junit/framework/Test
instanceKlass io/github/thatsfguy/reticulum/android/AndroidSurfaceGuardsTest
instanceKlass kotlin/collections/MapsKt__MapWithDefaultKt
instanceKlass kotlin/TuplesKt
instanceKlass kotlin/Pair
instanceKlass org/robolectric/shadows/ShadowWindowManager
instanceKlass android/view/IWindowSessionCallback
instanceKlass org/robolectric/shadows/ShadowWindowManagerGlobal$WindowManagerGlobalReflector$$Reflector31
instanceKlass android/view/WindowManagerGlobal
instanceKlass org/robolectric/shadows/ShadowWindowManagerGlobal$WindowManagerGlobalReflector
instanceKlass org/robolectric/shadows/ShadowWindowManagerGlobal$WindowSessionDelegate
instanceKlass org/robolectric/shadows/ShadowWindowManagerGlobal
instanceKlass android/webkit/WebSettings
instanceKlass android/webkit/WebMessagePort
instanceKlass android/webkit/WebBackForwardList
instanceKlass org/robolectric/shadows/ShadowWebSettings
instanceKlass android/view/ViewRootImpl$SystemUiVisibilityInfo
instanceKlass android/animation/LayoutTransition
instanceKlass android/view/DragEvent
instanceKlass android/view/View$AttachInfo$InvalidateInfo
instanceKlass android/view/ViewRootImpl$RunQueue
instanceKlass android/view/ContextMenu
instanceKlass android/view/Menu
instanceKlass android/view/accessibility/AccessibilityRecord
instanceKlass android/view/ActionMode
instanceKlass android/view/ActionMode$Callback
instanceKlass android/view/ViewRootImpl$InvalidateOnAnimationRunnable
instanceKlass android/view/ViewRootImpl$ConsumeBatchedInputImmediatelyRunnable
instanceKlass android/view/ViewRootImpl$ConsumeBatchedInputRunnable
instanceKlass android/view/InputEventReceiver
instanceKlass android/view/ViewRootImpl$TraversalRunnable
instanceKlass android/view/InputEventConsistencyVerifier
instanceKlass android/view/ViewRootImpl$SendWindowContentChangedAccessibilityEvent
instanceKlass android/view/ViewRootImpl$HighContrastTextManager
instanceKlass android/view/ViewRootImpl$AccessibilityInteractionConnectionManager
instanceKlass android/view/AccessibilityInteractionController
instanceKlass android/view/accessibility/AccessibilityManager
instanceKlass android/media/AudioManager
instanceKlass android/graphics/PointF
instanceKlass android/content/ClipDescription
instanceKlass android/view/HardwareLayer
instanceKlass android/widget/Scroller
instanceKlass android/view/ViewTreeObserver$InternalInsetsInfo
instanceKlass android/view/ViewRootImpl$QueuedInputEvent
instanceKlass android/view/Choreographer
instanceKlass android/view/FallbackEventHandler
instanceKlass android/view/InputQueue
instanceKlass android/view/InputQueue$Callback
instanceKlass android/view/View$AttachInfo
instanceKlass android/graphics/Region
instanceKlass android/view/SurfaceHolder$Callback2
instanceKlass android/view/SurfaceHolder$Callback
instanceKlass android/view/accessibility/AccessibilityNodeInfo
instanceKlass android/hardware/display/DisplayManager
instanceKlass android/view/IWindowSession
instanceKlass android/view/inputmethod/InputMethodManager$FinishedInputEventCallback
instanceKlass android/view/InputQueue$FinishedInputEventCallback
instanceKlass android/view/ViewRootImpl$InputStage
instanceKlass com/android/internal/view/BaseSurfaceHolder
instanceKlass android/view/SurfaceHolder
instanceKlass android/view/accessibility/AccessibilityManager$HighTextContrastChangeListener
instanceKlass android/view/accessibility/AccessibilityManager$AccessibilityStateChangeListener
instanceKlass android/view/IWindow
instanceKlass org/robolectric/shadows/ShadowViewRootImpl$ViewRootImplReflector$$Reflector30
instanceKlass android/view/WindowInsets
instanceKlass android/view/ViewRootImpl
instanceKlass android/view/HardwareRenderer$HardwareDrawCallbacks
instanceKlass android/view/View$AttachInfo$Callbacks
instanceKlass android/view/ViewParent
instanceKlass org/robolectric/shadows/ShadowViewRootImpl$ViewRootImplReflector
instanceKlass org/robolectric/shadows/ShadowViewRootImpl
instanceKlass org/robolectric/shadows/ShadowViewConfiguration$ViewConfigurationReflector$$Reflector29
instanceKlass android/view/ViewConfiguration
instanceKlass org/robolectric/shadows/ShadowViewConfiguration$ViewConfigurationReflector
instanceKlass org/robolectric/shadows/ShadowViewConfiguration
instanceKlass org/robolectric/shadows/ShadowVibrator
instanceKlass org/robolectric/shadows/ShadowValueAnimator$ValueAnimatorReflector$$Reflector28
instanceKlass org/robolectric/shadows/ShadowValueAnimator$ValueAnimatorReflector
instanceKlass android/view/animation/AccelerateDecelerateInterpolator
instanceKlass com/android/internal/view/animation/NativeInterpolatorFactory
instanceKlass android/view/animation/Interpolator
instanceKlass android/animation/ValueAnimator$AnimatorUpdateListener
instanceKlass android/animation/ValueAnimator$AnimationHandler
instanceKlass android/animation/PropertyValuesHolder
instanceKlass android/animation/TypeEvaluator
instanceKlass org/robolectric/shadows/ShadowValueAnimator
instanceKlass org/robolectric/shadows/ShadowUserManager
instanceKlass org/robolectric/shadows/ShadowUsageStatsManager
instanceKlass org/robolectric/shadows/ShadowTrafficStats
instanceKlass org/robolectric/shadows/ShadowTrace
instanceKlass org/robolectric/shadows/ShadowToneGenerator
instanceKlass org/robolectric/shadows/ShadowTextToSpeech
instanceKlass org/robolectric/shadows/ShadowTelephonyManager
instanceKlass org/robolectric/shadows/ShadowTelephony$ShadowSms
instanceKlass org/robolectric/shadows/ShadowSurfaceControl
instanceKlass org/robolectric/shadows/ShadowStorageManager
instanceKlass org/robolectric/shadows/ShadowStaticLayout
instanceKlass org/robolectric/shadows/ShadowSpeechRecognizer
instanceKlass org/robolectric/shadows/ShadowSmsManager
instanceKlass org/robolectric/shadows/ShadowSettings$ShadowSystem
instanceKlass org/robolectric/shadows/ShadowSettings$ShadowSecure
instanceKlass org/robolectric/shadows/ShadowSettings$ShadowGlobal
instanceKlass org/robolectric/shadows/ShadowSettings
instanceKlass android/os/storage/IMountService
instanceKlass com/android/internal/app/IVoiceInteractionManagerService
instanceKlass android/media/session/ISessionManager
instanceKlass android/media/IMediaRouterService
instanceKlass android/app/usage/IUsageStatsManager
instanceKlass android/net/INetworkScoreService
instanceKlass android/app/job/IJobScheduler
instanceKlass android/app/trust/ITrustManager
instanceKlass android/content/IRestrictionsManager
instanceKlass android/os/IBatteryPropertiesRegistrar
instanceKlass com/android/internal/app/IAppOpsService
instanceKlass org/robolectric/shadows/IBluetoothManagerDelegates$IBluetoothManagerDelegateBase
instanceKlass org/robolectric/shadows/IBluetoothManagerDelegates
instanceKlass android/os/IUserManager
instanceKlass android/view/IWindowManager
instanceKlass android/app/IWallpaperManager
instanceKlass android/app/INotificationManager
instanceKlass com/android/internal/appwidget/IAppWidgetService
instanceKlass android/media/IAudioService
instanceKlass android/net/nsd/INsdManager
instanceKlass android/location/ICountryDetector
instanceKlass android/net/INetworkPolicyManager
instanceKlass android/app/IUiModeManager
instanceKlass android/app/ISearchManager
instanceKlass android/net/wifi/IWifiManager
instanceKlass android/net/IConnectivityManager
instanceKlass com/android/internal/telephony/ITelephony
instanceKlass android/app/admin/IDevicePolicyManager
instanceKlass com/android/internal/os/IDropBoxManagerService
instanceKlass com/android/internal/app/IBatteryStats
instanceKlass android/os/IPowerManager
instanceKlass android/app/IAlarmManager
instanceKlass android/location/ILocationManager
instanceKlass android/hardware/usb/IUsbManager
instanceKlass android/accounts/IAccountManager
instanceKlass android/net/wifi/p2p/IWifiP2pManager
instanceKlass org/robolectric/shadows/ShadowServiceManager$BinderService
instanceKlass android/content/IClipboard
instanceKlass org/robolectric/shadows/ShadowServiceManager
instanceKlass org/robolectric/shadows/ShadowResourcesManager$_ResourcesManager_$$Reflector27
instanceKlass org/robolectric/shadows/ShadowResourcesManager$_ResourcesManager_
instanceKlass android/graphics/CanvasProperty
instanceKlass android/view/RenderNodeAnimator$DelayedAnimationHelper
instanceKlass org/robolectric/shadows/ShadowNativeRenderNodeAnimatorQ
instanceKlass android/animation/TimeInterpolator
instanceKlass android/view/RenderNode
instanceKlass com/android/internal/util/VirtualRefBasePtr
instanceKlass org/robolectric/shadows/ShadowRenderNodeAnimator$RenderNodeAnimatorReflector$$Reflector26
instanceKlass android/animation/Animator
instanceKlass org/robolectric/shadows/ShadowRenderNodeAnimator$RenderNodeAnimatorReflector
instanceKlass android/view/Choreographer$FrameCallback
instanceKlass org/robolectric/shadows/ShadowRenderNodeAnimator
instanceKlass org/robolectric/shadows/ShadowQueuedWork$_QueuedWork_$$Reflector25
instanceKlass org/robolectric/shadows/ShadowQueuedWork$_QueuedWork_
instanceKlass org/robolectric/shadows/ShadowPowerManager
instanceKlass org/robolectric/shadows/ShadowPendingIntent$1
instanceKlass org/robolectric/shadows/ShadowPendingIntent
instanceKlass org/robolectric/shadows/ShadowAsyncTask
instanceKlass org/robolectric/shadows/ShadowParcelFileDescriptor$1
instanceKlass org/robolectric/shadows/ShadowParcelFileDescriptor
instanceKlass android/nfc/INfcAdapterExtras
instanceKlass android/nfc/NfcAdapter$NfcUnlockHandler
instanceKlass android/nfc/BeamShareData
instanceKlass android/nfc/NfcAdapter$CreateBeamUrisCallback
instanceKlass android/nfc/Tag
instanceKlass android/nfc/NfcAdapter$ReaderCallback
instanceKlass android/nfc/NfcAdapter$OnNdefPushCompleteCallback
instanceKlass android/nfc/NfcAdapter$CreateNdefMessageCallback
instanceKlass android/nfc/NdefMessage
instanceKlass android/nfc/IAppCallback
instanceKlass android/nfc/INfcTag
instanceKlass android/nfc/INfcAdapter
instanceKlass android/nfc/INfcUnlockHandler
instanceKlass org/robolectric/shadows/ShadowNfcAdapter$NfcAdapterReflector$$Reflector24
instanceKlass org/robolectric/shadows/ShadowNfcAdapter$NfcAdapterReflector
instanceKlass org/robolectric/shadows/ShadowNfcAdapter
instanceKlass android/view/MotionEvent$1
instanceKlass org/robolectric/shadows/NativeInput$PointerCoords
instanceKlass android/view/InputEvent$1
instanceKlass android/view/InputDevice
instanceKlass android/view/MotionEvent$PointerProperties
instanceKlass android/view/MotionEvent$PointerCoords
instanceKlass org/robolectric/shadows/NativeInput
instanceKlass org/robolectric/shadows/NativeInput$AInputEvent
instanceKlass org/robolectric/shadows/ShadowInputEvent
instanceKlass org/robolectric/shadows/ShadowMimeTypeMap
instanceKlass org/robolectric/shadows/ShadowMessenger
instanceKlass android/os/Message$1
instanceKlass android/os/Messenger
instanceKlass org/robolectric/shadows/ShadowMessage$MessageReflector$$Reflector23
instanceKlass org/robolectric/shadows/ShadowMessage$MessageReflector
instanceKlass org/robolectric/shadows/ShadowMediaStore
instanceKlass org/robolectric/shadows/ShadowMediaScannerConnection
instanceKlass android/hardware/display/WifiDisplay
instanceKlass android/media/MediaRouter$RouteCategory
instanceKlass android/media/MediaRouter$Callback
instanceKlass android/media/AudioRoutesInfo
instanceKlass android/media/MediaRouter$Static
instanceKlass android/hardware/display/DisplayManager$DisplayListener
instanceKlass android/media/MediaRouter$RouteInfo
instanceKlass android/media/MediaRouter
instanceKlass org/robolectric/shadows/ShadowMediaRouter
instanceKlass org/robolectric/shadows/ShadowMediaPlayer$ErrorCallback
instanceKlass org/robolectric/shadows/ShadowMediaPlayer$3
instanceKlass org/robolectric/shadows/ShadowMediaPlayer$2
instanceKlass org/robolectric/shadows/ShadowMediaPlayer$1
instanceKlass org/robolectric/shadows/ShadowMediaPlayer$MediaEvent
instanceKlass org/robolectric/shadows/ShadowPlayerBase
instanceKlass org/robolectric/shadows/ShadowMediaMetadataRetriever
instanceKlass org/robolectric/shadows/util/DataSource$FileDescriptorTransform
instanceKlass org/robolectric/shadows/util/DataSource
instanceKlass org/robolectric/shadows/ShadowMediaExtractor
instanceKlass android/media/MediaFormat
instanceKlass android/media/MediaCodecInfo$CodecCapabilities
instanceKlass android/media/MediaCodecInfo
instanceKlass android/media/MediaCodecList
instanceKlass org/robolectric/shadows/ShadowMediaCodecList
instanceKlass org/robolectric/shadows/ShadowMediaCodec$CodecConfig$Codec
instanceKlass org/robolectric/shadows/ShadowMediaCodec$CodecConfig
instanceKlass org/robolectric/shadows/ShadowMediaCodec
instanceKlass org/robolectric/shadows/ShadowMediaActionSound
instanceKlass android/location/LocationListener
instanceKlass org/robolectric/shadows/ShadowLocationManager
instanceKlass org/robolectric/shadows/ShadowTypeface
instanceKlass org/robolectric/shadows/ShadowLegacySQLiteConnection$Connections$StatementOperation
instanceKlass org/robolectric/shadows/ShadowLegacySQLiteConnection$Connections
instanceKlass org/robolectric/util/SoftThreadLocal
instanceKlass org/robolectric/shadows/ShadowLegacyCanvas$NativeCanvas
instanceKlass org/robolectric/shadows/ShadowCanvas
instanceKlass org/robolectric/shadows/ShadowKeyguardManager$ShadowKeyguardLock
instanceKlass org/robolectric/shadows/ShadowKeyguardManager
instanceKlass android/view/InputEventSender
instanceKlass android/view/InputChannel
instanceKlass com/android/internal/view/IInputMethodSession
instanceKlass android/view/inputmethod/CursorAnchorInfo
instanceKlass android/view/inputmethod/CompletionInfo
instanceKlass android/view/inputmethod/EditorInfo
instanceKlass android/text/InputType
instanceKlass android/view/View
instanceKlass android/view/accessibility/AccessibilityEventSource
instanceKlass android/graphics/drawable/Drawable$Callback
instanceKlass com/android/internal/view/IInputMethodManager
instanceKlass com/android/internal/view/IInputContext
instanceKlass android/view/inputmethod/InputConnection
instanceKlass com/android/internal/view/IInputMethodClient
instanceKlass org/robolectric/shadows/ShadowInputMethodManager$_InputMethodManager_$$Reflector22
instanceKlass android/view/inputmethod/InputMethodManager
instanceKlass org/robolectric/shadows/ShadowInputMethodManager$_InputMethodManager_
instanceKlass org/robolectric/shadows/ShadowInputMethodManager
instanceKlass android/hardware/input/IInputManager
instanceKlass android/os/Vibrator
instanceKlass android/hardware/input/IInputDevicesChangedListener
instanceKlass android/hardware/input/InputManager
instanceKlass org/robolectric/shadows/ShadowInputManager
instanceKlass org/robolectric/shadows/ShadowGeocoder
instanceKlass org/robolectric/shadows/ShadowEventLog
instanceKlass org/robolectric/shadows/ShadowEnvironment
instanceKlass org/robolectric/shadows/ShadowDexFile
instanceKlass org/robolectric/shadows/ShadowDebug
instanceKlass java/util/AbstractMap$SimpleEntry
instanceKlass jdk/internal/jimage/ImageBufferCache$2
instanceKlass jdk/internal/jimage/ImageBufferCache
instanceKlass org/objectweb/asm/ConstantDynamic
instanceKlass org/objectweb/asm/signature/SignatureReader
instanceKlass org/objectweb/asm/signature/SignatureVisitor
instanceKlass org/objectweb/asm/tree/InsnList$InsnListIterator
instanceKlass org/objectweb/asm/tree/TryCatchBlockNode
instanceKlass org/objectweb/asm/tree/LocalVariableNode
instanceKlass org/objectweb/asm/tree/InsnList
instanceKlass org/objectweb/asm/tree/InnerClassNode
instanceKlass org/objectweb/asm/tree/Util
instanceKlass org/objectweb/asm/Opcodes
instanceKlass org/robolectric/internal/bytecode/MutableClass
instanceKlass android/webkit/CookieManager
instanceKlass org/robolectric/shadows/ShadowCookieManager
instanceKlass android/nfc/NfcAdapter
instanceKlass org/robolectric/shadows/ShadowCardEmulation$CardEmulationReflector$$Reflector21
instanceKlass android/nfc/INfcCardEmulation
instanceKlass android/nfc/cardemulation/CardEmulation
instanceKlass org/robolectric/shadows/ShadowCardEmulation$CardEmulationReflector
instanceKlass org/robolectric/shadows/ShadowCardEmulation
instanceKlass android/hardware/camera2/CameraDevice
instanceKlass org/robolectric/shadows/ShadowCameraManager
instanceKlass org/robolectric/shadows/ShadowCamera
instanceKlass org/robolectric/shadows/ShadowCamcorderProfile
instanceKlass org/robolectric/shadows/ShadowCallLogCalls
instanceKlass org/robolectric/shadows/ShadowBuild$_VERSION_$$Reflector20
instanceKlass org/robolectric/shadows/ShadowBuild$_VERSION_
instanceKlass org/robolectric/shadows/ShadowBuild$_Build_$$Reflector19
instanceKlass org/robolectric/shadows/ShadowBuild$_Build_
instanceKlass org/robolectric/shadows/ShadowBluetoothDevice
instanceKlass android/bluetooth/IBluetooth
instanceKlass android/bluetooth/IBluetoothManager
instanceKlass android/bluetooth/IBluetoothManagerCallback
instanceKlass android/bluetooth/le/ScanCallback
instanceKlass org/robolectric/shadows/ShadowBluetoothAdapter$BluetoothAdapterReflector$$Reflector18
instanceKlass android/bluetooth/le/BluetoothLeScanner
instanceKlass android/bluetooth/le/BluetoothLeAdvertiser
instanceKlass android/bluetooth/BluetoothProfile
instanceKlass android/bluetooth/BluetoothProfile$ServiceListener
instanceKlass android/bluetooth/BluetoothDevice
instanceKlass org/robolectric/shadows/ShadowBluetoothAdapter$BluetoothAdapterReflector
instanceKlass org/robolectric/shadows/ShadowBluetoothAdapter
instanceKlass java/awt/Transparency
instanceKlass java/awt/image/WritableRenderedImage
instanceKlass java/awt/image/RenderedImage
instanceKlass java/awt/Image
instanceKlass org/robolectric/shadows/ShadowBitmapFactory
instanceKlass org/robolectric/shadows/ShadowBackupManager$BackupManagerServiceState
instanceKlass org/robolectric/shadows/ShadowBackupManager
instanceKlass org/robolectric/shadows/ShadowBackgroundThread$_BackgroundThread_$$Reflector17
instanceKlass org/robolectric/shadows/ShadowBackgroundThread$_BackgroundThread_
instanceKlass org/robolectric/shadows/ShadowBackgroundThread
instanceKlass org/robolectric/shadows/ShadowAudioTrack
instanceKlass com/google/common/collect/Multimaps
instanceKlass com/google/common/collect/Synchronized$SynchronizedObject
instanceKlass com/google/common/collect/SortedSetMultimap
instanceKlass com/google/common/collect/ListMultimap
instanceKlass com/google/common/collect/Synchronized
instanceKlass com/google/common/collect/Tables$1
instanceKlass com/google/common/collect/RowSortedTable
instanceKlass com/google/common/collect/Table$Cell
instanceKlass com/google/common/collect/Tables
instanceKlass com/google/common/collect/HashBasedTable$Factory
instanceKlass com/google/common/collect/AbstractTable
instanceKlass com/google/common/collect/Table
instanceKlass org/robolectric/shadows/ShadowAudioSystem
instanceKlass android/media/AudioRecord
instanceKlass org/robolectric/shadows/ShadowAudioRecord$AudioRecordSourceProvider
instanceKlass org/robolectric/shadows/ShadowAudioRecord$1
instanceKlass org/robolectric/shadows/ShadowAudioRecord$AudioRecordSource
instanceKlass org/robolectric/shadows/ShadowAudioRecord
instanceKlass com/google/common/collect/ObjectArrays
instanceKlass org/robolectric/shadows/ShadowAudioManager
instanceKlass org/robolectric/shadows/ShadowAudioEffect
instanceKlass org/robolectric/shadows/ShadowAssetManager$_AssetManager_$$Reflector16
instanceKlass org/robolectric/shadows/ShadowAssetManager$_AssetManager_
instanceKlass org/robolectric/shadows/ShadowAppOpsManager
instanceKlass org/robolectric/shadows/ShadowAlarmManager$ScheduledAlarm
instanceKlass org/robolectric/shadows/ShadowAlarmManager
instanceKlass org/robolectric/shadows/ShadowAccountManager$BaseRoboAccountManagerFuture
instanceKlass android/accounts/AccountManagerFuture
instanceKlass org/robolectric/shadows/ShadowAccountManager
instanceKlass org/robolectric/shadows/ShadowAccessibilityNodeInfo$1
instanceKlass org/robolectric/shadows/ShadowAccessibilityNodeInfo
instanceKlass org/robolectric/shadows/ShadowAccessibilityManager
instanceKlass kotlin/test/junit/JUnitAsserter
instanceKlass kotlin/test/Asserter
instanceKlass kotlin/test/junit/JUnitContributor
instanceKlass kotlin/test/AsserterContributor
instanceKlass kotlin/test/AsserterLookupKt
instanceKlass kotlin/test/AssertionsKt__AssertionsKt
instanceKlass kotlin/test/AssertionsKt
instanceKlass kotlin/collections/ArraysUtilJVM
instanceKlass kotlin/collections/ArraysKt__ArraysJVMKt
instanceKlass kotlin/collections/CollectionsKt__CollectionsJVMKt
instanceKlass kotlin/Result$Failure
instanceKlass com/android/internal/util/FastXmlSerializer
instanceKlass com/android/internal/util/XmlUtils
instanceKlass android/app/SharedPreferencesImpl$2
instanceKlass android/app/SharedPreferencesImpl$EditorImpl$2
instanceKlass org/robolectric/shadows/ShadowQueuedWork
instanceKlass android/app/QueuedWork
instanceKlass android/app/SharedPreferencesImpl$EditorImpl$1
instanceKlass com/google/android/collect/Maps
instanceKlass org/robolectric/shadows/ShadowSharedPreferences$ShadowSharedPreferencesEditorImpl
instanceKlass android/app/SharedPreferencesImpl$EditorImpl
instanceKlass com/google/common/collect/ImmutableCollection$Builder
instanceKlass org/robolectric/shadows/OsConstantsValues
instanceKlass android/system/StructStat
instanceKlass android/app/SharedPreferencesImpl$MemoryCommitResult
instanceKlass android/content/SharedPreferences$OnSharedPreferenceChangeListener
instanceKlass android/content/SharedPreferences$Editor
instanceKlass android/app/SharedPreferencesImpl
instanceKlass kotlin/Unit
instanceKlass androidx/sqlite/db/SupportSQLiteStatement
instanceKlass androidx/room/RoomMasterTable
instanceKlass kotlin/io/CloseableKt
instanceKlass org/robolectric/shadows/ShadowCursorWindow$CursorWindowReflector$$Reflector15
instanceKlass org/robolectric/shadows/ShadowCursorWindow$CursorWindowReflector
instanceKlass android/database/CursorWindow$1
instanceKlass org/robolectric/shadows/ShadowCursorWindow
instanceKlass android/os/StrictMode$6
instanceKlass org/robolectric/shadows/ShadowStrictModeVmPolicy
instanceKlass android/os/StrictMode$ViolationInfo
instanceKlass android/os/StrictMode$VmPolicy
instanceKlass android/os/StrictMode$ThreadPolicy
instanceKlass android/util/Singleton
instanceKlass android/os/StrictMode$Span
instanceKlass android/os/StrictMode
instanceKlass android/database/Observable
instanceKlass android/database/AbstractCursor
instanceKlass android/database/CrossProcessCursor
instanceKlass androidx/sqlite/db/framework/FrameworkSQLiteProgram
instanceKlass androidx/sqlite/db/SupportSQLiteProgram
instanceKlass android/database/sqlite/SQLiteDirectCursorDriver
instanceKlass kotlin/jvm/functions/Function4
instanceKlass androidx/sqlite/db/SimpleSQLiteQuery$Companion
instanceKlass androidx/sqlite/db/SimpleSQLiteQuery
instanceKlass androidx/sqlite/db/SupportSQLiteQuery
instanceKlass android/database/sqlite/SQLiteSession$1
instanceKlass androidx/sqlite/db/framework/FrameworkSQLiteDatabase$Companion
instanceKlass androidx/sqlite/db/framework/FrameworkSQLiteDatabase
instanceKlass android/database/sqlite/SQLiteSession$Transaction
instanceKlass com/android/internal/util/GrowingArrayUtils
instanceKlass org/robolectric/res/android/ResourceString
instanceKlass com/google/common/base/ExtraObjectsMethodsForWeb
instanceKlass android/database/DatabaseUtils$InsertHelper
instanceKlass android/database/DatabaseUtils
instanceKlass android/os/SystemClock
instanceKlass org/robolectric/shadows/ShadowSystem
instanceKlass org/robolectric/shadows/ShadowStatFs$Stats
instanceKlass org/robolectric/shadows/ShadowStatFs
instanceKlass android/os/StatFs
instanceKlass jdk/internal/loader/NativeLibraries$Unloader
instanceKlass org/robolectric/nativeruntime/SQLiteConnectionNatives
instanceKlass org/robolectric/nativeruntime/CursorWindowNatives
instanceKlass android/database/CharArrayBuffer
instanceKlass com/google/common/io/ByteArrayDataOutput
instanceKlass com/google/common/io/ByteArrayDataInput
instanceKlass com/google/common/io/ByteStreams
instanceKlass com/google/common/io/Closer$SuppressingSuppressor
instanceKlass com/google/common/io/Closer$Suppressor
instanceKlass com/google/common/io/Closer
instanceKlass com/google/common/io/CharSink
instanceKlass com/google/common/io/Files$2
instanceKlass com/google/common/graph/SuccessorsFunction
instanceKlass com/google/common/io/ByteSink
instanceKlass com/google/common/io/Files
instanceKlass com/google/common/io/CharSource
instanceKlass com/google/common/hash/PrimitiveSink
instanceKlass com/google/common/base/MoreObjects
instanceKlass com/google/common/io/ByteSource
instanceKlass com/google/common/io/LineProcessor
instanceKlass com/google/common/io/Resources
instanceKlass org/robolectric/nativeruntime/DefaultNativeRuntimeLoader
instanceKlass org/robolectric/pluginapi/NativeRuntimeLoader
instanceKlass android/util/Log$1
instanceKlass android/util/Log$TerribleFailureHandler
instanceKlass android/util/Log
instanceKlass android/database/sqlite/SQLiteDebug$PagerStats
instanceKlass android/database/sqlite/SQLiteDebug
instanceKlass android/util/LruCache
instanceKlass android/database/sqlite/SQLiteConnection$1
instanceKlass android/database/sqlite/SQLiteConnection$Operation
instanceKlass android/database/sqlite/SQLiteConnection$OperationLog
instanceKlass org/robolectric/shadows/ShadowSQLiteConnection$SQLiteConnectionReflector$$Reflector14
instanceKlass org/robolectric/shadows/ShadowSQLiteConnection$SQLiteConnectionReflector
instanceKlass android/database/sqlite/SQLiteDebug$DbStats
instanceKlass android/database/sqlite/SQLiteConnection$PreparedStatement
instanceKlass android/database/sqlite/SQLiteStatementInfo
instanceKlass android/database/sqlite/SQLiteCustomFunction
instanceKlass java/util/function/UnaryOperator
instanceKlass org/robolectric/shadows/ShadowSQLiteConnection
instanceKlass com/google/common/math/IntMath$1
instanceKlass com/google/common/math/MathPreconditions
instanceKlass org/robolectric/shadows/SQLiteShadowPicker
instanceKlass org/robolectric/res/android/DynamicRefTable$1
instanceKlass org/robolectric/res/android/StringPoolRef
instanceKlass org/robolectric/res/android/ResTable$Entry
instanceKlass android/database/sqlite/SQLiteGlobal
instanceKlass android/database/sqlite/SQLiteConnectionPool$ConnectionWaiter
instanceKlass android/database/sqlite/SQLiteConnection
instanceKlass android/os/CancellationSignal$OnCancelListener
instanceKlass android/database/sqlite/SQLiteConnectionPool
instanceKlass android/database/sqlite/SQLiteDatabaseConfiguration
instanceKlass dalvik/system/CloseGuard$1
instanceKlass dalvik/system/CloseGuard$DefaultReporter
instanceKlass org/robolectric/shadows/ShadowCloseGuard$CloseGuardReflector$$Reflector13
instanceKlass org/robolectric/shadows/ShadowCloseGuard$CloseGuardReflector
instanceKlass org/robolectric/shadows/ShadowCloseGuard
instanceKlass dalvik/system/CloseGuard$Reporter
instanceKlass dalvik/system/CloseGuard
instanceKlass android/database/sqlite/SQLiteDatabase$CustomFunction
instanceKlass android/database/sqlite/SQLiteTransactionListener
instanceKlass android/database/sqlite/SQLiteSession
instanceKlass android/database/sqlite/SQLiteCursorDriver
instanceKlass java/io/FileFilter
instanceKlass androidx/sqlite/db/SupportSQLiteCompat$Api16Impl
instanceKlass dalvik/system/BlockGuard$1
instanceKlass dalvik/system/BlockGuard$Policy
instanceKlass dalvik/system/BlockGuard
instanceKlass org/robolectric/shadows/ShadowBlockGuardOs
instanceKlass org/robolectric/shadows/ShadowPosix
instanceKlass libcore/io/Posix
instanceKlass libcore/io/ForwardingOs
instanceKlass libcore/io/Os
instanceKlass libcore/io/Libcore
instanceKlass org/robolectric/shadows/ShadowOs
instanceKlass android/system/Os
instanceKlass org/robolectric/shadows/ShadowFileUtils
instanceKlass android/os/FileUtils
instanceKlass androidx/sqlite/util/ProcessLock$Companion
instanceKlass androidx/sqlite/util/ProcessLock
instanceKlass androidx/sqlite/db/framework/FrameworkSQLiteOpenHelper$DBRefHolder
instanceKlass androidx/sqlite/db/framework/FrameworkSQLiteOpenHelper$OpenHelper$Companion
instanceKlass org/robolectric/shadows/ShadowSQLiteOpenHelper
instanceKlass android/database/sqlite/SQLiteOpenHelper
instanceKlass io/github/thatsfguy/reticulum/android/storage/RrcDao_Impl
instanceKlass io/github/thatsfguy/reticulum/android/storage/NomadPageCacheDao_Impl
instanceKlass io/github/thatsfguy/reticulum/android/storage/MessageDao_Impl
instanceKlass io/github/thatsfguy/reticulum/android/storage/DestinationDao_Impl
instanceKlass androidx/room/SharedSQLiteStatement
instanceKlass io/github/thatsfguy/reticulum/android/storage/IdentityDao_Impl
instanceKlass androidx/room/TransactionExecutor
instanceKlass androidx/room/AutoClosingRoomOpenHelper
instanceKlass androidx/room/SQLiteCopyOpenHelper
instanceKlass androidx/room/DelegatingOpenHelper
instanceKlass java/util/BitSet
instanceKlass kotlin/UNINITIALIZED_VALUE
instanceKlass kotlin/SynchronizedLazyImpl
instanceKlass kotlin/Lazy
instanceKlass kotlin/LazyKt__LazyJVMKt
instanceKlass kotlin/jvm/internal/Lambda
instanceKlass kotlin/jvm/internal/FunctionBase
instanceKlass kotlin/jvm/functions/Function0
instanceKlass kotlin/Function
instanceKlass androidx/sqlite/db/framework/FrameworkSQLiteOpenHelper$Companion
instanceKlass androidx/sqlite/db/framework/FrameworkSQLiteOpenHelper
instanceKlass androidx/sqlite/db/SupportSQLiteOpenHelper
instanceKlass androidx/sqlite/db/SupportSQLiteOpenHelper$Configuration$Builder
instanceKlass androidx/sqlite/db/SupportSQLiteOpenHelper$Configuration$Companion
instanceKlass androidx/sqlite/db/SupportSQLiteOpenHelper$Configuration
instanceKlass androidx/room/RoomOpenHelper$Companion
instanceKlass androidx/sqlite/db/SupportSQLiteOpenHelper$Callback$Companion
instanceKlass java/util/concurrent/locks/ReentrantReadWriteLock$WriteLock
instanceKlass java/util/concurrent/locks/ReentrantReadWriteLock$ReadLock
instanceKlass java/util/concurrent/locks/ReentrantReadWriteLock
instanceKlass java/util/concurrent/locks/ReadWriteLock
instanceKlass androidx/room/InvalidationTracker$refreshRunnable$1
instanceKlass androidx/arch/core/internal/SafeIterableMap
instanceKlass androidx/room/InvalidationLiveDataContainer
instanceKlass androidx/room/InvalidationTracker$ObservedTableTracker$Companion
instanceKlass androidx/room/InvalidationTracker$ObservedTableTracker
instanceKlass androidx/room/InvalidationTracker$Companion
instanceKlass androidx/room/InvalidationTracker
instanceKlass androidx/sqlite/db/SupportSQLiteOpenHelper$Callback
instanceKlass androidx/room/RoomOpenHelper$Delegate
instanceKlass io/github/thatsfguy/reticulum/android/storage/IdentityDao
instanceKlass io/github/thatsfguy/reticulum/android/storage/RrcDao
instanceKlass io/github/thatsfguy/reticulum/android/storage/NomadPageCacheDao
instanceKlass io/github/thatsfguy/reticulum/android/storage/MessageDao
instanceKlass io/github/thatsfguy/reticulum/android/storage/DestinationDao
instanceKlass org/robolectric/shadows/ShadowActivityManager$ActivityManagerReflector$$Reflector12
instanceKlass org/robolectric/shadows/ShadowActivityManager$ActivityManagerReflector
instanceKlass androidx/sqlite/db/SupportSQLiteCompat$Api19Impl
instanceKlass android/app/ActivityManager$RunningAppProcessInfo$1
instanceKlass android/app/ActivityManager$1
instanceKlass android/util/SparseIntArray
instanceKlass android/app/PendingIntent
instanceKlass android/app/ActivityManager$TaskThumbnail
instanceKlass android/app/ActivityManager$TaskDescription
instanceKlass android/app/IActivityManager
instanceKlass android/app/ActivityManager$RunningAppProcessInfo
instanceKlass android/app/ActivityManager$MemoryInfo
instanceKlass android/content/pm/ConfigurationInfo
instanceKlass org/robolectric/shadows/ShadowActivityManager
instanceKlass android/app/ActivityManager
instanceKlass androidx/room/DatabaseConfiguration
instanceKlass androidx/sqlite/db/framework/FrameworkSQLiteOpenHelperFactory
instanceKlass androidx/sqlite/db/SupportSQLiteOpenHelper$Factory
instanceKlass androidx/arch/core/executor/TaskExecutor
instanceKlass androidx/room/RoomDatabase$Callback
instanceKlass androidx/room/RoomDatabase$MigrationContainer
instanceKlass androidx/room/RoomDatabase$Builder
instanceKlass kotlin/text/CharsKt__CharJVMKt
instanceKlass kotlin/text/StringsKt__AppendableKt
instanceKlass androidx/room/Room
instanceKlass kotlin/Triple
instanceKlass androidx/test/core/app/ApplicationProvider
instanceKlass kotlin/Result$Companion
instanceKlass kotlin/Result
instanceKlass androidx/room/migration/Migration
instanceKlass io/github/thatsfguy/reticulum/android/storage/ReticulumDatabase$Companion
instanceKlass androidx/room/RoomDatabase$Companion
instanceKlass androidx/room/RoomDatabase
instanceKlass org/junit/rules/MethodRule
instanceKlass org/junit/rules/TestRule
instanceKlass org/junit/runners/BlockJUnit4ClassRunner$RuleCollector
instanceKlass org/junit/runners/RuleContainer$1
instanceKlass org/junit/runners/RuleContainer
instanceKlass org/junit/internal/runners/model/ReflectiveCallable
instanceKlass org/robolectric/TestLifecycleApplication
instanceKlass android/content/pm/PackageStats$1
instanceKlass android/content/pm/PackageInfo$1
instanceKlass android/content/pm/PackageParser$1
instanceKlass android/content/pm/PackageParser$SplitNameComparator
instanceKlass android/content/pm/PackageParser$SplitPermissionInfo
instanceKlass android/content/pm/PackageParser$NewPermissionInfo
instanceKlass android/content/pm/VerifierInfo
instanceKlass android/util/Pair
instanceKlass android/content/pm/PackageParser$ApkLite
instanceKlass android/content/pm/PackageParser$PackageLite
instanceKlass android/content/pm/PackageParser$Component
instanceKlass org/robolectric/shadows/ShadowPackageParser
instanceKlass org/robolectric/shadows/ShadowPackageParser$_PackageParser_$$Reflector11
instanceKlass android/content/pm/PackageUserState
instanceKlass org/robolectric/shadows/ShadowPackageParser$_PackageParser_
instanceKlass org/robolectric/shadows/ShadowPackageManager$PackageSetting
instanceKlass android/content/pm/Signature
instanceKlass android/content/pm/PermissionGroupInfo$1
instanceKlass com/google/common/collect/Platform
instanceKlass com/google/common/collect/Multiset
instanceKlass com/google/common/collect/AbstractMultimap
instanceKlass com/google/common/collect/SetMultimap
instanceKlass org/robolectric/shadows/ShadowPackageManager$IntentComparator
instanceKlass com/google/common/collect/PeekingIterator
instanceKlass com/google/common/collect/Iterators
instanceKlass com/google/common/collect/ImmutableSet$SetBuilderImpl
instanceKlass com/google/common/collect/Iterables
instanceKlass org/robolectric/shadows/SystemFeatureListInitializer
instanceKlass android/content/pm/KeySet$1
instanceKlass android/content/pm/PermissionInfo$1
instanceKlass android/content/pm/PackageCleanItem$1
instanceKlass android/content/IntentSender$1
instanceKlass android/content/IIntentSender
instanceKlass android/content/IntentSender$OnFinished
instanceKlass android/content/IntentFilter$AuthorityEntry
instanceKlass android/os/PatternMatcher
instanceKlass android/content/IntentFilter$1
instanceKlass android/content/pm/VerificationParams$1
instanceKlass android/content/pm/IPackageInstaller
instanceKlass android/content/pm/PackageCleanItem
instanceKlass android/content/pm/IPackageDeleteObserver2
instanceKlass android/content/pm/IPackageInstallObserver2
instanceKlass android/content/pm/ParceledListSlice
instanceKlass org/robolectric/shadows/ShadowActivityThread$1
instanceKlass android/util/ContainerHelpers
instanceKlass android/content/res/ResourcesKey
instanceKlass org/robolectric/shadows/ShadowLoadedApk$_LoadedApk_$$Reflector10
instanceKlass org/robolectric/shadows/ShadowLoadedApk$_LoadedApk_
instanceKlass org/robolectric/shadows/ShadowActivityThread$_AppBindData_$$Reflector9
instanceKlass org/robolectric/shadows/ShadowActivityThread$_AppBindData_
instanceKlass android/os/UserManager
instanceKlass android/content/pm/ManifestDigest
instanceKlass android/content/pm/UserInfo
instanceKlass android/app/ApplicationPackageManager$ResourceName
instanceKlass android/content/pm/KeySet
instanceKlass android/content/pm/PackageInstaller
instanceKlass android/content/pm/IPackageMoveObserver
instanceKlass android/content/pm/IPackageStatsObserver
instanceKlass android/content/pm/ContainerEncryptionParams
instanceKlass android/content/pm/VerificationParams
instanceKlass android/content/pm/IPackageInstallObserver
instanceKlass android/content/pm/PackageStats
instanceKlass android/content/pm/PackageInfo
instanceKlass android/content/pm/VerifierDeviceIdentity
instanceKlass android/content/pm/FeatureInfo
instanceKlass android/content/pm/IPackageDataObserver
instanceKlass android/content/pm/IPackageDeleteObserver
instanceKlass android/content/pm/ResolveInfo
instanceKlass com/google/common/collect/Multimap
instanceKlass org/robolectric/shadows/ShadowPackageManager
instanceKlass android/app/PackageInstallObserver
instanceKlass android/os/PerformanceCollector
instanceKlass org/robolectric/util/ReflectionHelpers$InsideTraversal
instanceKlass android/content/pm/PackageParser
instanceKlass android/content/pm/PackageParser$Package
instanceKlass android/app/Application$OnProvideAssistDataListener
instanceKlass android/app/Application$ActivityLifecycleCallbacks
instanceKlass org/robolectric/shadows/ShadowDisplay$_Display_$$Reflector8
instanceKlass org/robolectric/shadows/ShadowDisplay$_Display_
instanceKlass org/robolectric/android/internal/DisplayConfig
instanceKlass org/robolectric/shadows/ShadowDisplay
instanceKlass android/view/DisplayInfo$1
instanceKlass android/hardware/display/DisplayManagerGlobal$1
instanceKlass org/robolectric/shadows/ShadowDisplayManager
instanceKlass org/robolectric/shadows/ShadowDisplayManagerGlobal$DisplayManagerGlobalReflector$$Reflector7
instanceKlass org/robolectric/shadows/ShadowDisplayManagerGlobal$DisplayManagerGlobalReflector
instanceKlass android/view/Surface$1
instanceKlass android/graphics/Matrix
instanceKlass android/view/SurfaceControl
instanceKlass android/graphics/SurfaceTexture
instanceKlass org/robolectric/shadows/ShadowNativeSurface
instanceKlass org/robolectric/shadows/ShadowSurface
instanceKlass org/robolectric/shadows/GraphicsShadowPicker
instanceKlass android/view/Surface
instanceKlass android/media/projection/IMediaProjection
instanceKlass org/robolectric/shadows/ShadowDisplayManagerGlobal$DisplayManagerProxyDelegate
instanceKlass android/graphics/Point
instanceKlass android/hardware/display/WifiDisplayStatus
instanceKlass android/hardware/display/IDisplayManager
instanceKlass android/view/DisplayInfo
instanceKlass android/hardware/display/IVirtualDisplayCallback
instanceKlass android/hardware/display/IDisplayManagerCallback
instanceKlass android/hardware/display/DisplayManagerGlobal
instanceKlass com/android/internal/util/Preconditions
instanceKlass android/content/Intent$1
instanceKlass android/content/ClipData$Item
instanceKlass android/graphics/Rect
instanceKlass android/content/ClipData
instanceKlass org/robolectric/shadows/ShadowIntent
instanceKlass android/content/SyncStatusObserver
instanceKlass android/content/SyncStatusInfo
instanceKlass android/content/SyncRequest
instanceKlass android/content/IContentService
instanceKlass android/content/SyncInfo
instanceKlass android/content/ContentResolver$OpenResourceIdResult
instanceKlass org/robolectric/shadows/ShadowContentResolver$Status
instanceKlass android/os/CancellationSignal
instanceKlass org/robolectric/fakes/BaseCursor
instanceKlass android/content/SyncAdapterType
instanceKlass android/accounts/Account
instanceKlass android/database/ContentObserver
instanceKlass android/content/ContentProviderClient
instanceKlass android/content/ContentProviderResult
instanceKlass android/content/ContentValues
instanceKlass org/robolectric/util/NamedStream
instanceKlass org/robolectric/shadows/ShadowContentResolver
instanceKlass android/content/ISyncStatusObserver
instanceKlass android/database/Cursor
instanceKlass android/os/UserHandle$1
instanceKlass org/robolectric/shadows/ShadowProcess
instanceKlass android/os/Process
instanceKlass org/robolectric/res/android/LocaleDataTables
instanceKlass org/robolectric/res/android/LocaleData
instanceKlass org/robolectric/res/android/ResTable_config$LocaleParserState
instanceKlass org/robolectric/shadows/ShadowBuild
instanceKlass android/os/Build
instanceKlass android/os/Build$VERSION
instanceKlass org/robolectric/interceptors/AndroidInterceptors
instanceKlass org/robolectric/shadows/ShadowResources$ResourcesReflector$$Reflector6
instanceKlass org/robolectric/shadows/ShadowResources$ResourcesReflector
instanceKlass android/util/Pools
instanceKlass android/util/Pools$SimplePool
instanceKlass android/util/Pools$Pool
instanceKlass org/robolectric/shadows/ShadowStringBlock
instanceKlass android/text/style/UpdateLayout
instanceKlass android/text/style/UpdateAppearance
instanceKlass android/text/ParcelableSpan
instanceKlass android/text/style/CharacterStyle
instanceKlass com/google/common/primitives/UnsignedBytes
instanceKlass org/robolectric/res/android/IdmapEntries
instanceKlass org/robolectric/res/android/ResTable$Type
instanceKlass org/robolectric/res/android/ResTable$Function
instanceKlass org/robolectric/res/android/DynamicRefTable
instanceKlass org/robolectric/res/android/ResTable$TypeCacheEntry
instanceKlass org/robolectric/res/android/ByteBucketArray
instanceKlass org/robolectric/res/android/ResTable$PackageGroup
instanceKlass org/robolectric/res/android/ResTable$ResTablePackage
instanceKlass org/robolectric/res/android/ResourceTypes$ResStringPool_ref
instanceKlass org/robolectric/res/android/CppAssetManager2$Theme
instanceKlass org/robolectric/res/android/ResXMLParser
instanceKlass org/robolectric/res/android/ResXMLTree
instanceKlass org/robolectric/res/android/ResTableTheme
instanceKlass org/robolectric/res/android/CppApkAssets
instanceKlass org/robolectric/res/android/CppAssetManager2
instanceKlass org/robolectric/res/android/Registries
instanceKlass org/robolectric/res/android/ResStringPool
instanceKlass org/robolectric/res/android/ResTable$Header
instanceKlass org/robolectric/res/android/ZipFileRO$ZipEntryRO
instanceKlass com/google/common/primitives/ShortsMethodsForWeb
instanceKlass com/google/common/primitives/IntsMethodsForWeb
instanceKlass org/robolectric/res/android/FileMap
instanceKlass org/robolectric/res/android/ZipArchiveHandle
instanceKlass org/robolectric/res/android/Ref
instanceKlass org/robolectric/res/android/ZipFileRO
instanceKlass org/robolectric/res/android/CppAssetManager$SharedZip
instanceKlass java/util/concurrent/Semaphore
instanceKlass org/robolectric/res/android/ResourceTypes
instanceKlass org/robolectric/res/android/ResourceTypes$WithOffset
instanceKlass org/robolectric/res/android/ResTable$bag_entry
instanceKlass org/robolectric/res/android/ResTable$bag_set
instanceKlass org/robolectric/util/PerfStatsCollector$ThrowingRunnable
instanceKlass org/robolectric/res/android/Util
instanceKlass org/robolectric/res/android/CppAssetManager$asset_path
instanceKlass org/robolectric/res/android/String8
instanceKlass org/robolectric/res/Fs
instanceKlass org/robolectric/res/android/CppAssetManager$ZipSet
instanceKlass com/google/common/collect/Hashing
instanceKlass com/google/common/collect/CollectPreconditions
instanceKlass com/google/common/collect/AbstractMapEntry
instanceKlass com/google/common/primitives/IntsMethodsForWeb
instanceKlass com/google/common/math/IntMath
instanceKlass com/google/common/collect/ImmutableMap$Builder
instanceKlass com/google/common/collect/Maps$EntryTransformer
instanceKlass com/google/common/collect/BiMap
instanceKlass com/google/common/base/Converter
instanceKlass com/google/common/collect/UnmodifiableIterator
instanceKlass com/google/common/collect/ImmutableMap
instanceKlass com/google/common/collect/SortedMapDifference
instanceKlass com/google/common/collect/MapDifference
instanceKlass com/google/common/collect/Maps
instanceKlass com/google/common/collect/Lists
instanceKlass org/objectweb/asm/TypePath
instanceKlass com/google/common/collect/Ordering
instanceKlass android/content/res/StringBlock
instanceKlass android/content/res/XmlBlock
instanceKlass org/robolectric/res/android/ResourceTypes$Res_value
instanceKlass org/robolectric/res/android/ResTable
instanceKlass org/robolectric/res/android/CppAssetManager
instanceKlass org/robolectric/res/android/Asset
instanceKlass org/robolectric/shadows/ShadowAssetManager
instanceKlass org/robolectric/shadows/ResourceModeShadowPicker
instanceKlass javax/annotation/Nullable
instanceKlass org/robolectric/shadows/ShadowVMRuntime
instanceKlass dalvik/system/VMRuntime
instanceKlass android/util/ArraySet
instanceKlass com/android/internal/util/ArrayUtils
instanceKlass android/content/pm/ActivityInfo$1
instanceKlass android/graphics/drawable/Drawable$ConstantState
instanceKlass android/util/LongSparseArray
instanceKlass android/content/res/AssetFileDescriptor
instanceKlass android/content/res/ColorStateList
instanceKlass android/graphics/Movie
instanceKlass android/content/res/TypedArray
instanceKlass libcore/icu/NativePluralRules
instanceKlass android/content/res/XmlResourceParser
instanceKlass android/util/TypedValue
instanceKlass org/robolectric/shadows/ShadowResources$OnConfigurationChangeListener
instanceKlass org/robolectric/shadows/ShadowResources
instanceKlass android/util/AttributeSet
instanceKlass android/content/pm/ApplicationInfo$1
instanceKlass android/content/res/CompatibilityInfo$2
instanceKlass android/content/res/CompatibilityInfo$Translator
instanceKlass android/app/IServiceConnection
instanceKlass android/content/IIntentReceiver
instanceKlass org/robolectric/shadows/ShadowLoadedApk
instanceKlass java/lang/invoke/MethodHandleImpl$CountingWrapper$1
instanceKlass org/robolectric/shadows/ShadowContextImpl
instanceKlass android/view/Display
instanceKlass android/os/DropBoxManager
instanceKlass android/content/IntentSender
instanceKlass android/graphics/drawable/Drawable
instanceKlass android/database/DatabaseErrorHandler
instanceKlass android/database/sqlite/SQLiteClosable
instanceKlass android/database/sqlite/SQLiteDatabase$CursorFactory
instanceKlass android/content/res/Resources$Theme
instanceKlass android/content/res/AssetManager
instanceKlass android/view/DisplayAdjustments
instanceKlass android/app/WallpaperManager
instanceKlass android/net/Uri
instanceKlass android/app/ContextImpl$ServiceFetcher
instanceKlass android/content/ContentResolver
instanceKlass android/content/pm/PackageManager
instanceKlass org/robolectric/shadows/ShadowContextImpl$_ContextImpl_$$Reflector5
instanceKlass android/content/SharedPreferences
instanceKlass org/robolectric/shadows/ShadowContextImpl$_ContextImpl_
instanceKlass com/google/common/base/Suppliers$MemoizingSupplier
instanceKlass com/google/common/base/Suppliers$NonSerializableMemoizingSupplier
instanceKlass com/google/common/base/Function
instanceKlass com/google/common/base/Suppliers
instanceKlass androidx/test/runner/intent/IntentMonitorRegistry
instanceKlass androidx/test/runner/lifecycle/ApplicationLifecycleMonitorRegistry
instanceKlass androidx/test/runner/lifecycle/ActivityLifecycleMonitorRegistry
instanceKlass android/app/IAppTask
instanceKlass android/app/Instrumentation$ActivityMonitor
instanceKlass org/robolectric/shadows/ShadowInstrumentation$_Instrumentation_$$Reflector4
instanceKlass android/app/IUiAutomationConnection
instanceKlass android/app/IInstrumentationWatcher
instanceKlass org/robolectric/util/reflector/WithType
instanceKlass org/robolectric/shadows/ShadowInstrumentation$_Instrumentation_
instanceKlass android/content/ComponentName$1
instanceKlass org/robolectric/shadows/Provider
instanceKlass android/bluetooth/BluetoothAdapter
instanceKlass android/appwidget/AppWidgetManager
instanceKlass android/os/PowerManager$WakeLock
instanceKlass org/robolectric/shadows/ShadowDialog
instanceKlass org/robolectric/shadows/ShadowUserManager$UserManagerState
instanceKlass android/widget/ListPopupWindow
instanceKlass android/widget/PopupWindow
instanceKlass org/robolectric/shadows/ShadowPopupMenu
instanceKlass org/robolectric/shadows/ShadowContextWrapper
instanceKlass android/graphics/Canvas
instanceKlass android/app/ActivityThread$Profiler
instanceKlass org/robolectric/shadows/ShadowResourcesManager
instanceKlass android/app/ActivityThread$GcIdler
instanceKlass java/lang/invoke/MethodHandle$1
instanceKlass android/app/ActivityThread$1
instanceKlass android/os/IBinder$DeathRecipient
instanceKlass org/robolectric/shadows/ShadowBinder
instanceKlass org/robolectric/shadows/ShadowActivityThread$_ActivityThread_$$Reflector3
instanceKlass org/robolectric/shadows/ShadowActivityThread$_ActivityThread_
instanceKlass android/app/ResourcesManager
instanceKlass android/content/pm/IPackageManager
instanceKlass android/os/Binder
instanceKlass android/app/ActivityThread$ProviderClientRecord
instanceKlass android/content/ContentProvider
instanceKlass android/app/ActivityThread$ProviderRefCount
instanceKlass android/content/IContentProvider
instanceKlass android/app/IActivityManager$ContentProviderHolder
instanceKlass android/app/ActivityThread$AppBindData
instanceKlass android/app/ActivityThread$DumpHeapData
instanceKlass android/app/ProfilerInfo
instanceKlass android/app/ActivityThread$ResultData
instanceKlass android/app/ActivityThread$UpdateCompatibilityData
instanceKlass android/app/ActivityThread$StopInfo
instanceKlass android/graphics/Bitmap
instanceKlass android/app/ActivityThread$ServiceArgsData
instanceKlass android/app/ActivityThread$DumpComponentInfo
instanceKlass android/app/ActivityThread$BindServiceData
instanceKlass android/app/ActivityThread$CreateServiceData
instanceKlass android/app/ActivityThread$CreateBackupAgentData
instanceKlass android/app/LoadedApk
instanceKlass android/app/ActivityOptions
instanceKlass android/app/ActivityThread$RequestAssistContextExtras
instanceKlass android/app/ActivityThread$NewIntentData
instanceKlass android/content/res/CompatibilityInfo
instanceKlass android/app/Activity$NonConfigurationInstances
instanceKlass android/app/OnActivityPausedListener
instanceKlass android/os/Debug$MemoryInfo
instanceKlass android/app/ActivityThread$ActivityClientRecord
instanceKlass android/content/pm/PackageItemInfo
instanceKlass org/robolectric/shadows/ShadowActivityThread
instanceKlass libcore/io/EventLogger$Reporter
instanceKlass libcore/io/DropBox$Reporter
instanceKlass android/app/IApplicationThread
instanceKlass android/view/ViewManager
instanceKlass android/view/ViewGroup$LayoutParams
instanceKlass android/content/BroadcastReceiver$PendingResult
instanceKlass android/app/ActivityThread
instanceKlass java/util/concurrent/CountDownLatch
instanceKlass androidx/test/internal/runner/intent/IntentMonitorImpl
instanceKlass androidx/test/internal/runner/lifecycle/ApplicationLifecycleMonitorImpl
instanceKlass androidx/test/internal/runner/lifecycle/ActivityLifecycleMonitorImpl
instanceKlass android/content/ServiceConnection
instanceKlass android/content/ComponentName
instanceKlass org/robolectric/shadows/ShadowInstrumentation$TargetAndRequestCode
instanceKlass org/robolectric/shadows/ShadowActivity$IntentForResult
instanceKlass android/content/IntentFilter
instanceKlass android/content/BroadcastReceiver
instanceKlass com/google/common/util/concurrent/ListenableFuture
instanceKlass org/robolectric/shadows/ShadowApplication$Wrapper
instanceKlass android/app/Fragment
instanceKlass android/os/UserHandle
instanceKlass android/app/Instrumentation$ActivityResult
instanceKlass android/content/Intent
instanceKlass android/app/UiAutomation
instanceKlass org/robolectric/shadows/ShadowInstrumentation$ServiceConnectionDataWrapper
instanceKlass org/robolectric/shadows/ShadowInstrumentation$ServiceCallbackScheduler
instanceKlass com/google/common/util/concurrent/AsyncFunction
instanceKlass org/robolectric/shadows/ShadowInstrumentation
instanceKlass androidx/test/runner/intent/IntentMonitor
instanceKlass androidx/test/runner/lifecycle/ApplicationLifecycleMonitor
instanceKlass androidx/test/runner/lifecycle/ActivityLifecycleMonitor
instanceKlass android/view/Window$OnWindowDismissedCallback
instanceKlass android/view/View$OnCreateContextMenuListener
instanceKlass android/view/KeyEvent$Callback
instanceKlass android/view/Window$Callback
instanceKlass android/view/LayoutInflater$Factory2
instanceKlass android/view/LayoutInflater$Factory
instanceKlass android/view/InputEvent
instanceKlass org/robolectric/shadows/ShadowChoreographer
instanceKlass java/util/WeakHashMap$HashIterator
instanceKlass android/os/Handler$Callback
instanceKlass android/os/IMessenger
instanceKlass org/robolectric/shadows/ShadowPausedLooper$HandlerExecutor
instanceKlass org/robolectric/shadows/ShadowSystemClock
instanceKlass org/robolectric/shadows/ShadowPausedMessageQueue$MessageQueueReflector$$Reflector2
instanceKlass org/robolectric/shadows/ShadowPausedMessageQueue$MessageQueueReflector
instanceKlass android/os/MessageQueue$IdleHandler
instanceKlass com/google/common/base/Predicate
instanceKlass org/robolectric/shadows/ShadowPausedSystemClock$Listener
instanceKlass org/robolectric/shadows/ShadowPausedLooper$LooperReflector$$Reflector1
instanceKlass org/robolectric/util/reflector/Direct
instanceKlass org/robolectric/shadows/ShadowPausedLooper$LooperReflector
instanceKlass org/robolectric/shadows/ShadowPausedLooper$2
instanceKlass android/os/MessageQueue
instanceKlass android/os/Handler
instanceKlass org/robolectric/shadows/ShadowMessage
instanceKlass android/os/Message
instanceKlass org/robolectric/shadows/ShadowMessageQueue
instanceKlass org/robolectric/shadows/LooperShadowPicker$1
instanceKlass org/robolectric/shadows/LooperShadowPicker
instanceKlass android/os/Looper
instanceKlass org/robolectric/shadows/ShadowPausedLooper$ControlRunnable
instanceKlass java/util/Locale$1
instanceKlass org/robolectric/shadows/ShadowView
instanceKlass android/content/res/Resources
instanceKlass android/text/format/Time
instanceKlass org/robolectric/shadows/ShadowDateUtils$DateUtilsReflector$$Reflector0
instanceKlass org/robolectric/util/reflector/UnsafeAccess$Danger11Plus
instanceKlass org/robolectric/util/reflector/UnsafeAccess$Danger
instanceKlass org/robolectric/util/reflector/UnsafeAccess
instanceKlass org/objectweb/asm/Handler
instanceKlass org/objectweb/asm/Edge
instanceKlass org/robolectric/util/reflector/Constructor
instanceKlass org/robolectric/util/reflector/Static
instanceKlass org/robolectric/util/reflector/Accessor
instanceKlass org/objectweb/asm/Label
instanceKlass org/objectweb/asm/Frame
instanceKlass org/objectweb/asm/ByteVector
instanceKlass org/objectweb/asm/Symbol
instanceKlass org/objectweb/asm/SymbolTable
instanceKlass org/objectweb/asm/commons/Method
instanceKlass org/objectweb/asm/FieldVisitor
instanceKlass org/objectweb/asm/MethodVisitor
instanceKlass org/objectweb/asm/AnnotationVisitor
instanceKlass org/objectweb/asm/ModuleVisitor
instanceKlass org/objectweb/asm/RecordComponentVisitor
instanceKlass android/text/format/DateUtils
instanceKlass org/robolectric/util/reflector/ForType
instanceKlass org/robolectric/util/reflector/Reflector
instanceKlass org/robolectric/shadows/ShadowDateUtils$DateUtilsReflector
instanceKlass org/robolectric/shadows/ShadowDateUtils
instanceKlass libcore/util/BasicLruCache
instanceKlass libcore/icu/LocaleData
instanceKlass org/robolectric/shadows/ShadowICU
instanceKlass libcore/icu/ICU
instanceKlass android/text/TextUtils$1
instanceKlass android/text/MeasuredText
instanceKlass android/text/TextDirectionHeuristic
instanceKlass android/text/TextUtils$EllipsizeCallback
instanceKlass android/util/Printer
instanceKlass android/graphics/Paint
instanceKlass org/robolectric/shadows/ShadowTextUtils
instanceKlass android/text/Spannable
instanceKlass android/text/Spanned
instanceKlass android/text/TextUtils
instanceKlass com/google/common/base/CommonPattern
instanceKlass com/google/common/base/Platform$JdkPatternCompiler
instanceKlass com/google/common/base/PatternCompiler
instanceKlass com/google/common/base/Platform
instanceKlass com/google/common/base/Strings
instanceKlass org/robolectric/android/DeviceConfig
instanceKlass org/robolectric/res/android/ResTable_config
instanceKlass org/robolectric/res/Qualifiers
instanceKlass org/bouncycastle/internal/asn1/isara/IsaraObjectIdentifiers
instanceKlass org/bouncycastle/pqc/asn1/PQCObjectIdentifiers
instanceKlass org/bouncycastle/jcajce/provider/drbg/EntropyDaemon
instanceKlass org/bouncycastle/crypto/prng/EntropySourceProvider
instanceKlass org/bouncycastle/crypto/prng/EntropySource
instanceKlass org/bouncycastle/crypto/Digest
instanceKlass org/bouncycastle/jcajce/provider/drbg/DRBG
instanceKlass org/bouncycastle/asn1/x509/X509ObjectIdentifiers
instanceKlass org/bouncycastle/jcajce/provider/asymmetric/RSA
instanceKlass org/bouncycastle/internal/asn1/eac/EACObjectIdentifiers
instanceKlass org/bouncycastle/internal/asn1/cms/CMSObjectIdentifiers
instanceKlass org/bouncycastle/util/Properties$2
instanceKlass org/bouncycastle/util/Properties$1
instanceKlass org/bouncycastle/util/Properties
instanceKlass org/bouncycastle/internal/asn1/bsi/BSIObjectIdentifiers
instanceKlass org/bouncycastle/jcajce/provider/asymmetric/EC
instanceKlass org/bouncycastle/jcajce/provider/asymmetric/DH
instanceKlass org/bouncycastle/jcajce/provider/asymmetric/dsa/DSAUtil
instanceKlass org/bouncycastle/crypto/params/AsymmetricKeyParameter
instanceKlass org/bouncycastle/asn1/sec/SECObjectIdentifiers
instanceKlass org/bouncycastle/asn1/ASN1Choice
instanceKlass org/bouncycastle/internal/asn1/edec/EdECObjectIdentifiers
instanceKlass org/bouncycastle/jcajce/provider/asymmetric/compositesignatures/CompositeSignaturesConstants
instanceKlass org/bouncycastle/jcajce/provider/asymmetric/EXTERNAL
instanceKlass org/bouncycastle/jcajce/provider/asymmetric/EXTERNAL$ExternalKeyInfoConverter
instanceKlass org/bouncycastle/jcajce/provider/asymmetric/COMPOSITE
instanceKlass org/bouncycastle/jcajce/provider/asymmetric/COMPOSITE$CompositeKeyInfoConverter
instanceKlass org/bouncycastle/jcajce/provider/symmetric/Zuc
instanceKlass org/bouncycastle/jcajce/provider/symmetric/GOST3412_2015
instanceKlass org/bouncycastle/jcajce/provider/symmetric/DSTU7624
instanceKlass org/bouncycastle/jcajce/provider/symmetric/OpenSSLPBKDF
instanceKlass org/bouncycastle/jcajce/provider/symmetric/XSalsa20
instanceKlass org/bouncycastle/jcajce/provider/symmetric/XTEA
instanceKlass org/bouncycastle/jcajce/provider/symmetric/VMPCKSA3
instanceKlass org/bouncycastle/jcajce/provider/symmetric/VMPC
instanceKlass org/bouncycastle/jcajce/provider/symmetric/Threefish
instanceKlass org/bouncycastle/jcajce/provider/symmetric/Twofish
instanceKlass org/bouncycastle/jcajce/provider/symmetric/TEA
instanceKlass org/bouncycastle/jcajce/provider/symmetric/SM4
instanceKlass org/bouncycastle/jcajce/provider/symmetric/Skipjack
instanceKlass org/bouncycastle/jcajce/provider/symmetric/Shacal2
instanceKlass org/bouncycastle/internal/asn1/gnu/GNUObjectIdentifiers
instanceKlass org/bouncycastle/jcajce/provider/symmetric/Serpent
instanceKlass org/bouncycastle/internal/asn1/kisa/KISAObjectIdentifiers
instanceKlass org/bouncycastle/jcajce/provider/symmetric/SEED
instanceKlass org/bouncycastle/jcajce/provider/symmetric/Salsa20
instanceKlass org/bouncycastle/jcajce/provider/symmetric/Rijndael
instanceKlass org/bouncycastle/jcajce/provider/symmetric/RC6
instanceKlass org/bouncycastle/jcajce/provider/symmetric/RC5
instanceKlass org/bouncycastle/jcajce/provider/symmetric/RC2
instanceKlass org/bouncycastle/jcajce/provider/symmetric/Noekeon
instanceKlass org/bouncycastle/jcajce/provider/symmetric/IDEA
instanceKlass org/bouncycastle/jcajce/provider/symmetric/HC256
instanceKlass org/bouncycastle/jcajce/provider/symmetric/HC128
instanceKlass org/bouncycastle/jcajce/provider/symmetric/Grain128
instanceKlass org/bouncycastle/jcajce/provider/symmetric/Grainv1
instanceKlass org/bouncycastle/jcajce/provider/symmetric/GOST28147
instanceKlass org/bouncycastle/jcajce/provider/symmetric/DESede
instanceKlass org/bouncycastle/jcajce/provider/symmetric/DES
instanceKlass org/bouncycastle/jcajce/provider/symmetric/ChaCha
instanceKlass org/bouncycastle/jcajce/provider/symmetric/CAST6
instanceKlass org/bouncycastle/jcajce/provider/symmetric/CAST5
instanceKlass org/bouncycastle/internal/asn1/ntt/NTTObjectIdentifiers
instanceKlass org/bouncycastle/jcajce/provider/symmetric/Camellia
instanceKlass org/bouncycastle/jcajce/provider/symmetric/Blowfish
instanceKlass org/bouncycastle/internal/asn1/nsri/NSRIObjectIdentifiers
instanceKlass org/bouncycastle/jcajce/provider/symmetric/ARIA
instanceKlass org/bouncycastle/jcajce/provider/symmetric/ARC4
instanceKlass org/bouncycastle/asn1/bc/BCObjectIdentifiers
instanceKlass org/bouncycastle/jcajce/provider/symmetric/AES
instanceKlass org/bouncycastle/crypto/params/DHValidationParameters
instanceKlass org/bouncycastle/crypto/params/DHParameters
instanceKlass org/bouncycastle/asn1/x9/X9ObjectIdentifiers
instanceKlass org/bouncycastle/crypto/CryptoServicesRegistrar$Property
instanceKlass org/bouncycastle/util/encoders/HexEncoder
instanceKlass org/bouncycastle/util/encoders/Encoder
instanceKlass org/bouncycastle/util/encoders/Hex
instanceKlass org/bouncycastle/crypto/params/DSAValidationParameters
instanceKlass org/bouncycastle/crypto/params/DSAParameters
instanceKlass org/bouncycastle/crypto/CipherParameters
instanceKlass org/bouncycastle/crypto/CryptoServicesRegistrar$1
instanceKlass org/bouncycastle/crypto/CryptoServicesRegistrar$ThreadLocalSecureRandomProvider
instanceKlass org/bouncycastle/crypto/CryptoServicesConstraints
instanceKlass org/bouncycastle/crypto/SecureRandomProvider
instanceKlass org/bouncycastle/crypto/CryptoServicesRegistrar
instanceKlass org/bouncycastle/jcajce/provider/symmetric/Poly1305
instanceKlass org/bouncycastle/jcajce/provider/symmetric/SipHash128
instanceKlass org/bouncycastle/jcajce/provider/symmetric/SipHash
instanceKlass org/bouncycastle/jcajce/provider/symmetric/SCRYPT
instanceKlass org/bouncycastle/jcajce/provider/symmetric/TLSKDF
instanceKlass org/bouncycastle/jcajce/provider/symmetric/PBEPKCS12
instanceKlass org/bouncycastle/jcajce/provider/symmetric/PBEPBKDF2
instanceKlass org/bouncycastle/jcajce/provider/symmetric/PBEPBKDF1
instanceKlass org/bouncycastle/jcajce/provider/digest/Blake3
instanceKlass org/bouncycastle/jcajce/provider/digest/Haraka
instanceKlass org/bouncycastle/asn1/ua/UAObjectIdentifiers
instanceKlass org/bouncycastle/jcajce/provider/digest/DSTU7564
instanceKlass org/bouncycastle/jcajce/provider/digest/Blake2s
instanceKlass org/bouncycastle/internal/asn1/misc/MiscObjectIdentifiers
instanceKlass org/bouncycastle/jcajce/provider/digest/Blake2b
instanceKlass org/bouncycastle/internal/asn1/iso/ISOIECObjectIdentifiers
instanceKlass org/bouncycastle/jcajce/provider/digest/Whirlpool
instanceKlass org/bouncycastle/jcajce/provider/digest/Tiger
instanceKlass org/bouncycastle/asn1/gm/GMObjectIdentifiers
instanceKlass org/bouncycastle/jcajce/provider/digest/SM3
instanceKlass org/bouncycastle/jcajce/provider/digest/Skein
instanceKlass org/bouncycastle/jcajce/provider/digest/SHA3
instanceKlass org/bouncycastle/jcajce/provider/digest/SHA512
instanceKlass org/bouncycastle/jcajce/provider/digest/SHA384
instanceKlass org/bouncycastle/jcajce/provider/digest/SHA256
instanceKlass org/bouncycastle/asn1/nist/NISTObjectIdentifiers
instanceKlass org/bouncycastle/jcajce/provider/digest/SHA224
instanceKlass org/bouncycastle/jcajce/provider/digest/RIPEMD320
instanceKlass org/bouncycastle/jcajce/provider/digest/RIPEMD256
instanceKlass org/bouncycastle/jcajce/provider/digest/RIPEMD160
instanceKlass org/bouncycastle/asn1/teletrust/TeleTrusTObjectIdentifiers
instanceKlass org/bouncycastle/jcajce/provider/digest/RIPEMD128
instanceKlass org/bouncycastle/internal/asn1/oiw/OIWObjectIdentifiers
instanceKlass org/bouncycastle/jcajce/provider/digest/SHA1
instanceKlass org/bouncycastle/internal/asn1/iana/IANAObjectIdentifiers
instanceKlass org/bouncycastle/jcajce/provider/digest/MD5
instanceKlass org/bouncycastle/jcajce/provider/digest/MD4
instanceKlass org/bouncycastle/asn1/ASN1ObjectIdentifier$OidHandle
instanceKlass org/bouncycastle/asn1/pkcs/PKCSObjectIdentifiers
instanceKlass org/bouncycastle/jcajce/provider/digest/MD2
instanceKlass org/bouncycastle/jcajce/provider/digest/Keccak
instanceKlass org/bouncycastle/internal/asn1/rosstandart/RosstandartObjectIdentifiers
instanceKlass org/bouncycastle/util/Arrays
instanceKlass org/bouncycastle/asn1/OIDTokenizer
instanceKlass org/bouncycastle/asn1/ASN1Tag
instanceKlass org/bouncycastle/asn1/ASN1Type
instanceKlass org/bouncycastle/asn1/ASN1Object
instanceKlass org/bouncycastle/util/Encodable
instanceKlass org/bouncycastle/asn1/ASN1Encodable
instanceKlass org/bouncycastle/asn1/cryptopro/CryptoProObjectIdentifiers
instanceKlass org/bouncycastle/jcajce/provider/digest/GOST3411
instanceKlass org/bouncycastle/jcajce/provider/util/AlgorithmProvider
instanceKlass java/lang/invoke/LambdaFormEditor$1
instanceKlass org/bouncycastle/jce/provider/BouncyCastleProvider$1
instanceKlass org/bouncycastle/jce/provider/BouncyCastleProvider$JcaCryptoService
instanceKlass java/security/cert/PKIXCertPathChecker
instanceKlass java/security/cert/CertPathChecker
instanceKlass org/bouncycastle/jcajce/provider/symmetric/util/ClassUtil
instanceKlass org/bouncycastle/util/Strings$1
instanceKlass org/bouncycastle/util/StringList
instanceKlass org/bouncycastle/util/Iterable
instanceKlass org/bouncycastle/util/Strings
instanceKlass javax/crypto/spec/DHParameterSpec
instanceKlass org/bouncycastle/jce/provider/BouncyCastleProviderConfiguration
instanceKlass org/bouncycastle/crypto/CryptoServiceProperties
instanceKlass org/bouncycastle/jcajce/provider/config/ProviderConfiguration
instanceKlass org/bouncycastle/jcajce/provider/util/AsymmetricKeyInfoConverter
instanceKlass javax/net/ssl/HttpsURLConnection$DefaultHostnameVerifier
instanceKlass org/conscrypt/OkHostnameVerifier
instanceKlass org/robolectric/android/internal/AndroidTestEnvironment$1
instanceKlass javax/net/ssl/TrustManagerFactorySpi
instanceKlass java/security/Provider$1
instanceKlass org/conscrypt/NativeLibraryLoader$LoadResult
instanceKlass org/conscrypt/NativeRef
instanceKlass org/conscrypt/CryptoUpcalls
instanceKlass org/conscrypt/NativeLibraryLoader$1
instanceKlass org/conscrypt/NativeLibraryUtil
instanceKlass java/io/FileOutputStream$1
instanceKlass jdk/internal/misc/ThreadTracker
instanceKlass jdk/internal/event/EventHelper$ThreadTrackHolder
instanceKlass java/nio/file/attribute/PosixFileAttributeView
instanceKlass java/nio/file/attribute/FileOwnerAttributeView
instanceKlass org/conscrypt/NativeLibraryLoader
instanceKlass org/conscrypt/HostProperties
instanceKlass org/conscrypt/NativeCryptoJni
instanceKlass org/conscrypt/NativeCrypto
instanceKlass org/conscrypt/ConscryptHostnameVerifier
instanceKlass javax/net/ssl/SSLSession
instanceKlass javax/net/SocketFactory
instanceKlass org/conscrypt/SSLParametersImpl$PSKCallbacks
instanceKlass org/conscrypt/SSLParametersImpl$AliasChooser
instanceKlass org/conscrypt/NativeCrypto$SSLHandshakeCallbacks
instanceKlass javax/net/ssl/SSLEngine
instanceKlass org/conscrypt/Platform
instanceKlass com/sun/security/sasl/Provider$1
instanceKlass sun/security/ec/SunEC$1
instanceKlass sun/security/pkcs11/SunPKCS11$Descriptor
instanceKlass javax/security/auth/callback/CallbackHandler
instanceKlass javax/security/auth/Subject
instanceKlass sun/security/smartcardio/SunPCSC$1
instanceKlass sun/security/jgss/SunProvider$1
instanceKlass com/sun/security/sasl/gsskerb/JdkSASL$1
instanceKlass org/jcp/xml/dsig/internal/dom/XMLDSigRI$2
instanceKlass org/jcp/xml/dsig/internal/dom/XMLDSigRI$1
instanceKlass sun/security/jca/ProviderConfig$ProviderLoader
instanceKlass sun/security/jca/ProviderConfig$3
instanceKlass org/robolectric/shadows/ShadowLog
instanceKlass org/robolectric/shadows/ShadowLooper
instanceKlass org/robolectric/shadows/ShadowDisplayManagerGlobal
instanceKlass com/google/common/base/Preconditions
instanceKlass java/lang/invoke/DirectMethodHandle$1
instanceKlass org/robolectric/shadows/ShadowSystemProperties
instanceKlass android/os/SystemProperties
instanceKlass android/util/DisplayMetrics
instanceKlass org/xmlpull/v1/XmlSerializer
instanceKlass org/xmlpull/v1/XmlPullParser
instanceKlass android/content/res/Configuration$1
instanceKlass android/content/res/Configuration
instanceKlass org/robolectric/android/Bootstrap
instanceKlass androidx/test/platform/app/InstrumentationRegistry
instanceKlass android/os/Bundle$1
instanceKlass libcore/util/EmptyArray
instanceKlass android/util/MapCollections
instanceKlass org/robolectric/shadows/ShadowParcel$ByteBuffer$FakeEncodedItem
instanceKlass org/robolectric/shadows/ShadowParcel$ByteBuffer
instanceKlass jdk/internal/misc/ScopedMemoryAccess$Scope
instanceKlass org/robolectric/annotation/ReflectorObject
instanceKlass org/robolectric/annotation/RealObject
instanceKlass org/robolectric/res/android/NativeObjRegistry
instanceKlass sun/invoke/util/ValueConversions$Handles
instanceKlass java/lang/invoke/ClassSpecializer$Factory$1Var
instanceKlass sun/invoke/util/ValueConversions$1
instanceKlass java/lang/invoke/MethodHandleImpl$Makers$2
instanceKlass java/lang/invoke/MethodHandleImpl$Makers$1
instanceKlass java/lang/invoke/MethodHandleImpl$Makers
instanceKlass java/util/AbstractList$SubList$1
instanceKlass java/lang/Class$EnclosingMethodInfo
instanceKlass android/os/Parcel$1
instanceKlass android/os/ParcelFileDescriptor
instanceKlass android/util/SparseBooleanArray
instanceKlass android/util/SparseArray
instanceKlass android/util/SizeF
instanceKlass android/util/Size
instanceKlass android/util/ArrayMap
instanceKlass android/os/IInterface
instanceKlass org/robolectric/annotation/Resetter
instanceKlass org/robolectric/annotation/HiddenApi
instanceKlass android/os/IBinder
instanceKlass org/robolectric/annotation/Implements$DefaultShadowPicker
instanceKlass org/robolectric/shadow/api/ShadowPicker
instanceKlass org/robolectric/annotation/Implements
instanceKlass org/robolectric/shadows/ShadowParcel
instanceKlass android/os/Parcel
instanceKlass android/os/Parcelable$Creator
instanceKlass com/android/internal/util/XmlUtils$WriteMapCallback
instanceKlass android/os/BaseBundle
instanceKlass android/os/Parcelable
instanceKlass org/robolectric/config/ConfigurationRegistry
instanceKlass org/robolectric/DefaultTestLifecycle
instanceKlass org/robolectric/DefaultTestLifecycle
instanceKlass org/robolectric/TestLifecycle
instanceKlass org/robolectric/AndroidMetadata
instanceKlass java/util/stream/Nodes$ArrayNode
instanceKlass androidx/sqlite/db/SupportSQLiteDatabase
instanceKlass io/github/thatsfguy/reticulum/android/storage/LinkedNameRepairTest
instanceKlass sun/net/DefaultProgressMeteringPolicy
instanceKlass sun/net/ProgressMeteringPolicy
instanceKlass sun/net/ProgressMonitor
instanceKlass org/robolectric/shadow/api/Shadow
instanceKlass sun/invoke/util/VerifyAccess$1
instanceKlass org/robolectric/internal/bytecode/InvokeDynamicSupport
instanceKlass org/robolectric/internal/bytecode/RobolectricInternals
instanceKlass org/robolectric/internal/bytecode/ShadowWrangler$ShadowMetadata
instanceKlass org/robolectric/internal/bytecode/ShadowInfo
instanceKlass org/robolectric/internal/bytecode/ShadowWrangler$1
instanceKlass org/robolectric/internal/bytecode/ShadowWrangler
instanceKlass org/robolectric/annotation/Implementation
instanceKlass org/robolectric/android/AndroidSdkShadowMatcher
instanceKlass sun/invoke/util/ValueConversions$WrapperCache
instanceKlass java/lang/invoke/MethodHandles$1
instanceKlass java/lang/invoke/SwitchPoint
instanceKlass org/robolectric/internal/bytecode/ShadowInvalidator
instanceKlass org/robolectric/internal/bytecode/ShadowMap$Builder
instanceKlass sun/nio/fs/UnixFileModeAttribute$1
instanceKlass sun/nio/fs/UnixFileModeAttribute
instanceKlass java/nio/file/attribute/PosixFilePermissions$1
instanceKlass java/util/RegularEnumSet$EnumSetIterator
instanceKlass java/nio/file/attribute/PosixFilePermissions
instanceKlass java/nio/file/TempFileHelper$PosixPermissions
instanceKlass sun/nio/fs/LinuxFileSystem$SupportedFileFileAttributeViewsHolder
instanceKlass java/nio/file/TempFileHelper
instanceKlass java/nio/file/FileVisitor
instanceKlass com/google/common/base/Supplier
instanceKlass org/robolectric/util/TempDirectory
instanceKlass org/robolectric/RuntimeEnvironment
instanceKlass org/robolectric/pluginapi/TestEnvironmentLifecyclePlugin
instanceKlass org/robolectric/res/ResourceTable
instanceKlass android/content/ComponentCallbacks2
instanceKlass android/content/ComponentCallbacks
instanceKlass android/content/Context
instanceKlass android/app/Instrumentation
instanceKlass org/robolectric/util/Scheduler
instanceKlass org/bouncycastle/jcajce/provider/config/ConfigurableProvider
instanceKlass java/security/spec/DSAParameterSpec
instanceKlass java/security/interfaces/DSAParams
instanceKlass java/security/interfaces/DSAPrivateKey
instanceKlass java/security/Timestamp
instanceKlass sun/security/timestamp/TimestampToken
instanceKlass sun/security/pkcs/ESSCertId
instanceKlass sun/security/pkcs/SigningCertificateInfo
instanceKlass sun/security/x509/AccessDescription
instanceKlass sun/security/x509/DNSName
instanceKlass sun/security/x509/URIName
instanceKlass sun/security/x509/GeneralName
instanceKlass sun/security/x509/DistributionPoint
instanceKlass sun/security/x509/CertificatePolicyId
instanceKlass sun/security/x509/PolicyInformation
instanceKlass sun/security/pkcs/PKCS9Attributes
instanceKlass java/security/interfaces/DSAPublicKey
instanceKlass java/security/interfaces/DSAKey
instanceKlass java/security/spec/DSAPublicKeySpec
instanceKlass java/security/AlgorithmParametersSpi
instanceKlass java/security/AlgorithmParameters
instanceKlass sun/security/util/MemoryCache$QueueCacheEntry
instanceKlass javax/net/ssl/HostnameVerifier
instanceKlass sun/security/util/ManifestEntryVerifier$SunProviderHolder
instanceKlass java/util/Base64$Encoder
instanceKlass java/util/Base64$Decoder
instanceKlass java/util/Base64
instanceKlass javax/crypto/SecretKey
instanceKlass sun/security/util/Length
instanceKlass sun/security/util/KeyUtil
instanceKlass java/security/interfaces/XECKey
instanceKlass java/security/interfaces/ECKey
instanceKlass sun/security/util/JarConstraintsParameters
instanceKlass sun/security/util/ConstraintsParameters
instanceKlass java/security/cert/CertPath
instanceKlass java/math/MutableBigInteger
instanceKlass sun/security/rsa/RSAPadding
instanceKlass sun/security/rsa/RSACore
instanceKlass java/security/interfaces/RSAPrivateCrtKey
instanceKlass sun/security/pkcs/PKCS8Key
instanceKlass java/security/interfaces/RSAPrivateKey
instanceKlass java/security/PrivateKey
instanceKlass javax/security/auth/Destroyable
instanceKlass java/security/Signature$1
instanceKlass jdk/internal/access/JavaSecuritySignatureAccess
instanceKlass java/security/SignatureSpi
instanceKlass jdk/internal/icu/util/CodePointTrie$Data
instanceKlass jdk/internal/icu/util/CodePointTrie$1
instanceKlass jdk/internal/icu/util/CodePointMap
instanceKlass jdk/internal/icu/util/VersionInfo
instanceKlass jdk/internal/module/SystemModuleFinders
instanceKlass jdk/internal/icu/impl/ICUBinary$1
instanceKlass jdk/internal/icu/impl/ICUBinary
instanceKlass jdk/internal/icu/impl/NormalizerImpl$IsAcceptable
instanceKlass jdk/internal/icu/impl/ICUBinary$Authenticate
instanceKlass jdk/internal/icu/impl/NormalizerImpl
instanceKlass jdk/internal/icu/impl/Norm2AllModes$Norm2AllModesSingleton
instanceKlass jdk/internal/icu/impl/Norm2AllModes$NFKCSingleton
instanceKlass jdk/internal/icu/impl/Norm2AllModes
instanceKlass jdk/internal/icu/text/Normalizer2
instanceKlass jdk/internal/icu/text/NormalizerBase$ModeImpl
instanceKlass jdk/internal/icu/text/NormalizerBase$NFKDModeImpl
instanceKlass jdk/internal/icu/text/NormalizerBase$1
instanceKlass jdk/internal/icu/text/NormalizerBase$Mode
instanceKlass jdk/internal/icu/text/NormalizerBase
instanceKlass java/text/Normalizer
instanceKlass sun/security/pkcs/PKCS9Attribute
instanceKlass sun/security/x509/AVAKeyword
instanceKlass sun/security/util/SignatureUtil
instanceKlass java/time/Instant
instanceKlass java/time/zone/ZoneOffsetTransition
instanceKlass java/time/LocalTime
instanceKlass java/time/temporal/ValueRange
instanceKlass java/time/Duration
instanceKlass java/time/temporal/TemporalAmount
instanceKlass java/time/temporal/TemporalUnit
instanceKlass java/time/temporal/TemporalField
instanceKlass java/time/LocalDate
instanceKlass java/time/chrono/ChronoLocalDate
instanceKlass java/time/ZonedDateTime
instanceKlass java/time/chrono/ChronoZonedDateTime
instanceKlass java/time/LocalDateTime
instanceKlass java/time/chrono/ChronoLocalDateTime
instanceKlass java/time/temporal/Temporal
instanceKlass java/time/zone/ZoneOffsetTransitionRule
instanceKlass java/time/zone/ZoneRules
instanceKlass java/time/temporal/TemporalAdjuster
instanceKlass java/time/temporal/TemporalAccessor
instanceKlass java/time/ZoneId
instanceKlass sun/security/util/DisabledAlgorithmConstraints$Constraints$Holder
instanceKlass sun/security/util/DisabledAlgorithmConstraints$1
instanceKlass sun/security/util/DisabledAlgorithmConstraints$Constraint
instanceKlass java/security/spec/ECFieldF2m
instanceKlass java/security/spec/ECParameterSpec
instanceKlass java/security/spec/ECPoint
instanceKlass java/security/spec/EllipticCurve
instanceKlass java/security/spec/ECFieldFp
instanceKlass java/security/spec/ECField
instanceKlass sun/security/util/CurveDB
instanceKlass sun/security/util/DisabledAlgorithmConstraints$Constraints
instanceKlass sun/security/util/AbstractAlgorithmConstraints$1
instanceKlass sun/security/util/AlgorithmDecomposer
instanceKlass sun/security/util/DisabledAlgorithmConstraints$JarHolder
instanceKlass java/util/regex/ASCII
instanceKlass sun/security/pkcs/SignerInfo
instanceKlass jdk/internal/event/EventHelper
instanceKlass sun/security/jca/JCAUtil
instanceKlass sun/security/util/MemoryCache$CacheEntry
instanceKlass sun/security/x509/X509AttributeName
instanceKlass sun/security/x509/GeneralNames
instanceKlass sun/security/x509/KeyIdentifier
instanceKlass sun/security/x509/OIDMap$OIDInfo
instanceKlass sun/security/x509/PKIXExtensions
instanceKlass sun/security/x509/OIDMap
instanceKlass sun/security/x509/Extension
instanceKlass java/security/cert/Extension
instanceKlass sun/security/x509/CertificateExtensions
instanceKlass sun/security/rsa/RSAUtil
instanceKlass sun/security/util/IOUtils
instanceKlass java/security/interfaces/RSAPublicKey
instanceKlass java/security/interfaces/RSAKey
instanceKlass java/security/spec/PSSParameterSpec
instanceKlass java/security/spec/AlgorithmParameterSpec
instanceKlass java/security/spec/RSAPrivateKeySpec
instanceKlass java/security/spec/RSAPublicKeySpec
instanceKlass java/security/KeyFactorySpi
instanceKlass sun/security/rsa/SunRsaSignEntries
instanceKlass sun/security/jca/ProviderList$ServiceList$1
instanceKlass java/security/KeyFactory
instanceKlass java/security/spec/EncodedKeySpec$1
instanceKlass jdk/internal/access/JavaSecuritySpecAccess
instanceKlass java/security/spec/EncodedKeySpec
instanceKlass java/security/spec/KeySpec
instanceKlass sun/security/util/BitArray
instanceKlass sun/security/x509/X509Key
instanceKlass java/security/PublicKey
instanceKlass java/security/Key
instanceKlass sun/security/x509/CertificateX509Key
instanceKlass sun/security/x509/CertificateValidity
instanceKlass sun/security/x509/AVA
instanceKlass sun/security/x509/RDN
instanceKlass javax/security/auth/x500/X500Principal
instanceKlass sun/security/x509/X500Name$1
instanceKlass sun/security/x509/X500Name
instanceKlass sun/security/x509/GeneralNameInterface
instanceKlass sun/security/x509/CertificateAlgorithmId
instanceKlass sun/security/x509/SerialNumber
instanceKlass sun/security/x509/CertificateSerialNumber
instanceKlass sun/security/x509/CertificateVersion
instanceKlass sun/security/x509/X509CertInfo
instanceKlass sun/security/x509/CertAttrSet
instanceKlass sun/security/util/Cache$EqualByteArray
instanceKlass java/security/cert/X509Extension
instanceKlass sun/security/util/Cache
instanceKlass java/security/cert/CertificateFactorySpi
instanceKlass java/security/cert/CertificateFactory
instanceKlass sun/security/x509/AlgorithmId
instanceKlass sun/security/util/ByteArrayTagOrder
instanceKlass sun/security/util/ByteArrayLexOrder
instanceKlass sun/security/util/DerEncoder
instanceKlass sun/security/util/DerValue
instanceKlass sun/security/util/ObjectIdentifier
instanceKlass sun/security/pkcs/ContentInfo
instanceKlass sun/security/util/DerInputStream
instanceKlass sun/security/pkcs/PKCS7
instanceKlass sun/security/util/ManifestDigester$Section
instanceKlass sun/security/util/ManifestDigester$Entry
instanceKlass sun/security/util/ManifestDigester$Position
instanceKlass sun/security/util/ManifestDigester
instanceKlass sun/security/util/ManifestEntryVerifier
instanceKlass java/security/CodeSigner
instanceKlass java/util/jar/JarVerifier
instanceKlass java/util/concurrent/FutureTask$WaitNode
instanceKlass java/util/concurrent/FutureTask
instanceKlass java/util/concurrent/RunnableFuture
instanceKlass java/util/concurrent/Future
instanceKlass org/robolectric/Shadows
instanceKlass org/robolectric/android/internal/AndroidTestEnvironment
instanceKlass org/robolectric/annotation/internal/Instrument
instanceKlass org/objectweb/asm/Context
instanceKlass org/objectweb/asm/Attribute
instanceKlass org/robolectric/annotation/internal/DoNotInstrument
instanceKlass org/objectweb/asm/ClassReader
instanceKlass org/robolectric/internal/bytecode/InstrumentedInterface
instanceKlass org/robolectric/internal/bytecode/ShadowedObject
instanceKlass org/robolectric/internal/bytecode/ClassDetails
instanceKlass java/net/URLClassLoader$2
instanceKlass java/util/concurrent/Executors$DelegatedExecutorService
instanceKlass com/google/common/collect/ImmutableCollection$Builder
instanceKlass sun/nio/fs/UnixUriUtils
instanceKlass java/io/RandomAccessFile$1
instanceKlass org/robolectric/internal/dependency/MavenJarArtifact
instanceKlass sun/nio/ch/FileKey
instanceKlass sun/nio/ch/FileLockTable
instanceKlass java/nio/channels/FileLock
instanceKlass sun/nio/ch/NativeThreadSet
instanceKlass java/nio/file/attribute/FileAttribute
instanceKlass java/nio/channels/SeekableByteChannel
instanceKlass org/robolectric/internal/dependency/DependencyJar
instanceKlass org/robolectric/internal/bytecode/ClassNodeProvider
instanceKlass org/robolectric/android/internal/AndroidTestEnvironment
instanceKlass org/robolectric/internal/TestEnvironment
instanceKlass org/robolectric/internal/AndroidSandbox$TestEnvironmentSpec
instanceKlass org/robolectric/ApkLoader
instanceKlass javax/inject/Qualifier
instanceKlass org/robolectric/internal/SandboxManager$SandboxKey
instanceKlass java/util/Collections$UnmodifiableMap$UnmodifiableEntrySet$UnmodifiableEntry
instanceKlass java/util/Collections$UnmodifiableMap$UnmodifiableEntrySet$1
instanceKlass org/robolectric/internal/bytecode/TypeMapper
instanceKlass java/util/HashMap$HashMapSpliterator
instanceKlass org/robolectric/internal/bytecode/SandboxConfig
instanceKlass com/google/common/base/NullnessCasts
instanceKlass com/google/common/base/AbstractIterator$1
instanceKlass com/google/common/base/Splitter$5
instanceKlass com/google/common/base/AbstractIterator
instanceKlass com/google/common/base/Splitter$1
instanceKlass com/google/common/base/CharMatcher
instanceKlass com/google/common/base/Predicate
instanceKlass com/google/common/base/Splitter$Strategy
instanceKlass com/google/common/base/Splitter
instanceKlass org/robolectric/internal/bytecode/InstrumentationConfiguration$Builder
instanceKlass java/util/regex/IntHashSet
instanceKlass java/util/regex/Matcher
instanceKlass java/util/regex/MatchResult
instanceKlass org/junit/runners/ParentRunner$4
instanceKlass org/junit/runner/notification/RunNotifier$SafeNotifier
instanceKlass org/junit/internal/runners/model/EachTestNotifier
instanceKlass org/junit/runner/notification/RunListener$ThreadSafe
instanceKlass org/junit/runner/notification/RunNotifier
instanceKlass org/junit/runner/OrderWith
instanceKlass java/util/Formattable
instanceKlass java/util/Formatter$FixedString
instanceKlass java/util/Formatter$Flags
instanceKlass java/util/Formatter$FormatSpecifier
instanceKlass java/util/Formatter$FormatString
instanceKlass java/util/Formatter$Conversion
instanceKlass java/util/Formatter
instanceKlass com/google/common/collect/Lists
instanceKlass org/gradle/internal/io/StreamByteBuffer$StreamByteBufferChunk
instanceKlass org/gradle/internal/io/StreamByteBuffer
instanceKlass org/robolectric/manifest/AndroidManifest
instanceKlass org/robolectric/internal/ManifestIdentifier
instanceKlass org/robolectric/internal/MavenManifestFactory
instanceKlass org/robolectric/plugins/HierarchicalConfigurationStrategy$ConfigurationImpl
instanceKlass org/robolectric/annotation/GetInstallerPackageNameMode
instanceKlass org/robolectric/plugins/HierarchicalConfigurationStrategy$GetConfig
instanceKlass org/robolectric/plugins/HierarchicalConfigurationStrategy$Counter
instanceKlass java/util/regex/Pattern$BitClass
instanceKlass org/junit/runner/Description
instanceKlass org/robolectric/config/AndroidConfigurer
instanceKlass org/robolectric/annotation/TextLayoutMode
instanceKlass org/robolectric/annotation/SQLiteMode
instanceKlass org/robolectric/annotation/LooperMode
instanceKlass org/robolectric/annotation/experimental/LazyApplication
instanceKlass org/robolectric/annotation/GraphicsMode
instanceKlass org/robolectric/annotation/ConscryptMode
instanceKlass org/robolectric/plugins/PackagePropertiesLoader
instanceKlass org/robolectric/plugins/GetInstallerPackageNameModeConfigurer
instanceKlass org/robolectric/plugins/config/SingleValueConfigurer
instanceKlass org/robolectric/plugins/ConfigConfigurer
instanceKlass java/lang/reflect/AnnotatedArrayType
instanceKlass sun/reflect/generics/reflectiveObjects/GenericArrayTypeImpl
instanceKlass sun/reflect/generics/tree/ArrayTypeSignature
instanceKlass sun/reflect/generics/tree/Wildcard
instanceKlass sun/reflect/generics/tree/BottomSignature
instanceKlass org/robolectric/pluginapi/config/Configurer
instanceKlass org/robolectric/pluginapi/config/ConfigurationStrategy$Configuration
instanceKlass org/robolectric/plugins/HierarchicalConfigurationStrategy
instanceKlass org/robolectric/pluginapi/config/ConfigurationStrategy
instanceKlass javax/inject/Named
instanceKlass javax/annotation/meta/TypeQualifier
instanceKlass javax/annotation/Nonnull
instanceKlass org/robolectric/plugins/DefaultSdkPicker
instanceKlass org/robolectric/pluginapi/SdkPicker
instanceKlass com/google/common/util/concurrent/AsyncCallable
instanceKlass org/robolectric/internal/dependency/MavenArtifactFetcher
instanceKlass com/google/common/base/CommonPattern
instanceKlass com/google/common/base/Platform$JdkPatternCompiler
instanceKlass com/google/common/base/PatternCompiler
instanceKlass com/google/common/base/Platform
instanceKlass com/google/common/base/Strings
instanceKlass java/util/concurrent/Executors$DefaultThreadFactory
instanceKlass org/robolectric/MavenRoboSettings
instanceKlass org/robolectric/util/ReflectionHelpers
instanceKlass org/robolectric/util/ReflectionHelpers$ClassParameter
instanceKlass org/robolectric/internal/dependency/MavenDependencyResolver
instanceKlass org/robolectric/plugins/LegacyDependencyResolver$MaybeAClassLoader
instanceKlass org/robolectric/plugins/LegacyDependencyResolver$DefinitelyNotAClassLoader
instanceKlass org/robolectric/plugins/LegacyDependencyResolver
instanceKlass org/robolectric/internal/dependency/DependencyResolver
instanceKlass javax/annotation/Priority
instanceKlass org/robolectric/plugins/DefaultSdkProvider
instanceKlass org/robolectric/pluginapi/SdkProvider
instanceKlass com/google/common/math/IntMath$1
instanceKlass com/google/common/math/MathPreconditions
instanceKlass com/google/common/math/IntMath
instanceKlass com/google/common/collect/ImmutableSet$SetBuilderImpl
instanceKlass com/google/common/collect/Sets
instanceKlass org/robolectric/shadow/api/Shadow
instanceKlass org/robolectric/internal/bytecode/RobolectricInternals
instanceKlass org/robolectric/pluginapi/Sdk
instanceKlass org/robolectric/internal/bytecode/InstrumentationConfiguration
instanceKlass org/robolectric/plugins/SdkCollection
instanceKlass org/robolectric/internal/SandboxManager$SandboxBuilder
instanceKlass org/robolectric/internal/SandboxManager
instanceKlass org/robolectric/annotation/Config$Implementation
instanceKlass android/content/Context
instanceKlass android/content/ComponentCallbacks2
instanceKlass android/content/ComponentCallbacks
instanceKlass org/robolectric/annotation/Config$Builder
instanceKlass org/robolectric/RobolectricTestRunner$DeprecatedTestRunnerDefaultConfigProvider
instanceKlass org/robolectric/pluginapi/config/GlobalConfigProvider
instanceKlass org/robolectric/util/inject/Injector$ArrayProvider
instanceKlass org/robolectric/pluginapi/perf/PerfStatsReporter
instanceKlass org/robolectric/sandbox/AlwaysTrueShadowMatcher
instanceKlass org/robolectric/internal/bytecode/ClassHandler
instanceKlass org/robolectric/util/inject/Injector$ScopeBuilderProvider
instanceKlass org/robolectric/internal/bytecode/ClassHandlerBuilder
instanceKlass com/google/common/collect/Hashing
instanceKlass com/google/common/collect/AbstractMapBasedMultimap$WrappedCollection$WrappedIterator
instanceKlass com/google/common/collect/AbstractMapBasedMultimap$AsMap$AsMapIterator
instanceKlass com/google/common/collect/ImmutableMap$Builder
instanceKlass org/robolectric/util/Logger
instanceKlass com/google/common/collect/PeekingIterator
instanceKlass com/google/common/collect/Iterators
instanceKlass com/google/common/collect/CollectPreconditions
instanceKlass com/google/common/collect/Maps$EntryTransformer
instanceKlass com/google/common/base/Converter
instanceKlass com/google/common/collect/SortedMapDifference
instanceKlass com/google/common/collect/MapDifference
instanceKlass com/google/common/collect/Maps
instanceKlass com/google/common/collect/Platform
instanceKlass com/google/common/collect/AbstractMapEntry
instanceKlass com/google/common/collect/BiMap
instanceKlass com/google/common/collect/ImmutableMap
instanceKlass com/google/common/collect/Multiset
instanceKlass com/google/common/collect/AbstractMultimap
instanceKlass com/google/common/collect/ListMultimap
instanceKlass com/google/common/collect/Multimap
instanceKlass org/robolectric/internal/bytecode/ShadowMap
instanceKlass com/google/common/collect/ObjectArrays
instanceKlass com/google/common/base/Function
instanceKlass com/google/common/collect/Iterables
instanceKlass com/google/common/base/Preconditions
instanceKlass com/google/common/collect/UnmodifiableIterator
instanceKlass org/robolectric/util/inject/Supercedes
instanceKlass org/robolectric/Shadows
instanceKlass java/nio/charset/CoderResult
instanceKlass java/nio/charset/CharsetDecoder
instanceKlass java/nio/charset/StandardCharsets
instanceKlass sun/nio/fs/UnixFileKey
instanceKlass sun/net/www/protocol/jar/JarFileFactory
instanceKlass sun/net/www/protocol/jar/URLJarFile$URLJarFileCloseController
instanceKlass org/robolectric/util/inject/Injector$ListProvider
instanceKlass java/lang/reflect/AnnotatedParameterizedType
instanceKlass sun/reflect/generics/tree/TypeVariableSignature
instanceKlass org/robolectric/internal/ShadowProvider
instanceKlass sun/reflect/generics/tree/VoidDescriptor
instanceKlass org/robolectric/internal/bytecode/ShadowProviders
instanceKlass org/robolectric/util/Util
instanceKlass org/robolectric/internal/bytecode/MethodRef
instanceKlass org/robolectric/util/Function
instanceKlass org/robolectric/internal/bytecode/Interceptor
instanceKlass org/robolectric/interceptors/AndroidInterceptors
instanceKlass org/robolectric/internal/bytecode/Interceptors
instanceKlass org/robolectric/internal/bytecode/ShadowDecorator
instanceKlass org/objectweb/asm/Handle
instanceKlass org/robolectric/internal/bytecode/InvokeDynamicSupport
instanceKlass org/robolectric/internal/bytecode/ProxyMaker$MethodMapper
instanceKlass jdk/internal/vm/annotation/ForceInline
instanceKlass sun/misc/Unsafe
instanceKlass org/robolectric/internal/bytecode/ProxyMaker$Factory
instanceKlass org/robolectric/internal/bytecode/ClassValueMap
instanceKlass org/robolectric/internal/bytecode/ProxyMaker
instanceKlass org/robolectric/internal/bytecode/ShadowImpl
instanceKlass org/robolectric/internal/IShadow
instanceKlass org/objectweb/asm/Type
instanceKlass sun/reflect/annotation/TypeAnnotation$LocationInfo$Location
instanceKlass sun/reflect/annotation/TypeAnnotation$LocationInfo
instanceKlass sun/reflect/annotation/AnnotatedTypeFactory$AnnotatedTypeBaseImpl
instanceKlass sun/reflect/annotation/AnnotatedTypeFactory
instanceKlass java/lang/reflect/AnnotatedType
instanceKlass sun/reflect/annotation/TypeAnnotation
instanceKlass sun/reflect/annotation/TypeAnnotationParser
instanceKlass javax/inject/Inject
instanceKlass org/objectweb/asm/tree/AbstractInsnNode
instanceKlass org/objectweb/asm/ClassVisitor
instanceKlass org/objectweb/asm/commons/Remapper
instanceKlass org/robolectric/internal/bytecode/ClassInstrumentor$Decorator
instanceKlass org/robolectric/util/inject/Injector$MemoizingProvider
instanceKlass java/util/Collections$ReverseComparator2
instanceKlass java/util/Collections$ReverseComparator
instanceKlass org/robolectric/pluginapi/perf/Metric
instanceKlass org/robolectric/util/PerfStatsCollector$MetricKey
instanceKlass org/robolectric/util/PerfStatsCollector$Event
instanceKlass org/robolectric/util/PerfStatsCollector$ThrowingSupplier
instanceKlass org/robolectric/util/Clock
instanceKlass org/robolectric/util/PerfStatsCollector
instanceKlass org/robolectric/util/inject/AutoFactory
instanceKlass org/robolectric/internal/bytecode/ClassInstrumentor
instanceKlass org/junit/Assert
instanceKlass kotlin/annotation/MustBeDocumented
instanceKlass kotlin/collections/AbstractList$Companion
instanceKlass kotlin/collections/AbstractCollection
instanceKlass kotlin/jvm/internal/Intrinsics
instanceKlass kotlin/enums/EnumEntriesKt
instanceKlass kotlin/enums/EnumEntries
instanceKlass kotlin/jvm/internal/markers/KMappedMarker
instanceKlass org/junit/validator/ValidateWith
instanceKlass org/junit/internal/runners/rules/RuleMemberValidator$MethodMustBeARule
instanceKlass org/junit/internal/runners/rules/RuleMemberValidator$MethodMustBeATestRule
instanceKlass org/junit/internal/runners/rules/RuleMemberValidator$FieldMustBeARule
instanceKlass org/junit/internal/runners/rules/RuleMemberValidator$MemberMustBeNonStaticOrAlsoClassRule
instanceKlass org/junit/Rule
instanceKlass org/junit/internal/runners/rules/RuleMemberValidator$FieldMustBeATestRule
instanceKlass org/junit/internal/runners/rules/RuleMemberValidator$MemberMustBePublic
instanceKlass org/junit/internal/runners/rules/RuleMemberValidator$MemberMustBeStatic
instanceKlass org/junit/internal/runners/rules/RuleMemberValidator$DeclaringClassMustBePublic
instanceKlass org/junit/ClassRule
instanceKlass org/junit/internal/runners/rules/RuleMemberValidator$Builder
instanceKlass org/junit/internal/runners/rules/RuleMemberValidator$RuleValidator
instanceKlass org/junit/internal/runners/rules/RuleMemberValidator
instanceKlass org/junit/AfterClass
instanceKlass java/lang/annotation/Documented
instanceKlass java/lang/Deprecated
instanceKlass jdk/internal/vm/annotation/IntrinsicCandidate
instanceKlass org/junit/Test
instanceKlass org/junit/BeforeClass
instanceKlass org/junit/Before
instanceKlass org/junit/After
instanceKlass androidx/sqlite/db/SupportSQLiteDatabase
instanceKlass org/junit/FixMethodOrder
instanceKlass org/junit/internal/MethodSorter$2
instanceKlass org/junit/internal/MethodSorter$1
instanceKlass org/junit/internal/MethodSorter
instanceKlass org/junit/runners/model/TestClass$MethodComparator
instanceKlass org/junit/runners/model/TestClass$FieldComparator
instanceKlass org/junit/runners/model/FrameworkMember
instanceKlass org/junit/runners/model/TestClass
instanceKlass org/junit/runners/model/Annotatable
instanceKlass org/junit/runners/ParentRunner$1
instanceKlass org/robolectric/util/inject/Injector$Key
instanceKlass javax/inject/Provider
instanceKlass org/robolectric/util/inject/Injector
instanceKlass java/io/Reader
instanceKlass java/lang/Readable
instanceKlass org/robolectric/util/inject/PluginFinder$ServiceFinderAdapter
instanceKlass org/robolectric/util/inject/PluginFinder
instanceKlass org/robolectric/util/inject/Injector$Builder
instanceKlass org/junit/validator/PublicClassValidator
instanceKlass org/junit/validator/AnnotationValidatorFactory
instanceKlass org/junit/validator/AnnotationsValidator$AnnotatableValidator
instanceKlass org/junit/validator/AnnotationsValidator
instanceKlass org/robolectric/internal/ManifestFactory
instanceKlass org/robolectric/internal/bytecode/Sandbox
instanceKlass org/robolectric/annotation/Config
instanceKlass org/robolectric/sandbox/ShadowMatcher
instanceKlass org/robolectric/pluginapi/UsesSdk
instanceKlass org/robolectric/internal/bytecode/ResourceProvider
instanceKlass org/junit/validator/TestClassValidator
instanceKlass org/junit/runners/model/RunnerScheduler
instanceKlass org/hamcrest/SelfDescribing
instanceKlass org/junit/runners/model/MemberValueConsumer
instanceKlass org/junit/runners/model/Statement
instanceKlass java/lang/Class$AnnotationData
instanceKlass kotlin/annotation/Target
instanceKlass kotlin/annotation/Retention
instanceKlass kotlin/Metadata
instanceKlass java/lang/annotation/Target
instanceKlass sun/reflect/annotation/AnnotationInvocationHandler
instanceKlass sun/reflect/annotation/AnnotationParser$1
instanceKlass sun/reflect/annotation/ExceptionProxy
instanceKlass java/lang/annotation/Inherited
instanceKlass java/lang/annotation/Retention
instanceKlass sun/reflect/annotation/AnnotationType$1
instanceKlass sun/reflect/annotation/AnnotationType
instanceKlass java/lang/reflect/GenericArrayType
instanceKlass org/junit/runner/RunWith
instanceKlass org/junit/Ignore
instanceKlass org/junit/runner/manipulation/Orderable
instanceKlass org/junit/runner/manipulation/Sortable
instanceKlass org/junit/runner/manipulation/Filterable
instanceKlass org/junit/runners/model/RunnerBuilder
instanceKlass org/junit/runner/Request
instanceKlass io/github/thatsfguy/reticulum/android/storage/LinkedNameRepairTest
instanceKlass org/junit/runner/Runner
instanceKlass org/junit/runner/Describable
instanceKlass org/gradle/api/internal/tasks/testing/junit/JUnitTestClassExecutor
instanceKlass java/util/regex/Pattern$TreeInfo
instanceKlass java/util/regex/CharPredicates
instanceKlass java/util/regex/Pattern$BmpCharPredicate
instanceKlass java/util/regex/Pattern$CharPredicate
instanceKlass java/util/regex/Pattern$Node
instanceKlass java/util/regex/Pattern
instanceKlass org/gradle/api/internal/tasks/testing/failure/DefaultThrowableToTestFailureMapper
instanceKlass org/gradle/api/internal/tasks/testing/failure/ThrowableToTestFailureMapper
instanceKlass org/gradle/api/internal/tasks/testing/failure/TestFailureMapper
instanceKlass org/gradle/api/internal/tasks/testing/worker/TestWorker$2
instanceKlass org/gradle/internal/serialize/DefaultSerializerRegistry$TypeInfo
instanceKlass java/util/AbstractList$Itr
instanceKlass org/gradle/internal/actor/internal/DefaultActorFactory$BlockingActor
instanceKlass org/gradle/api/internal/tasks/testing/junit/TestClassExecutionEventGenerator
instanceKlass org/gradle/api/internal/tasks/testing/junit/TestClassExecutionListener
instanceKlass org/gradle/api/internal/tasks/testing/processors/TestOutputRedirector$Forwarder
instanceKlass org/gradle/api/internal/tasks/testing/processors/TestOutputRedirector
instanceKlass org/apache/commons/lang/StringUtils
instanceKlass org/gradle/api/internal/tasks/testing/processors/DefaultStandardOutputRedirector$WriteAction
instanceKlass org/gradle/api/internal/tasks/testing/processors/DefaultStandardOutputRedirector
instanceKlass org/gradle/api/internal/tasks/testing/processors/CaptureTestOutputTestResultProcessor
instanceKlass org/gradle/internal/remote/internal/hub/DefaultMethodArgsSerializer$ArraySerializer
instanceKlass org/gradle/api/internal/tasks/testing/results/AttachParentTestResultProcessor
instanceKlass java/util/AbstractMap$SimpleImmutableEntry
instanceKlass org/gradle/api/internal/tasks/testing/worker/TestWorker$1
instanceKlass java/util/concurrent/ConcurrentSkipListMap$Iter
instanceKlass org/gradle/internal/remote/internal/hub/queue/MultiEndPointQueue$1
instanceKlass org/gradle/internal/remote/internal/hub/DefaultMethodArgsSerializer$EmptyArraySerializer
instanceKlass org/gradle/internal/remote/internal/hub/MethodInvocationSerializer$MethodDetails
instanceKlass sun/nio/ch/IOStatus
instanceKlass java/nio/channels/spi/AbstractSelector$1
instanceKlass org/gradle/internal/remote/internal/hub/MessageHub$ConnectionReceive
instanceKlass org/gradle/internal/remote/internal/hub/MessageHub$ConnectionDispatch
instanceKlass org/gradle/internal/remote/internal/hub/ConnectionState
instanceKlass org/gradle/internal/serialize/kryo/TypeSafeSerializer$2
instanceKlass org/gradle/internal/remote/internal/hub/MethodInvocationSerializer$MethodInvocationWriter
instanceKlass org/gradle/internal/remote/internal/hub/InterHubMessageSerializer$MessageWriter
instanceKlass org/gradle/internal/serialize/AbstractEncoder
instanceKlass org/gradle/internal/serialize/kryo/TypeSafeSerializer$1
instanceKlass org/gradle/internal/remote/internal/hub/MethodInvocationSerializer$MethodInvocationReader
instanceKlass org/gradle/internal/remote/internal/hub/InterHubMessageSerializer$MessageReader
instanceKlass org/gradle/internal/remote/internal/inet/SocketInetAddress$Serializer
instanceKlass org/gradle/internal/remote/internal/inet/SocketInetAddress
instanceKlass org/gradle/internal/io/BufferCaster
instanceKlass java/lang/invoke/ConstantBootstraps
instanceKlass java/nio/channels/SelectionKey
instanceKlass sun/nio/ch/EventFD
instanceKlass sun/nio/ch/EPoll
instanceKlass sun/nio/ch/Util$2
instanceKlass sun/nio/ch/Util
instanceKlass java/nio/channels/Selector
instanceKlass java/nio/DirectByteBuffer$Deallocator
instanceKlass org/gradle/internal/serialize/FlushableEncoder
instanceKlass org/gradle/internal/remote/internal/KryoBackedMessageSerializer
instanceKlass org/gradle/internal/serialize/Encoder
instanceKlass org/gradle/internal/remote/internal/inet/SocketConnection
instanceKlass org/gradle/internal/remote/internal/hub/MethodInvocationSerializer
instanceKlass java/util/concurrent/ForkJoinPool$WorkQueue
instanceKlass java/util/concurrent/ForkJoinPool$DefaultCommonPoolForkJoinWorkerThreadFactory
instanceKlass java/util/concurrent/ForkJoinPool$1
instanceKlass org/gradle/internal/serialize/kryo/TypeSafeSerializer
instanceKlass java/util/concurrent/ForkJoinPool$DefaultForkJoinWorkerThreadFactory
instanceKlass java/util/concurrent/ForkJoinPool$ForkJoinWorkerThreadFactory
instanceKlass org/gradle/internal/serialize/ObjectWriter
instanceKlass org/gradle/internal/serialize/ObjectReader
instanceKlass org/gradle/internal/remote/internal/hub/InterHubMessageSerializer
instanceKlass org/gradle/internal/remote/internal/hub/JavaSerializationBackedMethodArgsSerializer
instanceKlass org/gradle/internal/remote/internal/hub/DefaultMethodArgsSerializer
instanceKlass org/gradle/internal/concurrent/AbstractManagedExecutor$1
instanceKlass org/gradle/internal/remote/internal/hub/MessageHub$Handler
instanceKlass org/gradle/internal/remote/internal/hub/queue/EndPointQueue
instanceKlass org/gradle/internal/remote/internal/hub/MessageHubBackedObjectConnection$DispatchWrapper
instanceKlass org/gradle/api/tasks/testing/TestFailureDetails
instanceKlass org/gradle/api/internal/tasks/testing/worker/TestEventSerializer$DefaultTestFailureSerializer
instanceKlass org/gradle/api/tasks/testing/TestFailure
instanceKlass org/gradle/api/internal/tasks/testing/worker/TestEventSerializer$DefaultTestOutputEventSerializer
instanceKlass org/gradle/api/internal/tasks/testing/DefaultTestOutputEvent
instanceKlass org/gradle/api/tasks/testing/TestOutputEvent
instanceKlass org/gradle/api/internal/tasks/testing/worker/TestEventSerializer$TestCompleteEventSerializer
instanceKlass org/gradle/api/internal/tasks/testing/TestCompleteEvent
instanceKlass org/gradle/api/internal/tasks/testing/worker/TestEventSerializer$NullableSerializer
instanceKlass org/gradle/api/internal/tasks/testing/worker/TestEventSerializer$TestStartEventSerializer
instanceKlass org/gradle/api/internal/tasks/testing/TestStartEvent
instanceKlass org/gradle/api/internal/tasks/testing/worker/TestEventSerializer$DefaultTestDescriptorSerializer
instanceKlass org/gradle/api/internal/tasks/testing/worker/TestEventSerializer$DefaultTestMethodDescriptorSerializer
instanceKlass org/gradle/api/internal/tasks/testing/worker/TestEventSerializer$DefaultTestClassDescriptorSerializer
instanceKlass org/gradle/api/internal/tasks/testing/worker/TestEventSerializer$WorkerTestSuiteDescriptorSerializer
instanceKlass org/gradle/api/internal/tasks/testing/worker/TestEventSerializer$DefaultTestSuiteDescriptorSerializer
instanceKlass org/gradle/api/internal/tasks/testing/worker/TestEventSerializer$DefaultNestedTestSuiteDescriptorSerializer
instanceKlass org/gradle/api/internal/tasks/testing/worker/TestEventSerializer$IdSerializer
instanceKlass org/gradle/api/internal/tasks/testing/worker/TestEventSerializer$DefaultTestClassRunInfoSerializer
instanceKlass org/gradle/api/internal/tasks/testing/DefaultTestClassRunInfo
instanceKlass org/gradle/api/internal/tasks/testing/worker/TestEventSerializer
instanceKlass org/gradle/internal/dispatch/ContextClassLoaderDispatch
instanceKlass org/gradle/internal/dispatch/ContextClassLoaderProxy
instanceKlass org/gradle/api/internal/tasks/testing/AbstractTestDescriptor
instanceKlass org/gradle/internal/id/CompositeIdGenerator$CompositeId
instanceKlass org/gradle/api/internal/tasks/testing/TestDescriptorInternal
instanceKlass org/gradle/api/tasks/testing/TestDescriptor
instanceKlass org/gradle/api/internal/tasks/testing/processors/StandardOutputRedirector
instanceKlass org/gradle/api/internal/tasks/testing/SuiteTestClassProcessor
instanceKlass org/gradle/internal/actor/Actor
instanceKlass org/gradle/internal/actor/internal/DefaultActorFactory
instanceKlass org/gradle/internal/id/LongIdGenerator
instanceKlass org/gradle/internal/id/CompositeIdGenerator
instanceKlass org/junit/runner/notification/RunListener
instanceKlass org/gradle/api/internal/tasks/testing/junit/AbstractJUnitTestClassProcessor
instanceKlass sun/reflect/generics/tree/MethodTypeSignature
instanceKlass org/gradle/internal/actor/ActorFactory
instanceKlass org/gradle/process/internal/worker/child/ActionExecutionWorker$1
instanceKlass org/gradle/process/internal/worker/child/SystemApplicationClassLoaderWorker$ContextImpl
instanceKlass org/gradle/process/internal/worker/child/ActionExecutionWorker
instanceKlass org/gradle/internal/logging/source/PrintStreamLoggingSystem$PrintStreamDestination
instanceKlass java/util/logging/ErrorManager
instanceKlass org/gradle/internal/logging/source/JavaUtilLoggingSystem$SnapshotImpl
instanceKlass org/gradle/internal/logging/config/LoggingSystemAdapter$SnapshotImpl
instanceKlass org/gradle/internal/logging/sink/OutputEventRenderer$SnapshotImpl
instanceKlass org/gradle/internal/logging/events/StyledTextOutputEvent$Span
instanceKlass org/gradle/internal/logging/events/operations/StyledTextBuildOperationProgressDetails$Span
instanceKlass org/gradle/internal/operations/logging/StyledTextBuildOperationProgressDetails$Span
instanceKlass java/util/Arrays$ArrayItr
instanceKlass org/gradle/internal/concurrent/ThreadSafe
instanceKlass org/gradle/internal/remote/internal/hub/protocol/ChannelIdentifier
instanceKlass org/gradle/internal/remote/internal/hub/MessageHub$ChannelDispatch
instanceKlass org/gradle/internal/dispatch/MethodInvocation
instanceKlass org/gradle/process/internal/worker/child/WorkerLoggingProtocol
instanceKlass org/gradle/internal/logging/serializer/LogLevelChangeEventSerializer
instanceKlass org/gradle/internal/logging/serializer/SpanSerializer
instanceKlass org/gradle/internal/serialize/AbstractCollectionSerializer
instanceKlass org/gradle/internal/logging/serializer/StyledTextOutputEventSerializer
instanceKlass java/util/concurrent/atomic/Striped64$1
instanceKlass jdk/internal/util/random/RandomSupport
instanceKlass java/util/Random
instanceKlass java/util/random/RandomGenerator
instanceKlass org/gradle/internal/serialize/DefaultSerializerRegistry$InstanceBasedSerializerFactory
instanceKlass org/gradle/internal/logging/serializer/LogEventSerializer
instanceKlass org/gradle/internal/serialize/AbstractSerializer
instanceKlass org/gradle/internal/serialize/BaseSerializerFactory
instanceKlass org/gradle/internal/serialize/DefaultSerializerRegistry$HierarchySerializerMatcher
instanceKlass org/gradle/internal/serialize/DefaultSerializerRegistry$StrictSerializerMatcher
instanceKlass org/gradle/internal/serialize/DefaultSerializerRegistry$SerializerClassMatcherStrategy
instanceKlass org/gradle/internal/serialize/DefaultSerializerRegistry$1
instanceKlass org/gradle/internal/serialize/DefaultSerializerRegistry$SerializerFactory
instanceKlass org/gradle/internal/serialize/DefaultSerializerRegistry
instanceKlass org/gradle/internal/serialize/SerializerRegistry
instanceKlass org/gradle/process/internal/worker/WorkerLoggingSerializer
instanceKlass org/gradle/internal/remote/internal/hub/MessageHubBackedObjectConnection$2
instanceKlass org/gradle/internal/concurrent/ExecutorPolicy$CatchAndRecordFailures
instanceKlass java/util/concurrent/SynchronousQueue$TransferStack$SNode
instanceKlass java/util/concurrent/SynchronousQueue$Transferer
instanceKlass java/util/concurrent/ThreadPoolExecutor$AbortPolicy
instanceKlass java/util/concurrent/RejectedExecutionHandler
instanceKlass java/util/concurrent/Executors
instanceKlass org/gradle/internal/concurrent/ThreadFactoryImpl
instanceKlass java/util/concurrent/AbstractExecutorService
instanceKlass org/gradle/internal/remote/internal/hub/ConnectionSet
instanceKlass org/gradle/internal/remote/internal/hub/protocol/Routable
instanceKlass org/gradle/internal/remote/internal/hub/queue/MultiEndPointQueue
instanceKlass org/gradle/internal/remote/internal/hub/queue/QueueInitializer
instanceKlass org/gradle/internal/remote/internal/hub/protocol/InterHubMessage
instanceKlass org/gradle/internal/remote/internal/hub/queue/MultiChannelQueue
instanceKlass org/gradle/internal/remote/internal/hub/MessageHub$Discard
instanceKlass org/gradle/internal/remote/internal/hub/StreamFailureHandler
instanceKlass org/gradle/internal/dispatch/BoundedDispatch
instanceKlass org/gradle/internal/dispatch/StreamCompletion
instanceKlass org/gradle/internal/remote/internal/hub/RejectedMessageListener
instanceKlass org/gradle/internal/remote/internal/hub/MessageHub
instanceKlass org/gradle/internal/remote/internal/hub/MessageHubBackedObjectConnection$1
instanceKlass org/gradle/internal/remote/internal/RemoteConnection
instanceKlass org/gradle/internal/remote/internal/Connection
instanceKlass org/gradle/internal/dispatch/Receive
instanceKlass org/gradle/internal/remote/internal/MessageSerializer
instanceKlass org/gradle/internal/remote/internal/inet/SocketConnectCompletion
instanceKlass sun/nio/ch/NativeThread
instanceKlass sun/net/NetHooks$Provider
instanceKlass sun/net/NetHooks
instanceKlass java/nio/channels/spi/AbstractInterruptibleChannel$1
instanceKlass sun/nio/ch/Interruptible
instanceKlass java/net/InetSocketAddress$InetSocketAddressHolder
instanceKlass sun/net/NetProperties$1
instanceKlass sun/net/NetProperties
instanceKlass java/net/SocketImpl
instanceKlass java/net/SocketOptions
instanceKlass java/net/Socket
instanceKlass jdk/net/ExtendedSocketOptions$PlatformSocketOptions$1
instanceKlass jdk/net/ExtendedSocketOptions$PlatformSocketOptions
instanceKlass jdk/net/ExtendedSocketOptions$ExtSocketOption
instanceKlass java/net/SocketOption
instanceKlass jdk/net/ExtendedSocketOptions
instanceKlass sun/net/ext/ExtendedSocketOptions
instanceKlass java/net/Inet6Address$Inet6AddressHolder
instanceKlass sun/nio/ch/Net$1
instanceKlass java/net/ProtocolFamily
instanceKlass sun/nio/ch/Net
instanceKlass sun/nio/ch/IOUtil
instanceKlass sun/nio/ch/NativeDispatcher
instanceKlass sun/nio/ch/SelChImpl
instanceKlass sun/nio/ch/DefaultSelectorProvider
instanceKlass java/nio/channels/spi/SelectorProvider$Holder
instanceKlass java/nio/channels/spi/SelectorProvider
instanceKlass java/nio/channels/spi/AbstractInterruptibleChannel
instanceKlass java/nio/channels/InterruptibleChannel
instanceKlass java/nio/channels/NetworkChannel
instanceKlass java/nio/channels/GatheringByteChannel
instanceKlass java/nio/channels/ScatteringByteChannel
instanceKlass java/nio/channels/ByteChannel
instanceKlass java/nio/channels/WritableByteChannel
instanceKlass java/nio/channels/ReadableByteChannel
instanceKlass java/nio/channels/Channel
instanceKlass org/gradle/internal/serialize/StatefulSerializer
instanceKlass org/gradle/internal/remote/internal/hub/MethodArgsSerializer
instanceKlass org/gradle/internal/classloader/ClassLoaderHierarchy
instanceKlass org/gradle/internal/remote/internal/hub/MessageHubBackedObjectConnection
instanceKlass org/gradle/internal/remote/ObjectConnection
instanceKlass org/gradle/internal/remote/ObjectConnectionBuilder
instanceKlass org/gradle/internal/remote/internal/hub/MessageHubBackedClient
instanceKlass java/net/SocketAddress
instanceKlass org/gradle/internal/remote/internal/ConnectCompletion
instanceKlass org/gradle/internal/remote/internal/inet/TcpOutgoingConnector
instanceKlass org/gradle/process/internal/worker/child/SystemApplicationClassLoaderWorker$PrintUnrecoverableErrorToFileHandler
instanceKlass java/text/DontCareFieldPosition$1
instanceKlass java/text/Format$FieldDelegate
instanceKlass java/text/DigitList
instanceKlass java/text/FieldPosition
instanceKlass java/lang/StringUTF16$CharsSpliterator
instanceKlass java/util/stream/Sink$ChainedInt
instanceKlass java/util/OptionalInt
instanceKlass java/util/stream/Sink$OfInt
instanceKlass java/util/function/IntConsumer
instanceKlass java/util/function/IntPredicate
instanceKlass java/util/stream/IntStream
instanceKlass java/lang/StringLatin1$CharsSpliterator
instanceKlass java/text/DecimalFormatSymbols
instanceKlass java/text/DateFormatSymbols
instanceKlass sun/util/calendar/CalendarUtils
instanceKlass sun/util/calendar/CalendarDate
instanceKlass sun/util/resources/Bundles$CacheKeyReference
instanceKlass java/util/ResourceBundle$ResourceBundleProviderHelper
instanceKlass sun/util/resources/Bundles$CacheKey
instanceKlass java/util/ResourceBundle$1
instanceKlass jdk/internal/access/JavaUtilResourceBundleAccess
instanceKlass sun/util/resources/Bundles
instanceKlass sun/util/resources/LocaleData$LocaleDataStrategy
instanceKlass sun/util/resources/Bundles$Strategy
instanceKlass sun/util/resources/LocaleData$1
instanceKlass sun/util/resources/LocaleData
instanceKlass sun/util/locale/provider/LocaleResources
instanceKlass java/util/ResourceBundle
instanceKlass java/util/ResourceBundle$Control
instanceKlass sun/util/locale/provider/CalendarDataUtility$CalendarWeekParameterGetter
instanceKlass sun/util/locale/provider/LocaleServiceProviderPool$LocalizedObjectGetter
instanceKlass sun/util/locale/provider/LocaleServiceProviderPool
instanceKlass java/util/Locale$Builder
instanceKlass sun/util/locale/provider/CalendarDataUtility
instanceKlass sun/util/calendar/CalendarSystem$GregorianHolder
instanceKlass sun/util/calendar/CalendarSystem
instanceKlass java/util/Calendar$Builder
instanceKlass java/util/StringTokenizer
instanceKlass sun/util/locale/provider/AvailableLanguageTags
instanceKlass sun/util/resources/cldr/provider/CLDRLocaleDataMetaInfo
instanceKlass jdk/internal/module/ModulePatcher$PatchedModuleReader
instanceKlass sun/util/locale/LocaleObjectCache
instanceKlass sun/util/locale/BaseLocale$Key
instanceKlass sun/util/locale/InternalLocaleBuilder$CaseInsensitiveChar
instanceKlass sun/util/locale/InternalLocaleBuilder
instanceKlass sun/util/locale/StringTokenIterator
instanceKlass sun/util/locale/ParseStatus
instanceKlass sun/util/locale/LanguageTag
instanceKlass sun/util/cldr/CLDRBaseLocaleDataMetaInfo
instanceKlass sun/util/locale/provider/LocaleDataMetaInfo
instanceKlass sun/util/locale/provider/ResourceBundleBasedAdapter
instanceKlass sun/util/locale/provider/LocaleProviderAdapter$1
instanceKlass java/util/Collections$UnmodifiableCollection$1
instanceKlass sun/util/locale/provider/LocaleProviderAdapter
instanceKlass java/util/spi/LocaleServiceProvider
instanceKlass sun/util/calendar/ZoneInfoFile$ZoneOffsetTransitionRule
instanceKlass sun/util/calendar/ZoneInfoFile$1
instanceKlass sun/util/calendar/ZoneInfoFile
instanceKlass java/util/TimeZone
instanceKlass java/util/Calendar
instanceKlass java/text/AttributedCharacterIterator$Attribute
instanceKlass java/text/Format
instanceKlass org/gradle/process/internal/worker/child/DefaultWorkerDirectoryProvider
instanceKlass org/gradle/process/internal/worker/child/SystemApplicationClassLoaderWorker$WorkerServices$1$1
instanceKlass org/gradle/process/internal/worker/child/WorkerLogEventListener
instanceKlass org/gradle/process/internal/worker/child/SystemApplicationClassLoaderWorker$WorkerServices$1
instanceKlass org/gradle/internal/event/DefaultListenerManager
instanceKlass org/gradle/internal/event/ListenerManager
instanceKlass org/gradle/process/internal/worker/child/WorkerDirectoryProvider
instanceKlass org/gradle/process/internal/health/memory/JvmMemoryInfo
instanceKlass org/gradle/process/internal/health/memory/OsMemoryInfo
instanceKlass org/gradle/process/internal/health/memory/MemoryManager
instanceKlass org/gradle/internal/remote/internal/inet/InetAddressFactory
instanceKlass org/gradle/internal/id/UUIDGenerator
instanceKlass org/gradle/internal/remote/MessagingServer
instanceKlass org/gradle/internal/remote/MessagingClient
instanceKlass org/gradle/internal/remote/internal/IncomingConnector
instanceKlass org/gradle/internal/remote/internal/OutgoingConnector
instanceKlass org/gradle/internal/id/IdGenerator
instanceKlass org/gradle/internal/remote/services/MessagingServices
instanceKlass org/gradle/internal/concurrent/ManagedScheduledExecutor
instanceKlass java/util/concurrent/ScheduledExecutorService
instanceKlass org/gradle/internal/concurrent/ManagedThreadPoolExecutor
instanceKlass org/gradle/internal/concurrent/ManagedExecutor
instanceKlass java/util/concurrent/ExecutorService
instanceKlass java/util/concurrent/Executor
instanceKlass org/gradle/internal/concurrent/AsyncStoppable
instanceKlass org/gradle/internal/concurrent/ExecutorPolicy
instanceKlass org/gradle/internal/concurrent/DefaultExecutorFactory
instanceKlass org/gradle/internal/concurrent/ExecutorFactory
instanceKlass org/gradle/internal/service/DefaultServiceRegistry$CompositeServiceProvider
instanceKlass org/gradle/internal/service/DefaultServiceRegistry$ParentServices
instanceKlass java/lang/ProcessEnvironment$ExternalData
instanceKlass java/lang/ProcessEnvironment
instanceKlass org/gradle/api/internal/file/temp/DefaultTemporaryFileProvider
instanceKlass org/gradle/internal/nativeintegration/services/NativeServices$1
instanceKlass org/gradle/internal/file/StatStatistics
instanceKlass org/gradle/internal/file/StatStatistics$Collector
instanceKlass org/gradle/internal/nativeintegration/filesystem/services/GenericFileSystem
instanceKlass org/gradle/internal/service/InjectUtil
instanceKlass java/lang/invoke/MethodHandleImpl$ArrayAccessor
instanceKlass java/lang/invoke/MethodHandleImpl$2
instanceKlass java/lang/invoke/MethodHandleImpl$LoopClauses
instanceKlass java/lang/invoke/MethodHandleImpl$CasesHolder
instanceKlass org/gradle/internal/service/DefaultServiceRegistry$1
instanceKlass org/gradle/internal/nativeintegration/filesystem/services/GenericFileSystem$Factory
instanceKlass org/gradle/api/internal/file/temp/TemporaryFileProvider
instanceKlass org/gradle/internal/nativeintegration/filesystem/FileCanonicalizer
instanceKlass org/gradle/internal/nativeintegration/filesystem/FileSystem
instanceKlass org/gradle/internal/file/Stat
instanceKlass org/gradle/internal/file/Chmod
instanceKlass org/gradle/internal/nativeintegration/filesystem/FileModeMutator
instanceKlass org/gradle/internal/nativeintegration/filesystem/FileModeAccessor
instanceKlass org/gradle/internal/nativeintegration/filesystem/Symlink
instanceKlass org/gradle/internal/nativeintegration/filesystem/services/FileSystemServices
instanceKlass org/gradle/internal/nativeintegration/jansi/DefaultJansiRuntimeResolver
instanceKlass org/gradle/internal/nativeintegration/jansi/JansiRuntimeResolver
instanceKlass org/gradle/internal/nativeintegration/jansi/JansiLibraryFactory
instanceKlass org/gradle/internal/nativeintegration/jansi/JansiStorageLocator
instanceKlass org/gradle/internal/nativeintegration/jansi/JansiBootPathConfigurer
instanceKlass net/rubygrapefruit/platform/file/FileSystems
instanceKlass net/rubygrapefruit/platform/file/PosixFiles
instanceKlass net/rubygrapefruit/platform/file/Files
instanceKlass net/rubygrapefruit/platform/memory/Memory
instanceKlass net/rubygrapefruit/platform/SystemInfo
instanceKlass net/rubygrapefruit/platform/WindowsRegistry
instanceKlass org/gradle/internal/jvm/Jvm
instanceKlass org/gradle/internal/jvm/JavaInfo
instanceKlass org/gradle/internal/os/OperatingSystem
instanceKlass org/gradle/internal/nativeintegration/NativeCapabilities
instanceKlass org/gradle/internal/nativeintegration/filesystem/FileMetadataAccessor
instanceKlass org/gradle/internal/nativeintegration/network/HostnameLookup
instanceKlass net/rubygrapefruit/platform/ProcessLauncher
instanceKlass net/rubygrapefruit/platform/NativeIntegration
instanceKlass org/gradle/internal/nativeintegration/console/ConsoleDetector
instanceKlass org/gradle/internal/nativeintegration/ProcessEnvironment
instanceKlass org/gradle/initialization/GradleUserHomeDirProvider
instanceKlass org/gradle/internal/logging/services/DefaultLoggingManager$StartableLoggingSystem
instanceKlass org/gradle/internal/logging/services/DefaultLoggingManager$StartableLoggingRouter
instanceKlass org/gradle/internal/logging/services/DefaultLoggingManager
instanceKlass java/util/logging/Logger$SystemLoggerHelper$1
instanceKlass java/util/logging/Logger$SystemLoggerHelper
instanceKlass java/util/logging/LogManager$4
instanceKlass jdk/internal/logger/BootstrapLogger$BootstrapExecutors
instanceKlass jdk/internal/logger/LoggerFinderLoader
instanceKlass java/util/stream/Stream$Builder
instanceKlass java/util/stream/Streams$AbstractStreamBuilderImpl
instanceKlass java/util/stream/FindOps$FindOp
instanceKlass java/util/stream/FindOps$FindSink
instanceKlass java/util/stream/FindOps
instanceKlass java/util/ArrayList$ArrayListSpliterator
instanceKlass java/util/Hashtable$Enumerator
instanceKlass java/util/Collections$SynchronizedCollection
instanceKlass java/util/Properties$EntrySet
instanceKlass java/util/Collections$3
instanceKlass java/util/logging/LogManager$LoggerContext$1
instanceKlass java/util/logging/LogManager$VisitedLoggers
instanceKlass java/util/logging/LogManager$2
instanceKlass java/util/logging/LogManager$LoggingProviderAccess
instanceKlass java/lang/Shutdown$Lock
instanceKlass java/lang/Shutdown
instanceKlass java/lang/ApplicationShutdownHooks$1
instanceKlass java/lang/ApplicationShutdownHooks
instanceKlass java/util/Collections$SynchronizedMap
instanceKlass java/util/logging/LogManager$LogNode
instanceKlass java/util/logging/LogManager$LoggerContext
instanceKlass java/util/logging/LogManager$1
instanceKlass java/util/logging/LogManager
instanceKlass java/util/logging/Logger$ConfigurationData
instanceKlass java/util/logging/Logger$LoggerBundle
instanceKlass java/util/logging/Handler
instanceKlass java/util/logging/Logger
instanceKlass java/util/logging/Level
instanceKlass org/gradle/internal/logging/source/JavaUtilLoggingSystem
instanceKlass org/gradle/internal/logging/slf4j/Slf4jLoggingConfigurer
instanceKlass org/gradle/internal/logging/config/LoggingSystemAdapter
instanceKlass org/gradle/internal/logging/source/StdErrLoggingSystem
instanceKlass org/gradle/internal/logging/source/PrintStreamLoggingSystem$SnapshotImpl
instanceKlass org/gradle/internal/logging/source/PrintStreamLoggingSystem$OutputEventDestination
instanceKlass org/gradle/internal/SystemProperties
instanceKlass org/gradle/internal/logging/source/PrintStreamLoggingSystem$1
instanceKlass org/gradle/internal/service/AnnotatedServiceLifecycleHandler
instanceKlass org/gradle/internal/logging/events/operations/StyledTextBuildOperationProgressDetails
instanceKlass org/gradle/internal/operations/logging/StyledTextBuildOperationProgressDetails
instanceKlass org/gradle/internal/io/TextStream
instanceKlass org/gradle/internal/logging/source/PrintStreamLoggingSystem
instanceKlass org/gradle/internal/logging/source/StdOutLoggingSystem
instanceKlass java/lang/reflect/WildcardType
instanceKlass sun/reflect/generics/reflectiveObjects/LazyReflectiveObjectGenerator
instanceKlass sun/reflect/generics/reflectiveObjects/ParameterizedTypeImpl
instanceKlass sun/reflect/generics/visitor/Reifier
instanceKlass sun/reflect/generics/visitor/TypeTreeVisitor
instanceKlass sun/reflect/generics/tree/ClassSignature
instanceKlass sun/reflect/generics/tree/Signature
instanceKlass sun/reflect/generics/tree/ClassTypeSignature
instanceKlass sun/reflect/generics/tree/SimpleClassTypeSignature
instanceKlass sun/reflect/generics/tree/FieldTypeSignature
instanceKlass sun/reflect/generics/tree/BaseType
instanceKlass sun/reflect/generics/tree/TypeSignature
instanceKlass sun/reflect/generics/tree/ReturnType
instanceKlass sun/reflect/generics/tree/TypeArgument
instanceKlass sun/reflect/generics/tree/FormalTypeParameter
instanceKlass sun/reflect/generics/tree/TypeTree
instanceKlass sun/reflect/generics/tree/Tree
instanceKlass sun/reflect/generics/parser/SignatureParser
instanceKlass java/lang/reflect/TypeVariable
instanceKlass sun/reflect/generics/repository/AbstractRepository
instanceKlass sun/reflect/generics/factory/CoreReflectionFactory
instanceKlass sun/reflect/generics/factory/GenericsFactory
instanceKlass sun/reflect/generics/scope/AbstractScope
instanceKlass sun/reflect/generics/scope/Scope
instanceKlass java/lang/reflect/ParameterizedType
instanceKlass org/gradle/internal/logging/LoggingManagerInternal
instanceKlass org/gradle/internal/logging/StandardOutputCapture
instanceKlass org/gradle/api/logging/LoggingManager
instanceKlass org/gradle/internal/logging/sink/OutputEventListenerManager$1
instanceKlass org/gradle/internal/service/DefaultServiceRegistry$ClassInspector$ClassDetails
instanceKlass java/util/concurrent/ConcurrentLinkedQueue$Node
instanceKlass org/gradle/internal/reflect/JavaMethod
instanceKlass org/gradle/internal/service/AbstractServiceMethod
instanceKlass java/util/LinkedList$ListItr
instanceKlass java/util/LinkedList$Node
instanceKlass org/gradle/internal/logging/sink/OutputEventListenerManager
instanceKlass org/gradle/internal/logging/services/DefaultLoggingManagerFactory
instanceKlass org/gradle/internal/logging/services/TextStreamOutputEventListener
instanceKlass org/gradle/internal/service/RelevantMethodsBuilder
instanceKlass org/gradle/internal/Cast
instanceKlass org/gradle/internal/service/ServiceMethod
instanceKlass org/gradle/internal/service/MethodHandleBasedServiceMethodFactory
instanceKlass org/gradle/internal/service/DefaultServiceMethodFactory
instanceKlass org/gradle/internal/service/ServiceMethodFactory
instanceKlass org/gradle/internal/service/RelevantMethods
instanceKlass org/gradle/internal/service/DefaultServiceRegistry$ClassInspector
instanceKlass org/gradle/internal/service/DefaultServiceRegistry$ThisAsService
instanceKlass org/gradle/internal/concurrent/CompositeStoppable$1
instanceKlass org/gradle/internal/concurrent/CompositeStoppable
instanceKlass org/gradle/internal/service/AnnotatedServiceLifecycleHandler$Registration
instanceKlass org/gradle/internal/service/DefaultServiceRegistry$OwnServices
instanceKlass org/gradle/internal/logging/services/LoggingServiceRegistry$1
instanceKlass org/gradle/internal/logging/config/LoggingConfigurer
instanceKlass org/gradle/internal/logging/config/LoggingSourceSystem
instanceKlass org/gradle/internal/logging/text/StyledTextOutputFactory
instanceKlass org/gradle/internal/service/ServiceRegistration
instanceKlass org/gradle/internal/service/ServiceProvider$Visitor
instanceKlass org/gradle/internal/service/DefaultServiceRegistry$ManagedObjectServiceProvider
instanceKlass org/gradle/internal/service/Service
instanceKlass org/gradle/internal/service/ServiceProvider
instanceKlass org/gradle/process/internal/worker/messaging/WorkerConfig
instanceKlass java/util/Date
instanceKlass java/util/concurrent/ForkJoinPool$ManagedBlocker
instanceKlass java/util/concurrent/locks/AbstractQueuedSynchronizer$Node
instanceKlass java/io/ObjectStreamClass$ExceptionInfo
instanceKlass java/util/function/Predicate
instanceKlass java/util/concurrent/ArrayBlockingQueue$Itrs
instanceKlass java/io/SerialCallbackContext
instanceKlass jdk/internal/reflect/UnsafeFieldAccessorFactory
instanceKlass org/gradle/api/internal/tasks/testing/filter/TestFilterSpec
instanceKlass org/gradle/api/internal/tasks/testing/junit/JUnitSpec
instanceKlass org/gradle/api/internal/tasks/testing/junit/JUnitTestClassProcessorFactory
instanceKlass java/io/ObjectInputStream$GetField
instanceKlass java/io/ObjectStreamClass$ClassDataSlot
instanceKlass java/lang/constant/DynamicConstantDesc
instanceKlass java/lang/constant/DirectMethodHandleDesc$1
instanceKlass java/lang/constant/DirectMethodHandleDescImpl$1
instanceKlass java/lang/constant/DirectMethodHandleDescImpl
instanceKlass java/lang/constant/DirectMethodHandleDesc
instanceKlass java/lang/constant/MethodHandleDesc$1
instanceKlass java/lang/constant/MethodHandleDesc
instanceKlass java/lang/constant/MethodTypeDescImpl
instanceKlass java/lang/constant/MethodTypeDesc
instanceKlass java/lang/constant/ReferenceClassDescImpl
instanceKlass java/lang/constant/ConstantUtils
instanceKlass java/lang/constant/ClassDesc
instanceKlass java/lang/constant/ConstantDescs
instanceKlass java/lang/invoke/VarHandle$2
instanceKlass java/lang/invoke/VarHandle$TypesAndInvokers
instanceKlass java/lang/invoke/VarHandle$AccessDescriptor
instanceKlass java/lang/invoke/VarHandleByteArrayBase
instanceKlass sun/security/provider/ByteArrayAccess$BE
instanceKlass sun/security/provider/ByteArrayAccess
instanceKlass sun/security/util/MessageDigestSpi2
instanceKlass sun/security/jca/GetInstance$Instance
instanceKlass sun/security/util/SecurityProviderConstants
instanceKlass java/security/Provider$UString
instanceKlass java/security/Provider$Service
instanceKlass sun/security/provider/FileInputStreamPool
instanceKlass sun/security/provider/NativePRNG$RandomIO
instanceKlass sun/security/provider/NativePRNG$2
instanceKlass sun/security/provider/NativePRNG$1
instanceKlass java/security/SecureRandomSpi
instanceKlass sun/security/provider/SunEntries$1
instanceKlass sun/security/provider/SunEntries
instanceKlass sun/security/util/SecurityConstants
instanceKlass sun/security/jca/ProviderList$2
instanceKlass jdk/internal/math/FloatingDecimal$ASCIIToBinaryBuffer
instanceKlass jdk/internal/math/FloatingDecimal$PreparedASCIIToBinaryBuffer
instanceKlass jdk/internal/math/FloatingDecimal$ASCIIToBinaryConverter
instanceKlass jdk/internal/math/FloatingDecimal$BinaryToASCIIBuffer
instanceKlass jdk/internal/math/FloatingDecimal$ExceptionalBinaryToASCIIBuffer
instanceKlass jdk/internal/math/FloatingDecimal$BinaryToASCIIConverter
instanceKlass jdk/internal/math/FloatingDecimal
instanceKlass javax/security/auth/login/Configuration$Parameters
instanceKlass java/security/Policy$Parameters
instanceKlass java/security/cert/CertStoreParameters
instanceKlass java/security/SecureRandomParameters
instanceKlass java/security/Provider$EngineDescription
instanceKlass java/security/Provider$ServiceKey
instanceKlass sun/security/jca/ProviderConfig
instanceKlass sun/security/jca/ProviderList
instanceKlass sun/security/jca/Providers
instanceKlass sun/security/jca/GetInstance
instanceKlass sun/security/util/CryptoAlgorithmConstraints$CryptoHolder
instanceKlass sun/security/util/AbstractAlgorithmConstraints
instanceKlass java/security/AlgorithmConstraints
instanceKlass java/security/MessageDigestSpi
instanceKlass java/io/ObjectStreamClass$5
instanceKlass java/io/ObjectStreamClass$4
instanceKlass java/util/TimSort
instanceKlass java/io/ObjectStreamClass$3
instanceKlass java/io/ObjectStreamClass$MemberSignature
instanceKlass java/io/ObjectStreamClass$1
instanceKlass java/io/ObjectStreamClass$FieldReflector
instanceKlass java/io/ObjectStreamClass$FieldReflectorKey
instanceKlass java/util/stream/ReduceOps$AccumulatingSink
instanceKlass java/util/stream/TerminalSink
instanceKlass java/util/stream/ReduceOps$Box
instanceKlass java/util/stream/ReduceOps$ReduceOp
instanceKlass java/util/stream/TerminalOp
instanceKlass java/util/stream/ReduceOps
instanceKlass java/util/function/BiConsumer
instanceKlass java/util/stream/Collectors$CollectorImpl
instanceKlass java/util/stream/Collector
instanceKlass java/util/Collections$UnmodifiableCollection
instanceKlass java/util/stream/Collectors
instanceKlass org/gradle/api/internal/tasks/testing/TestClassRunInfo
instanceKlass java/io/ObjectOutput
instanceKlass jdk/internal/reflect/ClassDefiner$1
instanceKlass jdk/internal/reflect/ClassDefiner
instanceKlass jdk/internal/reflect/MethodAccessorGenerator$1
instanceKlass jdk/internal/reflect/Label$PatchInfo
instanceKlass jdk/internal/reflect/Label
instanceKlass jdk/internal/reflect/UTF8
instanceKlass jdk/internal/reflect/ClassFileAssembler
instanceKlass jdk/internal/reflect/ByteVectorImpl
instanceKlass jdk/internal/reflect/ByteVector
instanceKlass jdk/internal/reflect/ByteVectorFactory
instanceKlass jdk/internal/reflect/AccessorGenerator
instanceKlass jdk/internal/reflect/ClassFileConstants
instanceKlass org/gradle/api/internal/tasks/testing/TestResultProcessor
instanceKlass org/gradle/api/internal/tasks/testing/TestClassProcessor
instanceKlass org/gradle/api/internal/tasks/testing/WorkerTestClassProcessorFactory
instanceKlass org/gradle/internal/service/DefaultServiceRegistry
instanceKlass org/gradle/internal/service/ContainsServices
instanceKlass java/io/ObjectStreamClass$2
instanceKlass java/io/Externalizable
instanceKlass java/io/ClassCache
instanceKlass java/io/ObjectStreamClass$Caches
instanceKlass jdk/internal/event/Event
instanceKlass sun/reflect/misc/ReflectUtil
instanceKlass org/gradle/api/internal/tasks/testing/worker/TestWorker
instanceKlass org/gradle/internal/concurrent/Stoppable
instanceKlass org/gradle/api/internal/tasks/testing/worker/RemoteTestClassProcessor
instanceKlass java/io/ObjectStreamClass
instanceKlass java/io/Bits
instanceKlass sun/util/logging/PlatformLogger
instanceKlass sun/util/logging/PlatformLogger$ConfigurableBridge$LoggerConfiguration
instanceKlass jdk/internal/logger/BootstrapLogger$RedirectedLoggers
instanceKlass jdk/internal/access/JavaObjectInputFilterAccess
instanceKlass java/io/ObjectInputFilter$Config$BuiltinFilterFactory
instanceKlass java/util/function/BinaryOperator
instanceKlass java/io/ObjectInputFilter
instanceKlass jdk/internal/logger/LazyLoggers$LazyLoggerAccessor
instanceKlass jdk/internal/logger/LazyLoggers$LoggerAccessor
instanceKlass jdk/internal/logger/AbstractLoggerWrapper
instanceKlass java/util/ServiceLoader$ProviderImpl
instanceKlass java/util/ServiceLoader$Provider
instanceKlass java/util/ServiceLoader$1
instanceKlass sun/util/logging/internal/LoggingProviderImpl$LogManagerAccess
instanceKlass java/util/concurrent/CopyOnWriteArrayList$COWIterator
instanceKlass java/util/TreeMap$PrivateEntryIterator
instanceKlass java/util/TreeMap$Entry
instanceKlass java/util/ServiceLoader$3
instanceKlass java/util/ServiceLoader$2
instanceKlass java/util/ServiceLoader$LazyClassPathLookupIterator
instanceKlass java/util/ImmutableCollections$ListItr
instanceKlass java/util/ListIterator
instanceKlass java/util/Spliterators$1Adapter
instanceKlass java/util/ServiceLoader$ModuleServicesLookupIterator
instanceKlass java/util/ServiceLoader
instanceKlass jdk/internal/logger/BootstrapLogger$DetectBackend$1
instanceKlass jdk/internal/logger/BootstrapLogger$DetectBackend
instanceKlass jdk/internal/logger/BootstrapLogger
instanceKlass sun/util/logging/PlatformLogger$ConfigurableBridge
instanceKlass sun/util/logging/PlatformLogger$Bridge
instanceKlass java/lang/System$Logger
instanceKlass jdk/internal/logger/DefaultLoggerFinder$1
instanceKlass java/lang/System$LoggerFinder
instanceKlass jdk/internal/logger/LazyLoggers$LazyLoggerFactories
instanceKlass jdk/internal/logger/LazyLoggers$1
instanceKlass jdk/internal/logger/LazyLoggers
instanceKlass java/util/concurrent/atomic/AtomicBoolean
instanceKlass java/io/ObjectInputFilter$Config
instanceKlass java/io/ObjectInputStream$ValidationList
instanceKlass java/io/ObjectInputStream$HandleTable$HandleList
instanceKlass java/io/ObjectInputStream$HandleTable
instanceKlass jdk/internal/access/JavaObjectInputStreamReadString
instanceKlass jdk/internal/access/JavaObjectInputStreamAccess
instanceKlass org/gradle/internal/remote/internal/inet/MultiChoiceAddress
instanceKlass org/gradle/internal/remote/internal/inet/InetEndpoint
instanceKlass java/net/InetAddress$PlatformNameService
instanceKlass java/net/InetAddress$NameService
instanceKlass java/lang/Class$1
instanceKlass java/net/Inet6AddressImpl
instanceKlass java/net/InetAddressImpl
instanceKlass java/net/InetAddressImplFactory
instanceKlass java/util/concurrent/ConcurrentSkipListMap$Node
instanceKlass java/util/concurrent/ConcurrentSkipListMap$Index
instanceKlass java/util/concurrent/ConcurrentNavigableMap
instanceKlass java/util/NavigableMap
instanceKlass java/util/SortedMap
instanceKlass java/util/NavigableSet
instanceKlass java/util/SortedSet
instanceKlass java/net/InetAddress$InetAddressHolder
instanceKlass java/net/InetAddress$1
instanceKlass jdk/internal/access/JavaNetInetAddressAccess
instanceKlass java/net/InetAddress
instanceKlass java/util/UUID
instanceKlass org/gradle/internal/remote/internal/inet/MultiChoiceAddressSerializer
instanceKlass org/gradle/internal/serialize/AbstractDecoder
instanceKlass org/gradle/internal/logging/events/operations/LogEventBuildOperationProgressDetails
instanceKlass org/gradle/internal/operations/logging/LogEventBuildOperationProgressDetails
instanceKlass org/gradle/internal/logging/slf4j/BuildOperationAwareLogger
instanceKlass org/gradle/internal/logging/sink/OutputEventRenderer$2
instanceKlass org/gradle/internal/dispatch/ReflectionDispatch
instanceKlass org/gradle/internal/logging/sink/OutputEventRenderer$1
instanceKlass org/gradle/internal/logging/sink/OutputEventRenderer$LazyListener
instanceKlass org/gradle/internal/logging/events/OutputEventListener$1
instanceKlass java/lang/reflect/Proxy$ProxyBuilder$1
instanceKlass jdk/internal/org/objectweb/asm/Edge
instanceKlass java/lang/reflect/ProxyGenerator$PrimitiveTypeInfo
instanceKlass java/util/StringJoiner
instanceKlass java/lang/reflect/ProxyGenerator$ProxyMethod
instanceKlass java/lang/WeakPairMap$Pair$Lookup
instanceKlass java/lang/WeakPairMap$Pair
instanceKlass java/lang/WeakPairMap
instanceKlass java/lang/Module$ReflectionData
instanceKlass jdk/internal/module/Checks
instanceKlass java/lang/module/ModuleDescriptor$Builder
instanceKlass java/util/LinkedHashMap$LinkedHashIterator
instanceKlass java/lang/PublicMethods
instanceKlass java/util/Collections$1
instanceKlass java/lang/reflect/Proxy$ProxyBuilder
instanceKlass jdk/internal/loader/AbstractClassLoaderValue$Memoizer
instanceKlass java/lang/ClassValue$Version
instanceKlass java/lang/ClassValue$Identity
instanceKlass java/lang/ClassValue
instanceKlass java/lang/reflect/Proxy
instanceKlass org/gradle/internal/dispatch/ProxyDispatchAdapter$DispatchingInvocationHandler
instanceKlass java/lang/reflect/InvocationHandler
instanceKlass org/gradle/internal/dispatch/ProxyDispatchAdapter
instanceKlass org/gradle/internal/logging/events/operations/ProgressStartBuildOperationProgressDetails
instanceKlass org/gradle/internal/operations/logging/ProgressStartBuildOperationProgressDetails
instanceKlass org/gradle/internal/logging/sink/OutputEventTransformer
instanceKlass org/gradle/internal/exceptions/NonGradleCauseExceptionsHolder
instanceKlass org/gradle/internal/exceptions/MultiCauseException
instanceKlass org/gradle/internal/exceptions/ResolutionProvider
instanceKlass org/gradle/internal/event/AbstractBroadcastDispatch
instanceKlass org/gradle/internal/event/ListenerBroadcast
instanceKlass org/gradle/internal/dispatch/Dispatch
instanceKlass org/gradle/internal/nativeintegration/console/ConsoleMetaData
instanceKlass org/gradle/internal/logging/console/ColorMap
instanceKlass org/gradle/internal/logging/format/LogHeaderFormatter
instanceKlass org/gradle/api/logging/StandardOutputListener
instanceKlass org/gradle/internal/logging/text/StyledTextOutput
instanceKlass org/gradle/internal/Factory
instanceKlass org/gradle/internal/logging/config/LoggingSystem$Snapshot
instanceKlass org/gradle/internal/logging/events/OutputEvent
instanceKlass org/gradle/internal/logging/sink/OutputEventRenderer
instanceKlass org/gradle/internal/logging/config/LoggingRouter
instanceKlass org/gradle/internal/logging/LoggingOutputInternal
instanceKlass org/gradle/api/logging/LoggingOutput
instanceKlass org/gradle/internal/logging/config/LoggingSystem
instanceKlass org/gradle/internal/logging/slf4j/OutputEventListenerBackedLoggerContext$NoOpLogger
instanceKlass org/gradle/api/logging/Logger
instanceKlass java/lang/invoke/VarForm
instanceKlass java/lang/invoke/VarHandleGuards
instanceKlass jdk/internal/util/Preconditions$1
instanceKlass java/lang/invoke/VarHandle$1
instanceKlass java/lang/invoke/VarHandles
instanceKlass java/util/concurrent/atomic/AtomicReference
instanceKlass org/gradle/internal/time/TimeSource$1
instanceKlass org/gradle/internal/time/TimeSource
instanceKlass org/gradle/internal/time/MonotonicClock
instanceKlass org/gradle/internal/time/CountdownTimer
instanceKlass org/gradle/internal/time/Timer
instanceKlass org/gradle/internal/time/Clock
instanceKlass org/gradle/internal/time/Time
instanceKlass org/gradle/internal/logging/slf4j/OutputEventListenerBackedLoggerContext
instanceKlass org/slf4j/impl/StaticLoggerBinder
instanceKlass org/slf4j/spi/LoggerFactoryBinder
instanceKlass java/net/URLClassLoader$3$1
instanceKlass java/net/URLClassLoader$3
instanceKlass jdk/internal/loader/URLClassPath$1
instanceKlass java/lang/CompoundEnumeration
instanceKlass jdk/internal/loader/BuiltinClassLoader$1
instanceKlass java/util/Collections$EmptyEnumeration
instanceKlass java/util/Collections$EmptyIterator
instanceKlass jdk/internal/jimage/ImageLocation
instanceKlass jdk/internal/jimage/decompressor/Decompressor
instanceKlass jdk/internal/jimage/ImageStringsReader
instanceKlass jdk/internal/jimage/ImageStrings
instanceKlass jdk/internal/jimage/ImageHeader
instanceKlass jdk/internal/jimage/NativeImageBuffer$1
instanceKlass jdk/internal/jimage/NativeImageBuffer
instanceKlass jdk/internal/jimage/BasicImageReader$1
instanceKlass jdk/internal/jimage/BasicImageReader
instanceKlass jdk/internal/jimage/ImageReader
instanceKlass jdk/internal/jimage/ImageReaderFactory$1
instanceKlass java/net/URI$Parser
instanceKlass java/nio/file/FileSystems$DefaultFileSystemHolder$1
instanceKlass java/nio/file/FileSystems$DefaultFileSystemHolder
instanceKlass java/nio/file/FileSystems
instanceKlass java/nio/file/Paths
instanceKlass jdk/internal/jimage/ImageReaderFactory
instanceKlass jdk/internal/module/SystemModuleFinders$SystemImage
instanceKlass jdk/internal/module/SystemModuleFinders$SystemModuleReader
instanceKlass java/lang/module/ModuleReader
instanceKlass jdk/internal/loader/BuiltinClassLoader$5
instanceKlass jdk/internal/loader/BuiltinClassLoader$2
instanceKlass jdk/internal/module/Resources
instanceKlass org/slf4j/helpers/Util
instanceKlass org/slf4j/helpers/NOPLoggerFactory
instanceKlass java/util/concurrent/LinkedBlockingQueue$Node
instanceKlass java/util/concurrent/locks/AbstractQueuedSynchronizer$ConditionObject
instanceKlass java/util/concurrent/locks/Condition
instanceKlass java/util/concurrent/BlockingQueue
instanceKlass org/slf4j/Logger
instanceKlass org/slf4j/helpers/SubstituteLoggerFactory
instanceKlass org/slf4j/event/LoggingEvent
instanceKlass org/slf4j/ILoggerFactory
instanceKlass org/slf4j/LoggerFactory
instanceKlass java/io/ObjectStreamConstants
instanceKlass java/io/ObjectInput
instanceKlass org/gradle/process/internal/worker/messaging/WorkerConfigSerializer
instanceKlass org/gradle/internal/serialize/Serializer
instanceKlass org/gradle/process/internal/health/memory/JvmMemoryStatusListener
instanceKlass org/gradle/internal/logging/events/OutputEventListener
instanceKlass org/gradle/process/internal/worker/WorkerProcessContext
instanceKlass org/gradle/api/Action
instanceKlass org/gradle/internal/remote/Address
instanceKlass org/gradle/internal/service/ServiceRegistry
instanceKlass org/gradle/internal/service/ServiceLookup
instanceKlass org/gradle/internal/serialize/Decoder
instanceKlass org/gradle/process/internal/worker/child/SystemApplicationClassLoaderWorker
instanceKlass java/util/concurrent/Callable
instanceKlass java/io/FilePermissionCollection$1
instanceKlass java/security/Security$2
instanceKlass jdk/internal/access/JavaSecurityPropertiesAccess
instanceKlass java/util/concurrent/ConcurrentHashMap$MapEntry
instanceKlass java/io/FileInputStream$1
instanceKlass java/util/Properties$LineReader
instanceKlass java/security/Security$1
instanceKlass java/security/Security
instanceKlass sun/security/util/SecurityProperties
instanceKlass sun/security/util/FilePermCompat
instanceKlass java/io/FilePermission$1
instanceKlass jdk/internal/access/JavaIOFilePermissionAccess
instanceKlass sun/net/www/MessageHeader
instanceKlass java/net/URLConnection
instanceKlass java/util/jar/Attributes
instanceKlass sun/security/action/GetIntegerAction
instanceKlass sun/security/util/SignatureFileVerifier
instanceKlass java/net/URLClassLoader$1
instanceKlass java/util/ComparableTimSort
instanceKlass java/util/Arrays$LegacyMergeSort
instanceKlass worker/org/gradle/internal/util/Trie$Builder
instanceKlass worker/org/gradle/internal/util/Trie
instanceKlass worker/org/gradle/internal/classloader/FilteringClassLoader$TrieSet
instanceKlass java/util/function/BiFunction
instanceKlass jdk/internal/loader/BootLoader$PackageHelper
instanceKlass java/util/stream/Sink$ChainedReference
instanceKlass java/util/stream/StreamSpliterators
instanceKlass java/util/stream/AbstractSpinedBuffer
instanceKlass java/util/stream/Node$Builder
instanceKlass java/util/stream/Sink
instanceKlass java/util/function/Consumer
instanceKlass java/util/stream/Node$OfDouble
instanceKlass java/util/stream/Node$OfLong
instanceKlass java/util/stream/Node$OfInt
instanceKlass java/util/stream/Node$OfPrimitive
instanceKlass java/util/stream/Nodes$EmptyNode
instanceKlass java/util/stream/Node
instanceKlass java/util/stream/Nodes
instanceKlass java/util/function/IntFunction
instanceKlass java/util/ImmutableCollections$SetN$SetNIterator
instanceKlass java/lang/invoke/InvokerBytecodeGenerator$ClassData
instanceKlass jdk/internal/org/objectweb/asm/Frame
instanceKlass java/lang/invoke/LambdaFormBuffer
instanceKlass java/lang/invoke/LambdaFormEditor$TransformKey
instanceKlass java/lang/invoke/LambdaFormEditor
instanceKlass sun/invoke/util/Wrapper$1
instanceKlass java/lang/invoke/DelegatingMethodHandle$Holder
instanceKlass java/lang/invoke/DirectMethodHandle$2
instanceKlass java/lang/invoke/ClassSpecializer$Factory
instanceKlass java/lang/invoke/ClassSpecializer$SpeciesData
instanceKlass java/lang/invoke/ClassSpecializer$1
instanceKlass java/lang/invoke/ClassSpecializer
instanceKlass java/lang/invoke/InnerClassLambdaMetafactory$1
instanceKlass java/util/Spliterators$ArraySpliterator
instanceKlass java/util/Spliterator$OfDouble
instanceKlass java/util/Spliterator$OfLong
instanceKlass java/util/Spliterator$OfInt
instanceKlass java/util/Spliterator$OfPrimitive
instanceKlass java/util/Spliterators$EmptySpliterator
instanceKlass java/util/Spliterators
instanceKlass java/util/stream/Streams$2
instanceKlass java/util/stream/Streams
instanceKlass java/util/stream/StreamSpliterators$AbstractWrappingSpliterator
instanceKlass java/util/stream/Streams$ConcatSpliterator
instanceKlass sun/invoke/empty/Empty
instanceKlass sun/invoke/util/VerifyType
instanceKlass java/lang/invoke/MethodHandles$Lookup$ClassDefiner
instanceKlass java/util/ImmutableCollections$Set12$1
instanceKlass jdk/internal/org/objectweb/asm/ClassReader
instanceKlass java/lang/invoke/MethodHandles$Lookup$ClassFile
instanceKlass jdk/internal/org/objectweb/asm/Handler
instanceKlass jdk/internal/org/objectweb/asm/AnnotationVisitor
instanceKlass jdk/internal/org/objectweb/asm/Attribute
instanceKlass jdk/internal/org/objectweb/asm/Label
instanceKlass jdk/internal/org/objectweb/asm/MethodVisitor
instanceKlass jdk/internal/org/objectweb/asm/FieldVisitor
instanceKlass java/lang/invoke/LambdaProxyClassArchive
instanceKlass jdk/internal/org/objectweb/asm/ByteVector
instanceKlass jdk/internal/org/objectweb/asm/Symbol
instanceKlass jdk/internal/org/objectweb/asm/SymbolTable
instanceKlass jdk/internal/org/objectweb/asm/ClassVisitor
instanceKlass java/lang/invoke/InfoFromMemberName
instanceKlass java/lang/invoke/MethodHandleInfo
instanceKlass jdk/internal/org/objectweb/asm/ConstantDynamic
instanceKlass sun/invoke/util/BytecodeDescriptor
instanceKlass jdk/internal/org/objectweb/asm/Handle
instanceKlass sun/security/action/GetBooleanAction
instanceKlass jdk/internal/org/objectweb/asm/Type
instanceKlass java/lang/invoke/AbstractValidatingLambdaMetafactory
instanceKlass java/lang/invoke/MethodHandleImpl$1
instanceKlass jdk/internal/access/JavaLangInvokeAccess
instanceKlass java/lang/invoke/Invokers$Holder
instanceKlass java/lang/invoke/BootstrapMethodInvoker
instanceKlass java/lang/invoke/InvokerBytecodeGenerator$2
instanceKlass java/lang/invoke/InvokerBytecodeGenerator
instanceKlass java/lang/invoke/LambdaForm$Holder
instanceKlass java/lang/invoke/LambdaForm$Name
instanceKlass java/lang/invoke/Invokers
instanceKlass java/lang/invoke/MethodHandleImpl
instanceKlass sun/invoke/util/ValueConversions
instanceKlass java/lang/invoke/DirectMethodHandle$Holder
instanceKlass java/lang/invoke/LambdaForm$NamedFunction
instanceKlass java/lang/invoke/LambdaMetafactory
instanceKlass sun/reflect/annotation/AnnotationParser
instanceKlass java/lang/Class$3
instanceKlass java/util/EnumMap$1
instanceKlass java/util/stream/StreamOpFlag$MaskBuilder
instanceKlass java/util/stream/Stream
instanceKlass java/util/stream/BaseStream
instanceKlass java/util/stream/PipelineHelper
instanceKlass java/util/stream/StreamSupport
instanceKlass java/util/Spliterator
instanceKlass worker/org/gradle/internal/classloader/ClassLoaderUtils$Java9PackagesFetcher
instanceKlass sun/invoke/util/Wrapper$Format
instanceKlass java/lang/invoke/MethodTypeForm
instanceKlass java/lang/reflect/Array
instanceKlass java/lang/invoke/MethodType$ConcurrentWeakInternSet
instanceKlass worker/org/gradle/internal/classloader/ClassLoaderUtils$AbstractClassLoaderLookuper
instanceKlass worker/org/gradle/internal/classloader/ClassLoaderUtils$ClassLoaderPackagesFetcher
instanceKlass worker/org/gradle/internal/classloader/ClassLoaderUtils$ClassDefiner
instanceKlass worker/org/gradle/internal/classloader/ClassLoaderUtils
instanceKlass java/util/ArrayList$Itr
instanceKlass worker/org/gradle/internal/classloader/ClassLoaderSpec
instanceKlass java/lang/StringUTF16
instanceKlass java/lang/Void
instanceKlass java/lang/PublicMethods$Key
instanceKlass java/lang/PublicMethods$MethodList
instanceKlass worker/org/gradle/internal/classloader/ClassLoaderHierarchy
instanceKlass java/lang/Class$Atomic
instanceKlass java/lang/Class$ReflectionData
instanceKlass worker/org/gradle/process/internal/worker/GradleWorkerMain
instanceKlass sun/security/util/Debug
instanceKlass java/security/SecureClassLoader$DebugHolder
instanceKlass java/security/PermissionCollection
instanceKlass java/security/SecureClassLoader$1
instanceKlass java/security/SecureClassLoader$CodeSourceKey
instanceKlass java/util/zip/Checksum$1
instanceKlass java/util/zip/CRC32
instanceKlass java/util/zip/Checksum
instanceKlass sun/nio/ByteBuffered
instanceKlass java/util/zip/ZipFile$InflaterCleanupAction
instanceKlass java/util/zip/Inflater$InflaterZStreamRef
instanceKlass java/util/zip/Inflater
instanceKlass java/lang/Package$VersionInfo
instanceKlass java/lang/NamedPackage
instanceKlass jdk/internal/loader/Resource
instanceKlass java/util/zip/ZipEntry
instanceKlass jdk/internal/util/jar/JarIndex
instanceKlass java/nio/Bits$1
instanceKlass jdk/internal/misc/VM$BufferPool
instanceKlass java/nio/Bits
instanceKlass sun/nio/ch/DirectBuffer
instanceKlass jdk/internal/perf/PerfCounter$CoreCounters
instanceKlass jdk/internal/perf/Perf
instanceKlass jdk/internal/perf/Perf$GetPerfAction
instanceKlass jdk/internal/perf/PerfCounter
instanceKlass java/nio/file/attribute/FileTime
instanceKlass java/util/zip/ZipUtils
instanceKlass java/util/zip/ZipFile$Source$End
instanceKlass java/io/RandomAccessFile$2
instanceKlass jdk/internal/access/JavaIORandomAccessFileAccess
instanceKlass java/io/RandomAccessFile
instanceKlass java/io/DataInput
instanceKlass java/io/DataOutput
instanceKlass sun/nio/fs/UnixFileAttributes$UnixAsBasicFileAttributes
instanceKlass sun/nio/fs/NativeBuffer$Deallocator
instanceKlass sun/nio/fs/NativeBuffer
instanceKlass java/lang/ThreadLocal$ThreadLocalMap
instanceKlass sun/nio/fs/NativeBuffers
instanceKlass sun/nio/fs/AbstractBasicFileAttributeView
instanceKlass sun/nio/fs/DynamicFileAttributeView
instanceKlass sun/nio/fs/UnixFileAttributeViews
instanceKlass java/nio/file/attribute/UserDefinedFileAttributeView
instanceKlass java/nio/file/attribute/DosFileAttributeView
instanceKlass java/nio/file/attribute/BasicFileAttributeView
instanceKlass java/nio/file/attribute/FileAttributeView
instanceKlass java/nio/file/attribute/AttributeView
instanceKlass java/nio/file/attribute/DosFileAttributes
instanceKlass java/nio/file/Files
instanceKlass java/nio/file/CopyOption
instanceKlass java/util/zip/ZipFile$Source$Key
instanceKlass sun/nio/fs/UnixMountEntry
instanceKlass sun/nio/fs/UnixFileStoreAttributes
instanceKlass sun/nio/fs/UnixFileAttributes
instanceKlass java/nio/file/attribute/PosixFileAttributes
instanceKlass java/nio/file/attribute/BasicFileAttributes
instanceKlass java/util/Enumeration
instanceKlass java/util/concurrent/ConcurrentHashMap$Traverser
instanceKlass java/util/concurrent/ConcurrentHashMap$CollectionView
instanceKlass jdk/internal/loader/NativeLibraries$NativeLibraryImpl
instanceKlass jdk/internal/loader/NativeLibrary
instanceKlass java/util/ArrayDeque$DeqIterator
instanceKlass jdk/internal/loader/NativeLibraries$1
instanceKlass jdk/internal/loader/NativeLibraries$LibraryPaths
instanceKlass sun/nio/fs/UnixNativeDispatcher
instanceKlass sun/nio/fs/Util
instanceKlass sun/nio/fs/UnixPath
instanceKlass java/nio/file/Path
instanceKlass java/nio/file/Watchable
instanceKlass java/nio/file/FileSystem
instanceKlass java/nio/file/OpenOption
instanceKlass java/nio/file/spi/FileSystemProvider
instanceKlass sun/nio/fs/DefaultFileSystemProvider
instanceKlass java/util/zip/ZipFile$Source
instanceKlass java/lang/ref/Cleaner$Cleanable
instanceKlass jdk/internal/ref/CleanerImpl
instanceKlass java/lang/ref/Cleaner$1
instanceKlass java/lang/ref/Cleaner
instanceKlass jdk/internal/ref/CleanerFactory$1
instanceKlass java/util/concurrent/ThreadFactory
instanceKlass jdk/internal/ref/CleanerFactory
instanceKlass java/util/zip/ZipCoder
instanceKlass java/util/zip/ZipFile$CleanableResource
instanceKlass java/lang/Runtime$Version
instanceKlass java/util/jar/JavaUtilJarAccessImpl
instanceKlass jdk/internal/access/JavaUtilJarAccess
instanceKlass jdk/internal/loader/FileURLMapper
instanceKlass jdk/internal/loader/URLClassPath$JarLoader$1
instanceKlass java/util/zip/ZipFile$1
instanceKlass jdk/internal/access/JavaUtilZipFileAccess
instanceKlass java/util/zip/ZipFile
instanceKlass java/util/zip/ZipConstants
instanceKlass jdk/internal/loader/URLClassPath$Loader
instanceKlass jdk/internal/loader/URLClassPath$3
instanceKlass java/security/PrivilegedExceptionAction
instanceKlass java/util/Optional
instanceKlass sun/util/locale/LocaleUtils
instanceKlass java/util/Locale
instanceKlass sun/net/util/URLUtil
instanceKlass java/lang/StringCoding
instanceKlass sun/launcher/LauncherHelper
instanceKlass java/lang/invoke/StringConcatFactory$3
instanceKlass java/lang/invoke/StringConcatFactory$2
instanceKlass java/lang/invoke/StringConcatFactory$1
instanceKlass java/lang/invoke/StringConcatFactory
instanceKlass jdk/internal/util/Preconditions
instanceKlass sun/net/util/IPAddressUtil
instanceKlass java/net/URLStreamHandler
instanceKlass java/util/HexFormat
instanceKlass sun/net/www/ParseUtil
instanceKlass java/net/URL$3
instanceKlass jdk/internal/access/JavaNetURLAccess
instanceKlass java/net/URL$DefaultFactory
instanceKlass java/net/URLStreamHandlerFactory
instanceKlass jdk/internal/loader/URLClassPath
instanceKlass jdk/internal/loader/BootLoader
instanceKlass java/util/Deque
instanceKlass java/util/Queue
instanceKlass jdk/internal/loader/ClassLoaderHelper
instanceKlass java/security/ProtectionDomain$JavaSecurityAccessImpl
instanceKlass jdk/internal/access/JavaSecurityAccess
instanceKlass java/lang/ClassLoader$ParallelLoaders
instanceKlass java/security/cert/Certificate
instanceKlass java/net/URI$1
instanceKlass jdk/internal/access/JavaNetUriAccess
instanceKlass jdk/internal/module/ModuleBootstrap$Counters
instanceKlass jdk/internal/module/ModulePatcher
instanceKlass jdk/internal/util/ArraysSupport
instanceKlass java/io/FileSystem
instanceKlass java/io/DefaultFileSystem
instanceKlass java/io/File
instanceKlass java/lang/module/ModuleDescriptor$1
instanceKlass jdk/internal/access/JavaLangModuleAccess
instanceKlass java/lang/reflect/Modifier
instanceKlass sun/invoke/util/VerifyAccess
instanceKlass jdk/internal/module/ModuleBootstrap
instanceKlass java/lang/invoke/MethodHandleStatics
instanceKlass java/util/Collections
instanceKlass jdk/internal/misc/OSEnvironment
instanceKlass jdk/internal/misc/Signal$NativeHandler
instanceKlass java/util/Hashtable$Entry
instanceKlass jdk/internal/misc/Signal
instanceKlass java/lang/Terminator$1
instanceKlass jdk/internal/misc/Signal$Handler
instanceKlass java/lang/Terminator
instanceKlass java/nio/ByteOrder
instanceKlass java/nio/Buffer$1
instanceKlass jdk/internal/access/JavaNioAccess
instanceKlass jdk/internal/misc/ScopedMemoryAccess
instanceKlass java/nio/charset/CodingErrorAction
instanceKlass java/nio/charset/CharsetEncoder
instanceKlass sun/nio/cs/HistoricallyNamedCharset
instanceKlass sun/security/action/GetPropertyAction
instanceKlass java/lang/ThreadLocal
instanceKlass java/nio/charset/spi/CharsetProvider
instanceKlass java/nio/charset/Charset
instanceKlass java/io/Writer
instanceKlass java/io/OutputStream
instanceKlass java/io/Flushable
instanceKlass java/io/FileDescriptor$1
instanceKlass jdk/internal/access/JavaIOFileDescriptorAccess
instanceKlass java/io/FileDescriptor
instanceKlass jdk/internal/util/StaticProperty
instanceKlass java/util/HashMap$HashIterator
instanceKlass java/lang/CharacterData
instanceKlass java/util/Arrays
instanceKlass java/lang/VersionProps
instanceKlass java/lang/StringConcatHelper
instanceKlass jdk/internal/misc/VM
instanceKlass jdk/internal/util/SystemProps$Raw
instanceKlass jdk/internal/util/SystemProps
instanceKlass java/lang/System$2
instanceKlass jdk/internal/access/JavaLangAccess
instanceKlass java/lang/ref/Reference$1
instanceKlass jdk/internal/access/JavaLangRefAccess
instanceKlass java/lang/ref/ReferenceQueue$Lock
instanceKlass java/lang/ref/ReferenceQueue
instanceKlass jdk/internal/reflect/ReflectionFactory
instanceKlass jdk/internal/reflect/ReflectionFactory$GetReflectionFactoryAction
instanceKlass java/security/PrivilegedAction
instanceKlass java/util/concurrent/locks/LockSupport
instanceKlass java/util/concurrent/ConcurrentHashMap$CounterCell
instanceKlass java/util/concurrent/locks/ReentrantLock
instanceKlass java/util/concurrent/locks/Lock
instanceKlass java/lang/Runtime
instanceKlass java/util/KeyValueHolder
instanceKlass java/util/ImmutableCollections$MapN$MapNIterator
instanceKlass java/lang/Math
instanceKlass jdk/internal/reflect/Reflection
instanceKlass java/util/Objects
instanceKlass java/lang/invoke/MethodHandles$Lookup
instanceKlass java/lang/StringLatin1
instanceKlass java/security/Permission
instanceKlass java/security/Guard
instanceKlass java/lang/invoke/MemberName$Factory
instanceKlass java/lang/invoke/MethodHandles
instanceKlass jdk/internal/access/SharedSecrets
instanceKlass java/lang/reflect/ReflectAccess
instanceKlass jdk/internal/access/JavaLangReflectAccess
instanceKlass jdk/internal/misc/CDS
instanceKlass java/lang/String$CaseInsensitiveComparator
instanceKlass java/util/Comparator
instanceKlass java/io/ObjectStreamField
instanceKlass java/lang/Module$ArchivedData
instanceKlass jdk/internal/module/ArchivedBootLayer
instanceKlass jdk/internal/loader/BuiltinClassLoader$LoadedModule
instanceKlass jdk/internal/module/ServicesCatalog$ServiceProvider
instanceKlass java/util/concurrent/CopyOnWriteArrayList
instanceKlass jdk/internal/module/ServicesCatalog
instanceKlass jdk/internal/loader/AbstractClassLoaderValue
instanceKlass java/util/concurrent/ConcurrentHashMap$Node
instanceKlass jdk/internal/loader/NativeLibraries
instanceKlass java/security/ProtectionDomain$Key
instanceKlass java/security/Principal
instanceKlass jdk/internal/loader/ArchivedClassLoaders
instanceKlass jdk/internal/math/FDBigInteger
instanceKlass java/lang/ModuleLayer
instanceKlass java/util/ImmutableCollections
instanceKlass jdk/internal/module/ModuleLoaderMap$Mapper
instanceKlass java/util/function/Function
instanceKlass java/lang/module/ResolvedModule
instanceKlass java/lang/module/Configuration
instanceKlass java/util/HashMap$Node
instanceKlass java/util/Map$Entry
instanceKlass java/util/Collections$UnmodifiableMap
instanceKlass jdk/internal/module/ModuleHashes
instanceKlass jdk/internal/module/ModuleTarget
instanceKlass java/lang/module/ModuleDescriptor$Opens
instanceKlass java/lang/module/ModuleDescriptor$Provides
instanceKlass jdk/internal/module/SystemModuleFinders$3
instanceKlass jdk/internal/module/ModuleHashes$HashSupplier
instanceKlass jdk/internal/module/SystemModuleFinders$2
instanceKlass java/util/function/Supplier
instanceKlass java/net/URI
instanceKlass java/lang/module/ModuleDescriptor$Exports
instanceKlass java/lang/Enum
instanceKlass java/lang/module/ModuleDescriptor$Requires
instanceKlass java/lang/module/ModuleDescriptor$Version
instanceKlass java/lang/module/ModuleDescriptor
instanceKlass java/lang/module/ModuleReference
instanceKlass java/util/Set
instanceKlass jdk/internal/module/SystemModuleFinders$SystemModuleFinder
instanceKlass java/lang/module/ModuleFinder
instanceKlass jdk/internal/module/ArchivedModuleGraph
instanceKlass sun/util/locale/BaseLocale
instanceKlass java/util/jar/Attributes$Name
instanceKlass java/lang/Character$CharacterCache
instanceKlass java/lang/Short$ShortCache
instanceKlass java/lang/Byte$ByteCache
instanceKlass java/lang/Long$LongCache
instanceKlass java/lang/Integer$IntegerCache
instanceKlass jdk/internal/vm/vector/VectorSupport$VectorPayload
instanceKlass jdk/internal/vm/vector/VectorSupport
instanceKlass java/lang/reflect/RecordComponent
instanceKlass java/util/Iterator
instanceKlass java/lang/Number
instanceKlass java/lang/Character
instanceKlass java/lang/Boolean
instanceKlass java/util/concurrent/locks/AbstractOwnableSynchronizer
instanceKlass java/lang/LiveStackFrame
instanceKlass java/lang/StackFrameInfo
instanceKlass java/lang/StackWalker$StackFrame
instanceKlass java/lang/StackStreamFactory$AbstractStackWalker
instanceKlass java/lang/StackWalker
instanceKlass java/nio/Buffer
instanceKlass java/lang/StackTraceElement
instanceKlass java/util/RandomAccess
instanceKlass java/util/List
instanceKlass java/util/AbstractCollection
instanceKlass java/util/Collection
instanceKlass java/lang/Iterable
instanceKlass java/util/concurrent/ConcurrentMap
instanceKlass java/util/AbstractMap
instanceKlass java/security/CodeSource
instanceKlass jdk/internal/loader/ClassLoaders
instanceKlass java/util/jar/Manifest
instanceKlass java/net/URL
instanceKlass java/io/InputStream
instanceKlass java/io/Closeable
instanceKlass java/lang/AutoCloseable
instanceKlass jdk/internal/module/Modules
instanceKlass jdk/internal/misc/Unsafe
instanceKlass jdk/internal/misc/UnsafeConstants
instanceKlass java/lang/AbstractStringBuilder
instanceKlass java/lang/Appendable
instanceKlass java/lang/AssertionStatusDirectives
instanceKlass java/lang/invoke/MethodHandleNatives$CallSiteContext
instanceKlass jdk/internal/invoke/NativeEntryPoint
instanceKlass java/lang/invoke/CallSite
instanceKlass java/lang/invoke/MethodType
instanceKlass java/lang/invoke/TypeDescriptor$OfMethod
instanceKlass java/lang/invoke/LambdaForm
instanceKlass java/lang/invoke/MethodHandleNatives
instanceKlass java/lang/invoke/ResolvedMethodName
instanceKlass java/lang/invoke/MemberName
instanceKlass java/lang/invoke/VarHandle
instanceKlass java/lang/invoke/MethodHandle
instanceKlass jdk/internal/reflect/CallerSensitive
instanceKlass java/lang/annotation/Annotation
instanceKlass jdk/internal/reflect/FieldAccessor
instanceKlass jdk/internal/reflect/ConstantPool
instanceKlass jdk/internal/reflect/ConstructorAccessor
instanceKlass jdk/internal/reflect/MethodAccessor
instanceKlass jdk/internal/reflect/MagicAccessorImpl
instanceKlass java/lang/reflect/Parameter
instanceKlass java/lang/reflect/Member
instanceKlass java/lang/reflect/AccessibleObject
instanceKlass java/lang/Module
instanceKlass java/util/Map
instanceKlass java/util/Dictionary
instanceKlass java/lang/ThreadGroup
instanceKlass java/lang/Thread$UncaughtExceptionHandler
instanceKlass java/lang/Thread
instanceKlass java/lang/Runnable
instanceKlass java/lang/ref/Reference
instanceKlass java/lang/Record
instanceKlass java/security/AccessController
instanceKlass java/security/AccessControlContext
instanceKlass java/security/ProtectionDomain
instanceKlass java/lang/SecurityManager
instanceKlass java/lang/Throwable
instanceKlass java/lang/System
instanceKlass java/lang/ClassLoader
instanceKlass java/lang/Cloneable
instanceKlass java/lang/Class
instanceKlass java/lang/invoke/TypeDescriptor$OfField
instanceKlass java/lang/invoke/TypeDescriptor
instanceKlass java/lang/reflect/Type
instanceKlass java/lang/reflect/GenericDeclaration
instanceKlass java/lang/reflect/AnnotatedElement
instanceKlass java/lang/String
instanceKlass java/lang/constant/ConstantDesc
instanceKlass java/lang/constant/Constable
instanceKlass java/lang/CharSequence
instanceKlass java/lang/Comparable
instanceKlass java/io/Serializable
ciInstanceKlass java/lang/Object 1 1 92 100 1 10 12 1 1 10 7 12 1 1 1 10 100 12 1 1 1 10 12 1 1 8 1 10 12 1 1 10 100 12 1 1 1 10 12 1 10 12 1 1 100 1 8 1 10 12 1 3 8 1 100 1 5 0 1 1 1 1 1 1 1 1 1 1 1 1 1 1 1 1 7 1 1 1 7 1 1 1 1 1 1 1 7 1 1 1 1 1 1 1
ciMethod java/lang/Object toString ()Ljava/lang/String; 0 0 1 0 -1
ciInstanceKlass java/lang/Class 1 1 1600 10 7 12 1 1 1 9 7 12 1 1 1 9 12 1 1 7 1 10 10 12 1 1 8 1 10 12 1 8 1 8 1 10 12 1 1 10 12 1 1 10 12 1 10 10 12 1 10 12 1 1 10 12 1 1 10 7 12 1 1 10 12 1 10 12 1 10 12 1 8 1 10 12 1 8 1 10 12 1 8 1 8 1 10 12 1 1 10 7 12 1 1 1 18 12 1 1 11 7 12 1 1 1 8 1 8 1 8 1 10 7 12 1 1 1 11 12 1 1 7 1 8 1 10 12 1 11 100 12 1 1 1 10 12 1 1 11 8 1 18 8 1 10 12 1 10 7 12 1 1 10 7 12 1 1 1 10 12 1 1 10 7 12 1 1 1 9 100 12 1 1 1 10 100 12 1 1 1 10 7 12 1 1 1 10 12 1 1 18 12 1 1 10 7 12 1 1 1 10 7 12 1 1 10 12 1 1 10 7 1 100 1 10 12 1 1 9 12 1 1 7 1 8 1 10 12 1 10 12 1 1 10 12 1 1 10 7 12 1 1 1 7 1 10 12 1 7 1 7 1 10 10 12 1 1 10 12 1 1 100 1 10 100 12 1 1 1 10 12 1 1 10 12 1 1 9 12 1 1 10 12 1 10 12 1 10 12 1 1 9 12 1 1 9 12 1 1 10 12 1 1 10 7 1 10 12 1 10 12 1 10 12 1 1 10 9 12 1 10 12 1 8 1 10 12 1 1 10 12 1 1 10 12 1 10 12 1 1 10 12 1 1 10 12 1 1 9 7 12 1 1 1 10 7 12 1 1 10 12 10 12 1 10 12 1 1 10 7 12 1 1 10 12 1 10 12 1 1 10 100 12 1 1 1 10 12 1 10 12 1 1 10 12 1 10 12 1 10 12 1 1 10 7 1 10 10 10 12 1 1 10 12 1 1 10 12 10 12 1 1 100 1 8 1 10 10 12 1 1 10 12 1 100 1 11 12 1 10 100 12 1 1 10 12 1 10 12 1 10 100 12 1 1 10 10 12 1 1 8 1 10 12 1 10 12 1 1 8 1 9 12 1 10 12 1 10 12 1 10 12 1 10 12 100 1 9 12 1 10 12 1 9 12 1 10 12 1 10 12 1 10 12 1 10 10 12 1 10 12 1 10 12 1 10 12 1 10 12 1 10 12 1 100 1 10 12 1 10 12 1 1 10 12 1 1 10 12 1 1 10 12 1 1 10 12 1 1 10 12 1 1 7 1 10 10 12 1 1 10 12 1 1 10 12 1 1 10 10 12 1 10 12 1 1 10 12 1 1 10 12 1 1 10 12 1 1 7 1 10 10 12 11 100 12 1 1 10 12 1 1 10 12 1 10 7 12 1 1 1 10 12 1 1 10 10 12 1 1 100 1 10 10 12 1 1 10 100 12 1 1 1 100 1 7 1 10 12 1 1 10 12 1 10 10 12 1 1 10 12 1 10 12 1 10 12 1 10 100 12 1 1 1 11 7 12 1 1 10 12 1 10 12 1 9 12 1 10 12 1 1 10 12 1 9 100 12 1 1 1 9 12 1 10 100 12 1 1 1 10 12 1 10 12 1 10 100 12 1 1 1 10 12 1 10 12 10 12 1 1 100 1 10 8 1 10 12 1 11 11 12 1 1 11 7 12 1 1 11 12 1 8 1 10 12 1 10 12 1 1 9 12 1 9 12 1 1 10 7 12 1 1 9 12 1 10 12 1 1 10 10 12 1 10 7 12 1 1 1 10 7 12 1 1 10 7 12 1 1 9 12 1 1 10 12 1 9 12 1 10 12 1 10 12 1 1 9 12 1 1 9 12 1 10 12 1 10 12 1 1 9 12 1 100 1 10 10 12 1 1 7 1 10 12 1 1 100 11 100 1 9 12 1 1 9 12 1 100 1 10 12 1 9 12 1 1 9 12 1 10 12 1 10 12 1 1 9 12 1 7 1 10 10 12 1 1 10 10 12 1 1 10 12 10 10 12 1 9 12 1 10 12 1 1 10 7 12 1 1 1 10 12 1 1 10 12 1 8 10 7 8 1 18 8 1 8 1 10 12 1 9 12 1 9 12 1 1 10 12 1 7 1 7 1 10 12 1 9 12 1 1 7 1 10 10 12 1 10 7 1 9 12 1 8 1 10 12 1 7 1 10 12 1 10 12 1 1 9 12 1 100 1 8 1 10 7 1 4 10 10 12 11 7 12 1 1 1 10 12 1 100 1 10 12 1 1 10 8 1 8 1 10 12 1 1 9 7 12 1 1 11 12 7 1 11 7 12 1 1 9 12 1 10 100 12 1 1 1 10 7 12 1 1 10 12 1 1 9 12 1 9 10 12 1 1 10 12 1 1 10 12 1 1 10 12 1 1 10 12 1 1 11 12 1 7 1 11 12 1 10 7 12 1 1 1 10 12 1 100 1 11 12 1 10 100 12 1 1 1 10 12 1 10 11 12 1 11 12 1 1 10 12 1 10 12 1 1 9 12 1 1 9 100 12 1 1 10 12 1 10 100 12 1 1 1 10 12 1 1 10 12 1 10 12 1 10 12 1 10 7 12 1 1 1 10 12 1 8 1 10 12 1 10 12 1 10 12 1 10 100 12 1 1 1 11 100 12 1 1 1 10 12 1 1 10 12 1 18 12 1 1 11 12 1 1 18 11 12 1 18 12 1 11 12 1 10 12 1 1 10 12 1 10 12 1 10 12 10 12 1 8 1 10 12 1 7 1 9 12 1 1 100 1 100 1 100 1 100 1 100 1 1 1 3 1 3 1 3 1 1 1 1 1 1 1 5 0 1 1 1 1 1 1 1 1 1 1 1 1 1 1 1 1 1 1 1 1 1 1 1 100 1 1 1 1 1 1 1 100 1 1 1 1 1 1 7 1 1 1 1 1 1 1 1 1 1 1 1 1 1 1 1 1 1 1 1 1 1 1 1 1 1 1 1 1 1 1 1 1 1 1 1 1 1 100 1 1 1 1 1 1 1 1 1 1 1 1 1 1 1 1 1 1 1 1 1 1 1 1 1 1 1 1 100 1 1 1 1 1 1 1 1 1 1 1 1 1 1 1 1 1 1 1 1 1 1 1 1 1 1 1 1 1 1 1 1 1 1 1 1 1 1 1 1 1 1 1 1 1 1 1 1 1 1 1 1 1 100 1 100 1 1 1 1 1 1 1 100 1 1 1 1 1 1 1 1 1 1 1 1 1 1 1 1 1 1 1 1 1 1 1 1 1 1 1 1 1 1 1 1 1 1 1 1 1 1 1 1 1 1 1 1 1 1 1 1 1 1 1 1 1 1 1 100 1 1 1 1 1 1 1 1 1 1 1 1 1 1 1 1 1 1 1 1 1 1 1 1 1 1 1 1 1 1 1 1 1 1 1 1 1 1 1 1 1 1 1 1 1 1 1 1 1 1 1 1 1 1 1 1 1 1 1 1 1 1 1 1 1 1 1 1 15 10 7 12 1 1 1 16 15 10 12 16 15 11 12 16 1 16 15 16 15 10 12 16 16 15 10 12 16 15 16 1 15 10 12 16 1 1 1 1 1 1 1 1 1 100 1 1 100 1 100 1 1 100 1 100 1 1
staticfield java/lang/Class EMPTY_CLASS_ARRAY [Ljava/lang/Class; 0 [Ljava/lang/Class;
staticfield java/lang/Class serialPersistentFields [Ljava/io/ObjectStreamField; 0 [Ljava/io/ObjectStreamField;
ciInstanceKlass java/io/Serializable 1 0 7 100 1 100 1 1 1
instanceKlass jdk/internal/vm/vector/VectorSupport$VectorShuffle
instanceKlass jdk/internal/vm/vector/VectorSupport$VectorMask
instanceKlass jdk/internal/vm/vector/VectorSupport$Vector
ciInstanceKlass jdk/internal/vm/vector/VectorSupport$VectorPayload 0 0 32 10 100 12 1 1 1 9 100 12 1 1 1 10 100 12 1 1 1 1 1 1 1 1 1 1 1 1 1 1 1 1
ciInstanceKlass jdk/internal/vm/vector/VectorSupport$VectorShuffle 0 0 28 10 100 12 1 1 1 100 1 1 1 1 1 1 1 1 1 1 1 1 1 1 1 100 1 1 1 1
ciInstanceKlass jdk/internal/vm/vector/VectorSupport$VectorMask 0 0 28 10 100 12 1 1 1 100 1 1 1 1 1 1 1 1 1 1 1 1 1 1 1 100 1 1 1 1
ciInstanceKlass jdk/internal/vm/vector/VectorSupport$Vector 0 0 28 10 100 12 1 1 1 100 1 1 1 1 1 1 1 1 1 1 1 1 1 1 1 100 1 1 1 1
ciInstanceKlass jdk/internal/vm/vector/VectorSupport 0 0 487 100 1 10 100 12 1 1 1 9 12 1 1 10 12 1 1 100 1 10 12 1 11 100 12 1 1 1 11 100 12 1 1 1 11 100 12 1 1 11 100 12 1 1 1 11 100 1 100 1 10 12 1 1 11 100 12 1 1 11 100 12 1 1 100 1 11 100 12 1 1 11 100 12 1 1 11 100 12 1 1 1 11 100 12 1 1 1 11 100 12 1 1 1 11 100 12 1 1 1 100 1 10 12 1 1 11 100 12 1 1 100 1 11 100 12 1 1 11 100 12 1 1 11 100 12 1 1 11 100 1 100 1 9 12 1 1 10 100 12 1 1 11 100 12 1 1 10 12 1 1 10 100 12 1 1 1 10 12 1 10 12 1 1 10 12 1 1 1 1 1 3 1 3 1 3 1 3 1 3 1 3 1 3 1 3 1 3 1 3 1 3 1 3 1 3 1 3 1 3 1 3 1 3 1 3 1 3 1 3 1 3 1 3 1 3 1 3 1 3 1 3 1 3 1 3 1 3 1 3 1 3 1 3 1 3 1 3 1 3 1 3 1 3 1 3 1 3 1 1 1 1 1 3 1 1 1 1 1 1 3 1 1 1 1 1 1 1 1 1 1 1 1 1 1 1 1 1 1 1 1 1 1 1 1 1 1 1 1 1 1 1 1 1 1 1 1 1 1 1 1 1 1 1 1 1 1 1 1 1 1 1 1 1 1 1 1 1 1 1 1 1 1 1 1 1 1 1 1 1 1 1 1 1 1 1 1 1 1 1 1 1 1 1 1 1 1 1 1 1 1 1 1 1 1 1 1 1 1 1 1 1 1 1 1 1 1 1 1 1 1 1 1 1 1 1 1 1 1 1 1 1 1 1 1 1 1 1 1 1 1 1 1 1 1 1 1 1 1 1 1 1 1 1 1 1 1 1 1 1 1 1 1 1 1 1 1 1 1 1 1 1 1 1 1 1 1 1 1 1 1 1 1 1 1 1 1 1 1 1 1 1 1 1 1 1 1 1 1 1 1 1 1 1 1 1 1 1 1 1 100 1 100 1 1 1 1 1 1 1 1 1 1 1 1 1 1 1 1 1 1 1 1 1 1 1 1
ciInstanceKlass java/lang/reflect/RecordComponent 0 0 196 10 100 12 1 1 1 9 100 12 1 1 1 9 12 1 1 9 12 1 10 12 1 1 10 12 1 1 10 100 12 1 1 1 10 12 1 1 9 12 1 1 10 12 1 1 10 12 1 1 10 12 1 10 100 12 1 1 10 100 12 1 1 9 12 1 1 10 100 12 1 1 1 11 100 12 1 1 1 10 9 100 12 1 1 1 10 100 12 1 1 1 9 12 1 1 10 100 12 1 1 1 10 12 1 1 11 100 12 1 1 10 100 12 1 1 100 1 9 12 1 9 12 1 1 9 12 1 10 100 12 1 1 1 10 12 1 1 10 12 1 1 100 1 10 10 12 1 10 12 1 1 8 1 10 12 1 10 12 1 9 12 1 100 1 1 1 1 1 1 1 1 1 1 1 1 1 1 1 1 1 1 1 1 1 1 100 1 1 1 1 1 1 100 1 1
ciInstanceKlass java/util/Iterator 1 1 53 100 1 8 1 10 12 1 1 10 100 12 1 1 1 11 100 12 1 1 1 11 12 1 1 11 100 12 1 1 1 100 1 1 1 1 1 1 1 1 1 1 1 1 1 1 1 1 1 1 1 1 1
ciInstanceKlass java/lang/System 1 1 803 10 100 12 1 1 1 9 7 12 1 1 1 10 12 1 10 12 1 1 10 12 1 1 10 12 1 9 12 1 1 10 7 12 1 1 1 11 100 12 1 1 1 10 100 12 1 1 1 10 12 1 1 10 12 1 1 100 1 8 1 10 12 1 10 100 12 1 1 1 10 7 12 1 1 1 18 12 1 1 10 100 12 1 1 1 100 1 10 12 1 1 10 100 12 1 1 1 10 12 1 10 7 12 1 1 1 9 100 12 1 1 1 10 100 12 1 1 1 11 7 12 1 1 1 10 12 1 1 10 7 12 1 1 1 100 1 10 10 12 1 1 8 1 10 12 1 8 1 10 12 1 9 12 1 1 8 1 10 7 12 1 1 1 10 12 1 1 100 1 8 1 10 9 12 1 1 8 1 10 12 1 1 10 100 12 1 1 1 8 1 10 12 1 100 1 10 12 1 8 1 10 12 1 10 12 1 1 100 1 10 12 10 12 1 9 12 1 1 9 12 1 1 10 7 12 1 1 1 10 7 12 1 1 1 10 12 1 1 10 12 1 10 12 1 10 7 12 1 1 1 10 12 1 100 1 100 1 8 1 10 12 1 10 12 1 1 7 1 10 12 1 100 1 8 1 10 10 12 1 100 1 8 1 10 8 1 10 7 12 1 1 8 1 10 12 100 1 8 1 10 10 12 1 1 10 7 12 1 1 1 100 1 18 12 1 100 1 9 100 12 1 1 1 10 12 1 100 1 10 12 1 1 10 12 1 1 10 7 12 1 1 1 10 12 1 1 10 12 1 10 12 1 10 12 1 1 10 12 1 7 1 10 12 1 10 12 1 100 1 10 12 1 10 7 12 1 1 1 100 1 8 1 10 9 12 1 9 12 1 10 12 1 10 100 12 1 1 10 12 1 10 12 1 1 8 1 10 12 1 1 8 1 11 12 1 10 12 11 12 1 1 11 7 12 1 1 1 11 7 12 1 1 11 12 1 1 7 1 11 12 1 10 12 1 8 1 10 12 1 1 8 1 8 1 8 1 8 1 11 12 1 10 12 1 10 12 1 10 12 1 10 7 12 1 1 8 1 7 1 9 7 12 1 1 1 10 12 1 7 1 9 12 10 9 12 7 1 10 12 8 1 10 12 1 1 8 1 10 7 12 1 1 10 12 1 10 7 12 1 1 1 10 12 1 1 10 7 12 1 1 1 10 12 10 7 12 1 1 1 9 12 1 1 100 1 8 1 10 12 1 1 10 7 12 1 1 1 7 1 10 12 1 1 8 1 10 8 1 8 1 8 1 8 1 10 10 7 12 1 1 10 12 1 1 10 12 1 1 10 12 1 1 10 12 1 10 100 12 1 1 1 10 100 1 8 1 10 10 10 12 1 1 10 12 1 1 8 1 10 12 1 8 1 10 12 1 10 12 1 1 7 1 10 10 12 1 10 12 1 9 12 1 1 1 3 1 3 1 1 1 1 1 1 1 1 1 1 1 1 100 1 1 100 1 1 1 1 1 1 1 1 1 1 1 100 1 100 1 1 1 1 1 1 1 1 1 1 1 1 1 1 1 1 1 1 1 1 1 1 1 1 1 1 1 1 1 1 1 1 1 1 1 1 1 1 1 1 1 1 1 1 1 1 1 1 1 1 1 1 1 1 1 1 1 1 100 1 1 1 1 1 1 1 1 1 1 1 1 1 1 1 1 1 1 1 1 1 1 1 1 1 1 1 1 1 1 1 1 1 100 1 1 15 10 100 12 1 1 1 16 15 10 12 1 1 16 15 10 12 16 1 1 1 1 1 1 1 100 1 100 1 1
staticfield java/lang/System in Ljava/io/InputStream; java/io/BufferedInputStream
staticfield java/lang/System out Ljava/io/PrintStream; org/gradle/internal/io/LinePerThreadBufferingOutputStream
staticfield java/lang/System err Ljava/io/PrintStream; org/gradle/internal/io/LinePerThreadBufferingOutputStream
instanceKlass android/app/LoadedApk$WarningContextClassLoader
instanceKlass android/app/LoadedApk$WarningContextClassLoader
instanceKlass org/robolectric/util/reflector/Reflector$1
instanceKlass org/gradle/internal/classloader/CachingClassLoader
instanceKlass org/gradle/internal/classloader/MultiParentClassLoader
instanceKlass worker/org/gradle/internal/classloader/FilteringClassLoader$RetrieveSystemPackagesClassLoader
instanceKlass worker/org/gradle/internal/classloader/FilteringClassLoader
instanceKlass jdk/internal/reflect/DelegatingClassLoader
instanceKlass java/security/SecureClassLoader
ciInstanceKlass java/lang/ClassLoader 1 1 1098 9 7 12 1 1 1 10 7 12 1 1 1 9 12 1 1 10 7 12 1 1 1 7 1 10 12 1 1 10 12 1 1 9 12 1 1 10 12 1 1 100 1 10 12 1 10 12 1 1 10 7 12 1 1 1 100 1 8 1 10 12 1 10 7 12 1 1 1 10 100 12 1 10 7 1 10 7 1 7 1 7 1 10 12 1 10 12 1 9 12 1 1 10 10 7 12 1 1 1 9 12 1 1 9 12 1 9 12 1 1 9 12 1 9 12 1 1 9 12 1 1 7 1 10 12 1 9 12 1 1 10 12 1 1 10 7 12 1 1 1 9 12 1 9 12 1 1 9 12 1 10 12 1 1 9 12 10 12 1 1 7 1 10 8 1 10 12 1 1 10 12 1 10 7 1 7 1 10 12 1 1 10 7 12 1 1 1 8 1 10 12 1 10 12 1 10 12 1 1 10 12 1 1 10 12 1 1 10 12 1 1 10 12 1 1 10 12 1 7 1 10 12 1 10 7 12 1 1 1 10 12 1 1 10 12 1 10 12 1 10 12 1 10 12 1 10 12 1 1 10 10 12 1 10 12 1 10 100 12 1 1 10 12 1 1 10 12 1 1 10 12 1 100 1 10 12 1 100 1 10 12 1 10 100 12 1 1 1 10 10 12 1 1 10 12 1 1 100 1 8 1 10 8 1 10 12 1 10 12 1 100 1 8 1 10 12 1 1 10 12 1 1 10 10 12 1 1 10 12 1 1 10 12 1 1 10 7 1 10 12 1 1 10 12 1 1 10 12 1 1 10 12 1 1 10 12 1 1 10 12 1 1 10 12 1 10 7 12 1 1 1 10 12 1 10 12 1 10 12 1 1 10 12 1 10 12 1 10 12 1 10 12 1 1 10 12 1 10 12 1 1 8 1 9 12 1 10 12 1 1 8 1 8 1 10 7 12 1 1 100 1 10 10 12 10 12 1 10 12 1 10 12 1 10 12 1 1 10 7 12 1 1 10 12 1 10 7 1 7 1 10 12 1 1 10 12 1 10 7 1 10 12 1 100 1 18 12 1 10 100 12 1 1 1 10 100 12 1 1 1 10 7 12 1 1 10 12 1 1 10 12 1 10 12 1 1 100 1 10 12 1 10 12 1 1 10 7 12 1 1 10 12 1 8 1 100 1 10 10 12 1 9 12 1 10 7 12 1 1 10 12 1 100 1 8 1 10 12 1 10 8 1 8 1 10 12 1 1 10 12 1 1 10 12 1 1 10 100 12 1 1 1 100 1 100 1 10 12 1 1 100 1 100 1 10 100 12 1 1 10 12 1 10 12 1 1 10 12 1 10 12 1 1 10 12 1 1 9 100 12 1 1 1 10 12 1 1 10 12 1 10 12 1 10 12 1 1 10 12 1 8 1 10 12 1 7 1 18 12 1 1 10 12 1 1 10 12 1 10 12 1 10 12 1 8 1 10 12 1 10 12 1 18 12 1 11 7 12 1 1 1 7 1 10 12 1 1 10 12 1 10 11 12 1 1 10 18 10 12 1 1 11 7 12 1 18 12 1 11 12 1 1 10 12 10 12 1 1 10 12 1 1 100 1 8 1 10 10 12 1 8 1 8 1 10 100 12 1 1 10 12 1 100 1 10 10 12 1 8 1 8 1 8 1 10 12 1 10 12 1 1 10 12 1 10 100 12 1 1 1 11 100 12 1 1 100 1 10 11 10 12 1 10 12 1 10 12 1 1 9 100 12 1 1 9 12 1 1 9 12 9 12 1 9 12 1 9 12 1 8 10 12 1 1 10 7 12 1 1 1 10 12 1 1 10 12 1 1 10 12 1 10 10 12 1 11 12 1 1 10 100 12 1 1 1 100 1 10 12 1 10 12 1 10 12 1 1 1 1 1 1 1 1 1 1 1 1 1 1 1 1 1 1 1 1 1 1 1 1 1 1 1 1 100 1 1 1 1 1 1 1 1 1 1 1 1 1 1 1 1 1 1 1 1 1 100 1 1 1 1 1 1 1 1 1 1 100 1 1 1 1 1 1 1 1 1 1 1 1 1 1 1 1 1 1 1 1 1 1 1 1 1 1 1 1 1 1 1 1 1 1 1 1 1 1 1 1 1 100 1 1 1 1 1 1 1 1 1 1 1 1 1 1 1 1 1 1 100 1 1 1 1 1 1 1 1 1 1 1 1 1 1 1 1 1 1 1 1 1 1 1 1 1 1 1 1 1 1 1 1 1 1 1 1 1 1 1 1 1 1 1 1 1 1 1 1 1 1 1 100 1 1 1 1 1 1 1 1 1 1 1 1 1 1 1 1 1 1 1 1 1 1 1 1 1 1 1 1 1 1 1 1 1 1 1 1 1 1 1 1 1 1 1 1 1 1 15 10 7 12 1 1 1 16 1 15 10 12 16 1 16 15 10 12 16 1 16 1 15 10 12 16 15 10 12 16 15 10 12 16 1 1 100 1 100 1 1
staticfield java/lang/ClassLoader nocerts [Ljava/security/cert/Certificate; 0 [Ljava/security/cert/Certificate;
staticfield java/lang/ClassLoader $assertionsDisabled Z 1
ciInstanceKlass jdk/internal/reflect/DelegatingClassLoader 1 1 18 10 7 12 1 1 1 100 1 1 1 1 1 1 1 1 1 1
instanceKlass java/net/URLClassLoader
instanceKlass jdk/internal/loader/BuiltinClassLoader
ciInstanceKlass java/security/SecureClassLoader 1 1 102 10 7 12 1 1 1 7 1 10 12 1 9 7 12 1 1 1 10 12 1 10 12 1 10 12 1 1 10 12 1 1 10 12 1 7 1 10 7 1 10 12 1 7 1 10 12 1 11 7 12 1 1 1 7 1 11 12 1 10 12 1 1 1 1 1 1 1 1 1 1 1 1 1 1 1 1 1 1 1 1 1 1 1 1 1 1 1 1 1 1 1 1 1 1 1 1 100 1 1 1 1
instanceKlass jdk/internal/loader/ClassLoaders$BootClassLoader
instanceKlass jdk/internal/loader/ClassLoaders$PlatformClassLoader
instanceKlass jdk/internal/loader/ClassLoaders$AppClassLoader
ciInstanceKlass jdk/internal/loader/BuiltinClassLoader 1 1 737 9 7 12 1 1 1 10 100 12 1 1 1 10 7 12 1 1 1 9 12 1 1 9 12 1 1 7 1 10 12 1 9 12 1 10 12 1 9 12 1 10 7 12 1 1 1 10 7 12 1 1 1 10 100 12 1 1 1 11 7 12 1 1 1 100 1 100 1 10 10 12 1 1 8 1 10 12 1 10 12 7 1 10 12 1 10 12 1 1 11 100 12 1 1 1 11 7 12 1 1 1 11 12 1 1 7 1 8 1 8 1 10 9 12 1 1 10 7 12 1 1 11 12 1 1 10 12 1 1 10 12 1 1 10 12 1 1 10 7 12 1 1 1 10 12 1 10 100 12 1 1 1 10 12 1 1 11 7 12 1 1 1 10 7 12 1 1 7 1 10 7 12 1 1 1 10 12 1 100 1 8 1 10 12 1 1 10 8 1 10 12 1 1 10 12 1 1 10 12 1 1 11 7 12 1 1 11 12 1 7 1 10 11 12 1 1 11 10 12 1 1 7 1 10 12 1 10 7 12 1 10 12 1 7 1 10 12 1 10 7 12 1 1 1 100 1 10 12 1 1 11 12 1 7 1 100 1 10 12 1 10 12 1 1 100 1 100 1 10 12 1 10 12 1 18 12 1 1 10 12 1 10 12 1 1 18 100 1 10 7 12 1 1 1 7 1 10 10 12 1 1 10 12 1 1 10 12 1 1 10 12 1 9 12 1 1 100 1 10 10 12 1 1 10 12 1 1 10 12 1 10 12 10 12 1 1 10 12 1 1 10 12 1 1 10 12 1 10 12 1 1 18 12 1 7 1 10 12 1 1 10 12 1 10 12 1 1 10 12 1 100 1 10 12 1 7 1 10 12 1 10 7 12 1 1 1 10 12 1 11 12 1 7 1 10 12 1 7 1 100 1 10 12 1 10 12 1 11 12 1 1 10 12 1 1 10 12 1 1 10 12 1 1 10 12 1 1 10 12 1 10 12 1 10 12 1 10 12 1 8 1 10 12 1 1 10 7 12 1 1 10 12 1 100 1 8 1 8 1 10 10 12 1 8 1 8 1 10 7 12 1 1 1 11 7 12 1 1 1 9 7 12 1 1 1 10 7 12 1 1 1 9 12 1 9 12 1 9 12 1 9 12 1 9 12 1 9 12 1 10 7 12 1 1 1 8 1 10 12 1 7 1 10 12 1 1 10 12 1 7 1 10 11 12 1 1 10 12 10 12 1 10 12 1 100 1 10 12 1 10 12 1 10 10 12 1 10 7 12 1 1 8 1 10 7 12 1 1 10 12 1 1 1 1 1 1 1 1 1 1 1 1 1 1 1 1 1 1 1 1 1 1 1 1 1 1 1 1 1 1 1 1 1 1 1 1 1 1 1 1 1 1 1 1 1 1 1 1 1 1 1 1 1 1 1 1 100 1 1 1 1 1 1 1 1 1 1 1 1 1 1 1 1 1 1 100 1 100 1 1 1 1 1 1 1 1 1 1 1 1 1 1 1 1 1 1 1 1 1 1 1 1 1 1 1 1 1 1 1 1 1 1 1 1 1 1 1 1 1 1 1 1 1 1 1 1 1 1 1 100 1 1 15 10 100 12 1 1 1 16 15 10 12 16 15 10 12 16 15 10 12 16 1 1 1 100 1 1 1 1 1 100 1 100 1 1
staticfield jdk/internal/loader/BuiltinClassLoader packageToModule Ljava/util/Map; java/util/concurrent/ConcurrentHashMap
staticfield jdk/internal/loader/BuiltinClassLoader $assertionsDisabled Z 1
ciInstanceKlass java/security/AccessController 1 1 295 10 100 12 1 1 1 10 7 12 1 1 1 10 7 12 1 1 1 10 12 1 1 10 12 1 1 10 7 12 1 1 1 10 12 1 1 10 12 1 10 12 1 1 10 12 1 100 1 8 1 10 12 1 10 12 1 10 12 1 1 10 12 1 100 1 100 1 10 12 1 1 10 12 1 10 12 1 10 12 1 1 10 7 12 1 1 1 10 12 1 1 9 100 12 1 1 1 10 100 12 1 1 1 10 12 1 10 12 1 9 100 12 1 1 1 10 12 1 10 12 1 1 9 12 1 1 10 100 1 10 11 7 12 1 1 1 10 7 12 1 1 11 7 1 100 1 10 12 1 10 12 1 10 12 1 8 1 10 12 1 1 8 1 10 100 12 1 1 1 8 1 100 1 10 10 12 1 1 10 12 1 10 7 12 1 1 1 10 12 1 8 1 10 100 12 1 1 8 1 8 1 10 12 1 8 1 10 12 1 10 12 1 1 10 12 1 1 1 1 1 1 1 1 1 1 1 1 1 1 1 1 1 1 1 1 1 1 1 1 1 1 1 1 100 1 1 1 1 1 1 1 1 1 1 1 1 1 1 1 1 1 1 1 1 1 1 1 1 1 1 1 1 1 1 1 1 1 1 100 1 100 1 1 1 1 1 1 1 1 1 3 1 1 1
staticfield java/security/AccessController $assertionsDisabled Z 1
instanceKlass jdk/internal/reflect/GeneratedConstructorAccessor141
instanceKlass jdk/internal/reflect/GeneratedConstructorAccessor140
instanceKlass jdk/internal/reflect/GeneratedConstructorAccessor139
instanceKlass jdk/internal/reflect/GeneratedConstructorAccessor138
instanceKlass jdk/internal/reflect/GeneratedConstructorAccessor137
instanceKlass jdk/internal/reflect/GeneratedConstructorAccessor136
instanceKlass jdk/internal/reflect/GeneratedConstructorAccessor135
instanceKlass jdk/internal/reflect/GeneratedConstructorAccessor134
instanceKlass jdk/internal/reflect/GeneratedConstructorAccessor133
instanceKlass jdk/internal/reflect/GeneratedConstructorAccessor132
instanceKlass jdk/internal/reflect/GeneratedConstructorAccessor131
instanceKlass jdk/internal/reflect/GeneratedConstructorAccessor130
instanceKlass jdk/internal/reflect/GeneratedConstructorAccessor129
instanceKlass jdk/internal/reflect/GeneratedConstructorAccessor128
instanceKlass jdk/internal/reflect/GeneratedConstructorAccessor127
instanceKlass jdk/internal/reflect/GeneratedConstructorAccessor126
instanceKlass jdk/internal/reflect/GeneratedConstructorAccessor125
instanceKlass jdk/internal/reflect/GeneratedConstructorAccessor124
instanceKlass jdk/internal/reflect/GeneratedConstructorAccessor123
instanceKlass jdk/internal/reflect/GeneratedConstructorAccessor122
instanceKlass jdk/internal/reflect/GeneratedConstructorAccessor121
instanceKlass jdk/internal/reflect/GeneratedConstructorAccessor120
instanceKlass jdk/internal/reflect/GeneratedConstructorAccessor119
instanceKlass jdk/internal/reflect/GeneratedConstructorAccessor118
instanceKlass jdk/internal/reflect/GeneratedConstructorAccessor117
instanceKlass jdk/internal/reflect/GeneratedConstructorAccessor116
instanceKlass jdk/internal/reflect/GeneratedConstructorAccessor115
instanceKlass jdk/internal/reflect/GeneratedConstructorAccessor114
instanceKlass jdk/internal/reflect/GeneratedConstructorAccessor113
instanceKlass jdk/internal/reflect/GeneratedConstructorAccessor112
instanceKlass jdk/internal/reflect/GeneratedConstructorAccessor111
instanceKlass jdk/internal/reflect/GeneratedConstructorAccessor110
instanceKlass jdk/internal/reflect/GeneratedConstructorAccessor109
instanceKlass jdk/internal/reflect/GeneratedConstructorAccessor108
instanceKlass jdk/internal/reflect/GeneratedConstructorAccessor107
instanceKlass jdk/internal/reflect/GeneratedConstructorAccessor106
instanceKlass jdk/internal/reflect/GeneratedConstructorAccessor105
instanceKlass jdk/internal/reflect/GeneratedConstructorAccessor104
instanceKlass jdk/internal/reflect/GeneratedConstructorAccessor103
instanceKlass jdk/internal/reflect/GeneratedConstructorAccessor102
instanceKlass jdk/internal/reflect/GeneratedConstructorAccessor101
instanceKlass jdk/internal/reflect/GeneratedConstructorAccessor100
instanceKlass jdk/internal/reflect/GeneratedConstructorAccessor99
instanceKlass jdk/internal/reflect/GeneratedConstructorAccessor98
instanceKlass jdk/internal/reflect/GeneratedConstructorAccessor97
instanceKlass jdk/internal/reflect/GeneratedConstructorAccessor96
instanceKlass jdk/internal/reflect/GeneratedConstructorAccessor95
instanceKlass jdk/internal/reflect/GeneratedConstructorAccessor94
instanceKlass jdk/internal/reflect/GeneratedConstructorAccessor93
instanceKlass jdk/internal/reflect/GeneratedConstructorAccessor92
instanceKlass jdk/internal/reflect/GeneratedConstructorAccessor91
instanceKlass jdk/internal/reflect/GeneratedConstructorAccessor90
instanceKlass jdk/internal/reflect/GeneratedConstructorAccessor89
instanceKlass jdk/internal/reflect/GeneratedConstructorAccessor88
instanceKlass jdk/internal/reflect/GeneratedConstructorAccessor87
instanceKlass jdk/internal/reflect/GeneratedConstructorAccessor86
instanceKlass jdk/internal/reflect/GeneratedConstructorAccessor85
instanceKlass jdk/internal/reflect/GeneratedConstructorAccessor84
instanceKlass jdk/internal/reflect/GeneratedConstructorAccessor83
instanceKlass jdk/internal/reflect/GeneratedConstructorAccessor82
instanceKlass jdk/internal/reflect/GeneratedConstructorAccessor81
instanceKlass jdk/internal/reflect/GeneratedConstructorAccessor80
instanceKlass jdk/internal/reflect/GeneratedConstructorAccessor79
instanceKlass jdk/internal/reflect/GeneratedConstructorAccessor78
instanceKlass jdk/internal/reflect/GeneratedConstructorAccessor77
instanceKlass jdk/internal/reflect/GeneratedConstructorAccessor76
instanceKlass jdk/internal/reflect/GeneratedConstructorAccessor75
instanceKlass jdk/internal/reflect/GeneratedConstructorAccessor74
instanceKlass jdk/internal/reflect/GeneratedConstructorAccessor73
instanceKlass jdk/internal/reflect/GeneratedConstructorAccessor72
instanceKlass jdk/internal/reflect/GeneratedConstructorAccessor71
instanceKlass jdk/internal/reflect/GeneratedConstructorAccessor70
instanceKlass jdk/internal/reflect/GeneratedConstructorAccessor69
instanceKlass jdk/internal/reflect/GeneratedConstructorAccessor68
instanceKlass jdk/internal/reflect/GeneratedConstructorAccessor67
instanceKlass jdk/internal/reflect/GeneratedConstructorAccessor66
instanceKlass jdk/internal/reflect/GeneratedConstructorAccessor65
instanceKlass jdk/internal/reflect/GeneratedConstructorAccessor64
instanceKlass jdk/internal/reflect/GeneratedConstructorAccessor63
instanceKlass jdk/internal/reflect/GeneratedConstructorAccessor62
instanceKlass jdk/internal/reflect/GeneratedConstructorAccessor61
instanceKlass jdk/internal/reflect/GeneratedConstructorAccessor60
instanceKlass jdk/internal/reflect/GeneratedConstructorAccessor59
instanceKlass jdk/internal/reflect/GeneratedConstructorAccessor58
instanceKlass jdk/internal/reflect/GeneratedConstructorAccessor57
instanceKlass jdk/internal/reflect/GeneratedConstructorAccessor56
instanceKlass jdk/internal/reflect/GeneratedConstructorAccessor55
instanceKlass jdk/internal/reflect/GeneratedConstructorAccessor54
instanceKlass jdk/internal/reflect/GeneratedConstructorAccessor53
instanceKlass jdk/internal/reflect/GeneratedConstructorAccessor52
instanceKlass jdk/internal/reflect/GeneratedConstructorAccessor51
instanceKlass jdk/internal/reflect/GeneratedConstructorAccessor50
instanceKlass jdk/internal/reflect/GeneratedConstructorAccessor49
instanceKlass jdk/internal/reflect/GeneratedConstructorAccessor48
instanceKlass jdk/internal/reflect/GeneratedConstructorAccessor47
instanceKlass jdk/internal/reflect/GeneratedConstructorAccessor46
instanceKlass jdk/internal/reflect/GeneratedConstructorAccessor45
instanceKlass jdk/internal/reflect/GeneratedConstructorAccessor44
instanceKlass jdk/internal/reflect/GeneratedConstructorAccessor43
instanceKlass jdk/internal/reflect/GeneratedConstructorAccessor42
instanceKlass jdk/internal/reflect/GeneratedConstructorAccessor41
instanceKlass jdk/internal/reflect/GeneratedConstructorAccessor40
instanceKlass jdk/internal/reflect/GeneratedConstructorAccessor39
instanceKlass jdk/internal/reflect/GeneratedConstructorAccessor38
instanceKlass jdk/internal/reflect/GeneratedConstructorAccessor37
instanceKlass jdk/internal/reflect/GeneratedConstructorAccessor36
instanceKlass jdk/internal/reflect/GeneratedConstructorAccessor35
instanceKlass jdk/internal/reflect/GeneratedConstructorAccessor34
instanceKlass jdk/internal/reflect/GeneratedConstructorAccessor33
instanceKlass jdk/internal/reflect/GeneratedConstructorAccessor32
instanceKlass jdk/internal/reflect/GeneratedConstructorAccessor31
instanceKlass jdk/internal/reflect/GeneratedConstructorAccessor30
instanceKlass jdk/internal/reflect/GeneratedConstructorAccessor29
instanceKlass jdk/internal/reflect/GeneratedConstructorAccessor28
instanceKlass jdk/internal/reflect/GeneratedConstructorAccessor27
instanceKlass jdk/internal/reflect/GeneratedConstructorAccessor26
instanceKlass jdk/internal/reflect/GeneratedConstructorAccessor25
instanceKlass jdk/internal/reflect/GeneratedConstructorAccessor24
instanceKlass jdk/internal/reflect/GeneratedConstructorAccessor23
instanceKlass jdk/internal/reflect/GeneratedConstructorAccessor22
instanceKlass jdk/internal/reflect/GeneratedConstructorAccessor21
instanceKlass jdk/internal/reflect/GeneratedConstructorAccessor20
instanceKlass jdk/internal/reflect/GeneratedConstructorAccessor19
instanceKlass jdk/internal/reflect/GeneratedConstructorAccessor18
instanceKlass jdk/internal/reflect/GeneratedConstructorAccessor17
instanceKlass jdk/internal/reflect/GeneratedConstructorAccessor16
instanceKlass jdk/internal/reflect/GeneratedConstructorAccessor15
instanceKlass jdk/internal/reflect/GeneratedConstructorAccessor14
instanceKlass jdk/internal/reflect/GeneratedConstructorAccessor13
instanceKlass jdk/internal/reflect/GeneratedConstructorAccessor12
instanceKlass jdk/internal/reflect/GeneratedConstructorAccessor11
instanceKlass jdk/internal/reflect/GeneratedConstructorAccessor10
instanceKlass jdk/internal/reflect/GeneratedConstructorAccessor9
instanceKlass jdk/internal/reflect/GeneratedConstructorAccessor8
instanceKlass jdk/internal/reflect/GeneratedConstructorAccessor7
instanceKlass jdk/internal/reflect/GeneratedConstructorAccessor6
instanceKlass jdk/internal/reflect/GeneratedConstructorAccessor5
instanceKlass jdk/internal/reflect/GeneratedConstructorAccessor4
instanceKlass jdk/internal/reflect/GeneratedConstructorAccessor3
instanceKlass jdk/internal/reflect/GeneratedConstructorAccessor2
instanceKlass jdk/internal/reflect/GeneratedConstructorAccessor1
instanceKlass jdk/internal/reflect/BootstrapConstructorAccessorImpl
instanceKlass jdk/internal/reflect/SerializationConstructorAccessorImpl
instanceKlass jdk/internal/reflect/DelegatingConstructorAccessorImpl
instanceKlass jdk/internal/reflect/NativeConstructorAccessorImpl
ciInstanceKlass jdk/internal/reflect/ConstructorAccessorImpl 1 1 27 10 7 12 1 1 1 100 1 100 1 1 1 1 1 1 1 1 1 100 1 100 1 100 1 1 1
instanceKlass jdk/internal/reflect/FieldAccessorImpl
instanceKlass jdk/internal/reflect/ConstructorAccessorImpl
instanceKlass jdk/internal/reflect/MethodAccessorImpl
ciInstanceKlass jdk/internal/reflect/MagicAccessorImpl 1 1 16 10 7 12 1 1 1 100 1 1 1 1 1 1 1 1
instanceKlass jdk/internal/reflect/GeneratedMethodAccessor37
instanceKlass jdk/internal/reflect/GeneratedMethodAccessor36
instanceKlass jdk/internal/reflect/GeneratedMethodAccessor35
instanceKlass jdk/internal/reflect/GeneratedMethodAccessor34
instanceKlass jdk/internal/reflect/GeneratedMethodAccessor33
instanceKlass jdk/internal/reflect/GeneratedMethodAccessor32
instanceKlass jdk/internal/reflect/GeneratedMethodAccessor31
instanceKlass jdk/internal/reflect/GeneratedMethodAccessor30
instanceKlass jdk/internal/reflect/GeneratedMethodAccessor29
instanceKlass jdk/internal/reflect/GeneratedMethodAccessor28
instanceKlass jdk/internal/reflect/GeneratedMethodAccessor27
instanceKlass jdk/internal/reflect/GeneratedMethodAccessor26
instanceKlass jdk/internal/reflect/GeneratedMethodAccessor25
instanceKlass jdk/internal/reflect/GeneratedMethodAccessor24
instanceKlass jdk/internal/reflect/GeneratedMethodAccessor23
instanceKlass jdk/internal/reflect/GeneratedMethodAccessor22
instanceKlass jdk/internal/reflect/GeneratedMethodAccessor21
instanceKlass jdk/internal/reflect/GeneratedMethodAccessor20
instanceKlass jdk/internal/reflect/GeneratedMethodAccessor19
instanceKlass jdk/internal/reflect/GeneratedMethodAccessor18
instanceKlass jdk/internal/reflect/GeneratedMethodAccessor17
instanceKlass jdk/internal/reflect/GeneratedMethodAccessor16
instanceKlass jdk/internal/reflect/GeneratedMethodAccessor15
instanceKlass jdk/internal/reflect/GeneratedMethodAccessor14
instanceKlass jdk/internal/reflect/GeneratedMethodAccessor13
instanceKlass jdk/internal/reflect/GeneratedMethodAccessor12
instanceKlass jdk/internal/reflect/GeneratedMethodAccessor11
instanceKlass jdk/internal/reflect/GeneratedMethodAccessor10
instanceKlass jdk/internal/reflect/GeneratedMethodAccessor9
instanceKlass jdk/internal/reflect/GeneratedMethodAccessor8
instanceKlass jdk/internal/reflect/GeneratedMethodAccessor7
instanceKlass jdk/internal/reflect/GeneratedMethodAccessor6
instanceKlass jdk/internal/reflect/GeneratedMethodAccessor5
instanceKlass jdk/internal/reflect/GeneratedMethodAccessor4
instanceKlass jdk/internal/reflect/GeneratedMethodAccessor3
instanceKlass jdk/internal/reflect/GeneratedMethodAccessor2
instanceKlass jdk/internal/reflect/GeneratedMethodAccessor1
instanceKlass jdk/internal/reflect/DelegatingMethodAccessorImpl
instanceKlass jdk/internal/reflect/NativeMethodAccessorImpl
ciInstanceKlass jdk/internal/reflect/MethodAccessorImpl 1 1 25 10 7 12 1 1 1 100 1 100 1 1 1 1 1 1 1 1 1 100 1 100 1 1 1
ciInstanceKlass java/lang/Module 1 1 959 10 7 12 1 1 1 9 7 12 1 1 1 10 7 12 1 1 1 9 12 1 9 12 1 1 9 12 1 1 10 12 1 1 10 12 1 10 12 1 1 10 7 12 1 1 1 100 1 10 7 12 1 1 1 10 12 1 1 11 7 12 1 1 1 10 12 1 1 10 7 12 1 1 1 10 12 1 1 10 7 12 1 1 1 9 100 12 1 1 1 10 100 12 1 1 1 10 12 1 8 1 10 7 12 1 1 1 10 7 12 1 1 1 9 12 1 1 9 12 1 1 10 12 1 9 12 1 1 11 12 1 9 7 12 1 1 10 7 12 1 1 1 10 7 12 1 1 1 10 12 1 1 100 1 100 1 10 10 12 1 1 8 1 10 12 1 10 12 10 12 1 10 12 1 1 10 12 1 1 10 12 1 1 9 7 12 1 1 1 10 12 1 1 10 12 1 1 9 12 1 10 12 1 10 12 1 9 12 1 1 11 7 12 1 1 10 12 1 1 9 12 1 9 12 1 10 12 1 10 12 1 100 1 8 1 10 10 12 1 1 10 12 1 8 1 10 12 1 1 8 1 8 1 10 12 1 1 10 12 1 10 12 1 1 18 12 1 1 10 12 1 1 11 12 1 9 12 1 11 12 10 100 12 1 1 100 1 8 1 10 100 1 11 12 1 1 10 12 1 10 12 1 10 12 1 1 11 12 1 1 11 100 12 1 1 11 12 1 1 9 12 1 11 12 1 10 12 1 1 10 12 1 1 9 12 1 10 12 10 7 12 1 1 10 7 12 1 1 10 100 1 18 12 1 1 11 100 12 1 1 1 18 12 1 11 12 1 1 10 100 12 1 1 1 11 12 1 1 10 100 12 1 1 4 100 1 11 12 1 100 1 100 1 10 10 100 12 1 1 1 10 11 100 12 1 8 1 10 10 12 1 1 10 100 12 1 1 10 12 1 10 12 1 100 1 10 12 1 10 11 12 1 1 10 12 10 12 1 1 9 12 1 100 1 10 10 12 1 1 11 100 1 10 12 1 1 11 12 1 10 10 12 1 11 10 12 1 1 10 12 1 1 10 12 1 1 10 100 12 1 1 10 12 1 10 12 1 1 10 10 12 1 1 10 12 1 18 12 1 11 12 1 18 12 1 10 12 1 10 12 1 10 12 100 1 10 12 1 10 12 1 10 12 1 9 12 1 100 1 10 10 10 10 12 1 10 12 1 10 12 1 10 12 1 1 10 12 1 1 10 12 1 9 12 1 18 12 1 1 10 100 12 1 1 1 100 1 8 1 10 12 1 1 10 12 1 1 10 100 12 1 1 100 1 10 12 1 1 100 1 8 1 100 1 10 100 1 100 1 3 10 12 1 100 1 10 12 1 10 12 1 1 10 12 1 1 100 1 10 12 1 10 12 1 1 100 1 100 1 10 12 8 1 10 12 1 1 10 12 1 1 10 7 12 1 1 10 12 1 1 10 12 1 10 12 10 12 1 1 100 1 10 10 12 1 1 10 100 12 1 1 1 100 1 8 1 10 12 1 1 10 100 12 1 1 8 1 10 12 1 8 1 10 12 1 10 12 10 12 1 8 1 10 10 100 12 1 1 7 1 10 10 12 1 10 7 12 1 1 9 12 1 9 12 1 9 12 1 9 12 1 10 12 11 12 1 10 12 1 100 1 1 1 1 1 1 1 1 1 1 1 1 1 1 1 1 100 1 1 1 1 1 1 1 1 1 1 1 1 1 1 1 1 1 1 1 1 1 1 1 1 1 1 1 1 1 1 1 1 1 1 1 1 1 1 1 1 1 1 1 1 1 1 1 1 1 1 1 1 1 1 1 1 1 1 1 1 1 1 1 1 1 1 1 1 1 1 1 1 1 1 1 1 1 1 1 1 1 1 1 100 100 1 1 1 1 1 1 1 1 1 1 1 1 1 1 1 1 1 1 1 1 1 1 1 1 1 1 1 1 1 1 1 1 1 1 100 1 100 1 7 1 1 1 1 1 1 1 1 1 1 1 1 1 1 1 1 1 1 1 1 1 1 1 1 1 1 1 1 15 10 7 12 1 1 1 16 15 10 12 16 16 15 10 12 16 16 15 10 16 1 15 10 12 16 1 15 10 12 16 1 16 15 10 12 16 1 1 1 1 1 1 1 100 1 100 1 1
staticfield java/lang/Module ALL_UNNAMED_MODULE Ljava/lang/Module; java/lang/Module
staticfield java/lang/Module ALL_UNNAMED_MODULE_SET Ljava/util/Set; java/util/ImmutableCollections$Set12
staticfield java/lang/Module EVERYONE_MODULE Ljava/lang/Module; java/lang/Module
staticfield java/lang/Module EVERYONE_SET Ljava/util/Set; java/util/ImmutableCollections$Set12
staticfield java/lang/Module $assertionsDisabled Z 1
ciInstanceKlass java/util/ArrayList 1 1 492 10 7 12 1 1 1 7 1 9 7 12 1 1 1 9 12 1 100 1 100 1 10 8 1 10 12 1 1 10 12 1 10 12 1 1 10 12 1 9 12 1 11 7 12 1 1 1 9 12 1 1 10 12 1 1 7 10 7 12 1 1 1 9 12 1 10 12 1 10 12 1 1 10 7 12 1 1 1 10 7 12 1 1 1 10 12 1 1 10 12 1 1 10 12 1 1 10 12 1 10 12 1 1 100 1 100 1 10 12 1 10 7 12 1 1 1 10 7 12 1 1 10 12 1 10 12 10 12 1 1 10 12 1 1 10 12 1 1 7 1 10 12 1 1 10 12 1 1 10 12 1 100 1 10 11 12 1 1 11 100 12 1 1 1 11 12 1 10 12 1 10 12 1 10 12 1 1 100 1 10 12 1 1 10 10 12 1 1 10 12 1 8 1 8 1 8 1 8 1 10 12 1 1 10 12 1 1 11 12 1 100 1 10 100 12 1 1 10 12 1 10 12 1 1 10 100 12 1 1 10 12 1 10 100 12 1 1 1 11 100 12 1 1 1 10 12 1 100 1 8 1 10 7 1 10 12 1 7 1 10 12 1 10 12 1 1 7 1 10 12 1 10 12 1 1 11 100 12 1 1 7 1 10 12 1 10 12 1 1 11 100 12 1 1 10 12 1 1 10 12 1 1 10 12 1 1 10 12 1 1 11 100 12 1 1 10 12 1 1 100 1 100 1 100 1 1 1 1 5 0 1 3 1 1 1 1 1 1 1 1 1 1 1 1 1 1 1 1 1 1 1 1 1 1 1 1 1 1 1 1 1 1 1 1 1 1 1 1 1 1 1 1 1 1 1 1 1 1 1 1 1 1 1 1 1 1 1 1 1 1 1 1 1 1 1 1 1 1 1 1 1 1 1 1 1 1 1 1 1 1 1 1 1 1 1 1 1 1 1 1 1 1 1 1 1 1 1 1 100 1 1 1 1 100 1 1 1 1 1 1 1 1 1 1 1 1 1 1 1 1 1 1 1 1 1 1 1 1 1 1 1 1 1 100 1 1 1 1 1 1 1 1 1 1 1 1 1 1 1 1 1 1 100 1 100 1 1 1 1 1 1
staticfield java/util/ArrayList EMPTY_ELEMENTDATA [Ljava/lang/Object; 0 [Ljava/lang/Object;
staticfield java/util/ArrayList DEFAULTCAPACITY_EMPTY_ELEMENTDATA [Ljava/lang/Object; 0 [Ljava/lang/Object;
ciInstanceKlass java/util/concurrent/ConcurrentHashMap 1 1 1210 7 1 7 1 3 10 12 1 1 3 100 1 10 7 12 1 1 1 100 1 10 100 12 1 1 1 100 1 11 12 1 1 11 12 1 11 12 1 1 9 12 1 1 9 12 1 1 9 12 1 10 7 12 1 1 1 7 1 10 12 1 1 10 12 1 1 10 7 12 1 1 1 4 10 12 1 9 12 1 10 12 1 1 100 1 10 5 0 10 12 1 10 12 1 1 5 0 10 12 1 1 10 12 1 9 12 1 1 10 12 1 1 9 12 1 9 12 1 1 10 12 1 1 9 12 1 10 12 1 1 9 12 1 1 10 12 1 1 100 1 10 100 1 10 12 1 10 12 1 1 10 12 1 1 10 12 1 1 10 12 1 10 12 1 1 10 12 1 1 7 1 10 12 1 1 7 1 100 1 8 1 10 12 1 10 12 1 1 10 12 1 1 11 7 12 1 1 10 12 1 1 11 12 1 1 11 7 12 1 1 1 11 7 12 1 1 1 11 12 1 7 1 11 12 1 11 12 1 10 12 1 1 10 12 1 1 9 12 1 1 10 7 12 1 1 1 9 10 12 1 1 9 12 1 10 12 1 1 5 0 9 12 1 1 7 1 10 12 1 9 12 1 1 7 1 10 12 1 9 12 1 7 1 10 100 1 10 10 12 1 1 8 1 10 12 1 10 12 1 1 11 100 1 10 12 1 10 100 12 1 1 1 8 1 10 100 12 1 1 1 8 1 10 12 1 8 1 10 12 1 10 12 1 1 10 100 12 1 1 10 12 1 10 12 1 10 12 1 9 12 1 9 10 12 1 9 12 1 1 11 100 12 1 1 1 11 7 12 1 1 1 100 1 10 12 11 100 12 1 1 10 11 7 12 1 10 12 1 100 1 10 12 1 100 1 10 10 9 7 12 1 1 1 10 12 3 10 100 12 1 1 9 12 1 10 12 1 1 9 12 1 1 9 12 1 10 12 1 1 10 100 12 1 1 9 12 1 9 7 12 1 1 10 12 1 1 10 12 1 3 9 12 1 9 12 1 10 12 1 1 7 1 9 3 9 12 1 100 1 10 12 1 9 12 1 10 12 1 9 12 1 10 12 1 9 12 1 10 100 12 1 1 1 100 10 12 1 100 1 5 0 10 100 12 1 1 100 1 10 12 1 1 10 12 1 10 12 1 100 1 10 12 1 10 100 1 100 1 10 10 12 1 10 100 1 10 12 1 10 100 1 10 12 1 10 100 1 10 12 1 1 100 1 10 12 1 10 10 12 1 100 1 10 12 1 10 10 12 1 100 1 10 12 1 10 100 1 10 12 1 10 100 1 10 12 1 10 100 1 10 12 1 10 100 1 10 12 1 10 100 1 10 12 1 10 100 1 10 12 1 10 100 1 10 12 1 10 100 1 10 10 100 1 10 10 100 1 10 10 100 1 10 12 1 10 100 1 10 12 1 10 100 1 10 12 1 10 100 1 10 12 1 10 100 1 10 12 1 10 100 1 10 10 100 1 10 10 100 1 10 10 100 1 10 12 1 10 100 1 10 12 1 10 100 1 10 12 1 10 100 1 10 12 1 10 100 1 10 12 1 10 10 12 1 10 7 12 1 1 1 10 12 1 7 1 7 1 10 12 1 9 12 1 1 9 12 1 1 10 12 1 1 8 10 12 1 1 8 8 8 8 7 10 12 1 1 10 12 1 100 1 8 1 10 7 1 100 1 100 1 1 1 5 0 1 1 3 1 3 1 1 1 1 3 1 3 1 3 1 1 1 1 1 3 1 3 1 3 1 1 1 1 1 1 1 1 1 1 1 1 1 1 1 1 1 1 1 1 1 1 1 1 1 100 1 1 1 1 1 1 1 1 1 1 1 1 1 1 1 1 1 1 1 1 1 1 1 1 1 1 1 1 1 1 1 1 1 1 1 1 1 1 1 1 1 1 1 1 1 1 1 1 1 1 1 1 1 1 1 1 1 1 1 1 1 1 1 1 1 1 1 1 1 1 1 1 1 1 1 1 1 1 1 1 1 1 1 1 100 1 1 1 1 1 1 1 1 1 1 1 100 1 1 1 1 1 1 1 1 1 1 1 1 1 1 1 1 1 1 1 1 1 1 1 1 1 1 1 1 1 1 1 1 1 1 1 1 1 1 1 1 1 1 1 1 1 1 1 1 1 1 1 1 1 1 1 1 1 1 1 1 1 1 1 1 1 1 1 1 1 1 1 1 1 1 1 1 1 1 1 1 1 1 1 1 1 1 1 1 1 1 1 1 1 1 1 1 1 1 1 1 1 1 1 1 1 1 1 1 1 1 1 1 1 1 1 1 1 1 1 1 1 1 1 1 1 1 1 1 1 1 1 1 1 1 1 1 1 1 1 1 1 1 1 1 1 1 1 1 1 1 1 1 1 1 1 1 1 1 1 1 1 1 1 1 1 1 1 1 1 1 1 1 1 1 1 1 1 1 1 1 1 1 1 1 1 1 1 1 1 1 1 1 1 1 1 1 1 1 1 1 1 1 1 1 1 1 1 1 1 1 1 1 1 1 1 1 1 1 1 1 1 1 1 100 1 100 1 100 1 100 1 100 1 100 1 100 1 100 1 100 1 1 1 1 1 1 1 1 1 1 1 1 1 1 1 1 1 1 1 1 1 1 1 1 1 1 1 1 1 1 1 1 1 1 1 1 1 1 1 1 1 1 1 1 1 1 1 1 1 1 1 1 1 1 1 1 1 1
staticfield java/util/concurrent/ConcurrentHashMap NCPU I 8
staticfield java/util/concurrent/ConcurrentHashMap serialPersistentFields [Ljava/io/ObjectStreamField; 3 [Ljava/io/ObjectStreamField;
staticfield java/util/concurrent/ConcurrentHashMap U Ljdk/internal/misc/Unsafe; jdk/internal/misc/Unsafe
staticfield java/util/concurrent/ConcurrentHashMap SIZECTL J 20
staticfield java/util/concurrent/ConcurrentHashMap TRANSFERINDEX J 32
staticfield java/util/concurrent/ConcurrentHashMap BASECOUNT J 24
staticfield java/util/concurrent/ConcurrentHashMap CELLSBUSY J 36
staticfield java/util/concurrent/ConcurrentHashMap CELLVALUE J 144
staticfield java/util/concurrent/ConcurrentHashMap ABASE I 16
staticfield java/util/concurrent/ConcurrentHashMap ASHIFT I 2
ciInstanceKlass java/lang/String 1 1 1396 10 7 12 1 1 1 8 1 9 7 12 1 1 1 9 12 1 1 9 12 1 1 10 12 1 10 12 1 1 10 12 1 1 9 12 1 1 10 7 12 1 1 1 10 7 1 10 7 12 1 1 1 10 12 1 1 10 12 1 1 10 12 1 10 12 1 1 10 12 1 10 7 12 1 1 1 9 7 12 1 1 1 10 7 12 1 1 1 10 12 1 1 10 12 1 1 10 12 1 1 10 12 1 1 10 12 1 1 9 7 12 1 1 10 12 9 100 12 1 1 3 10 7 12 1 1 1 100 1 11 12 1 1 11 12 1 11 12 1 1 10 100 12 1 1 1 10 12 1 1 9 100 12 1 1 1 10 12 1 1 10 12 1 11 12 1 1 10 12 1 1 10 12 10 12 1 1 10 100 12 1 1 1 10 7 12 1 1 1 10 12 1 1 100 1 100 1 10 12 1 10 12 1 10 12 1 1 100 1 10 12 1 1 100 1 10 12 1 1 10 12 1 1 10 10 12 1 100 1 100 1 7 1 10 12 1 10 12 1 1 10 12 1 1 10 12 1 10 12 1 1 10 12 1 1 10 100 12 1 1 100 1 11 11 12 1 11 12 1 10 12 1 1 10 12 1 10 12 10 12 1 1 10 10 100 12 1 1 1 10 100 12 1 1 10 12 1 1 10 100 12 1 1 10 12 1 10 12 1 1 10 12 1 1 10 12 1 10 12 1 10 12 1 1 100 1 10 12 1 1 10 12 10 12 1 10 12 1 1 10 100 12 1 1 1 10 12 1 10 12 1 1 10 12 1 10 12 1 3 3 10 12 1 10 12 1 1 10 12 1 1 10 12 1 1 10 12 1 10 12 1 1 10 12 1 1 10 12 1 10 12 1 10 12 1 10 12 1 1 10 12 1 10 12 1 10 12 1 10 12 1 10 12 1 10 12 1 10 100 1 10 8 1 10 12 1 1 10 12 1 8 1 10 12 1 1 10 12 10 12 1 8 1 10 10 12 1 1 10 12 1 1 10 12 1 10 12 1 1 10 12 10 100 1 10 10 12 1 10 12 1 10 12 1 10 10 12 1 10 12 1 1 10 12 1 100 1 10 10 12 1 100 1 10 10 12 1 10 12 1 1 10 12 1 10 12 1 1 10 10 12 1 1 10 100 1 10 10 12 1 10 12 1 1 10 12 1 1 10 100 1 10 12 1 10 12 1 10 12 1 10 12 1 1 10 12 1 11 7 1 11 12 10 12 1 10 12 1 1 10 12 1 1 10 10 12 1 10 12 1 9 12 1 1 11 7 12 1 1 1 10 10 12 1 10 12 1 1 10 10 12 1 10 12 1 10 12 1 1 9 12 1 10 12 1 1 10 10 12 1 1 10 12 10 10 12 1 10 12 10 10 12 10 10 12 1 10 12 1 10 12 10 10 12 10 12 1 10 12 10 12 10 10 12 1 10 12 1 1 10 12 1 10 10 12 1 10 7 12 1 1 1 10 12 1 1 10 10 7 12 1 1 1 11 10 12 1 10 12 1 1 10 12 1 1 10 7 12 1 1 1 10 12 1 10 10 12 1 10 12 1 10 12 1 10 100 12 1 1 10 12 1 100 1 100 1 8 1 10 10 10 12 1 8 1 10 12 1 3 3 7 1 10 10 12 1 10 12 1 10 12 1 1 10 12 1 1 11 7 12 1 1 1 7 1 10 12 1 1 10 12 1 10 12 1 1 10 12 1 1 8 1 10 12 1 1 10 12 1 11 100 12 1 1 1 11 100 12 1 1 11 12 1 1 10 12 1 10 12 1 1 10 10 7 12 1 1 1 10 12 1 10 12 1 10 10 12 10 12 1 1 10 10 12 1 10 10 12 1 10 10 12 1 10 10 12 1 10 12 1 1 10 10 12 1 8 1 10 12 1 1 18 12 1 1 11 100 12 1 1 1 7 1 3 18 12 1 18 12 1 8 1 10 100 12 1 1 1 11 12 1 1 10 12 10 10 12 1 10 11 12 1 1 10 12 1 1 11 12 1 18 3 11 10 12 1 11 11 10 12 1 10 12 1 1 8 1 10 12 1 10 12 1 10 12 1 1 10 10 12 1 11 100 12 1 7 1 100 1 10 12 1 7 1 10 10 7 12 1 1 1 100 1 10 7 1 10 10 12 1 10 10 12 1 8 1 10 10 12 1 8 1 8 1 10 12 1 10 12 1 10 10 12 10 100 12 1 1 10 100 12 1 1 10 100 12 1 1 8 1 10 12 1 10 12 1 1 10 10 12 8 1 8 1 10 8 1 8 1 8 1 8 1 10 12 1 10 12 1 8 1 10 100 12 1 1 1 10 12 10 12 1 1 10 12 10 10 12 10 12 7 1 9 12 1 1 7 1 10 100 1 100 1 100 1 100 1 1 1 1 1 1 5 0 1 1 1 1 1 3 1 3 1 1 1 1 1 1 1 1 1 1 1 1 1 1 1 100 1 1 1 100 1 1 1 1 1 1 1 1 1 1 1 1 1 1 1 1 1 1 1 1 1 1 1 1 1 1 1 100 1 1 1 1 1 1 1 1 1 100 1 1 1 1 1 1 1 1 1 1 1 1 1 1 1 1 1 1 1 1 1 1 1 1 1 1 1 1 1 1 1 1 1 1 1 1 1 1 1 1 1 1 1 1 1 1 1 1 1 1 1 1 1 1 1 1 1 1 1 1 1 1 1 1 1 1 1 1 1 1 1 1 1 1 1 1 1 1 1 1 1 1 1 1 1 1 1 1 1 1 1 1 1 1 1 1 1 1 1 1 1 1 1 1 1 1 1 1 1 1 1 1 1 1 1 1 1 1 1 1 1 1 1 1 1 1 1 1 1 1 1 1 1 1 1 1 1 1 1 1 1 1 1 1 1 1 1 1 1 1 1 1 1 1 1 1 1 1 1 1 1 1 1 1 1 1 1 1 1 100 1 1 1 1 1 1 1 1 1 1 1 1 1 1 1 1 1 1 1 1 1 1 1 1 100 1 1 1 1 1 1 1 1 1 1 1 1 1 7 1 1 1 1 1 1 1 1 1 1 1 1 1 1 1 15 10 100 12 1 1 1 16 15 10 12 16 15 10 12 15 10 12 15 10 12 1 1 1 1 100 1 100 1 1 1
staticfield java/lang/String COMPACT_STRINGS Z 1
staticfield java/lang/String serialPersistentFields [Ljava/io/ObjectStreamField; 0 [Ljava/io/ObjectStreamField;
staticfield java/lang/String CASE_INSENSITIVE_ORDER Ljava/util/Comparator; java/lang/String$CaseInsensitiveComparator
ciInstanceKlass java/security/ProtectionDomain 1 1 324 10 7 12 1 1 1 9 7 12 1 1 1 7 1 10 9 12 1 1 9 12 1 1 9 12 1 1 10 7 12 1 1 7 1 9 12 1 9 12 1 1 7 1 9 12 1 1 9 12 1 10 100 12 1 1 10 100 12 1 1 1 10 12 1 1 10 12 1 9 12 1 9 100 12 1 1 10 12 1 1 10 100 1 10 12 1 1 8 1 100 1 8 1 10 12 1 10 10 100 12 1 1 1 10 12 1 1 8 1 11 8 1 10 12 1 8 1 8 1 10 12 1 1 10 12 1 10 12 1 1 10 12 1 8 1 10 12 1 8 1 8 1 10 100 12 1 1 1 9 100 12 1 1 1 10 12 1 1 9 100 12 1 1 1 10 100 12 1 1 1 100 1 100 1 10 12 1 10 100 12 1 1 1 10 100 1 10 12 1 10 12 1 1 11 100 12 1 1 11 12 1 100 1 11 100 12 1 1 1 10 12 1 10 11 12 1 1 11 12 1 1 10 12 1 10 7 12 1 1 10 100 12 1 1 11 12 1 10 12 8 1 8 1 10 7 12 1 1 1 7 1 10 10 7 12 1 1 1 1 1 1 1 1 1 1 100 1 1 100 1 1 1 1 1 1 1 1 1 1 1 1 1 1 1 1 1 1 1 1 1 1 1 1 1 1 1 1 1 1 1 1 1 1 1 1 1 1 1 1 1 1 100 1 1 1 1 1 100 1 1 1 1 1
staticfield java/security/ProtectionDomain filePermCompatInPD Z 0
ciInstanceKlass java/security/CodeSource 1 1 395 10 7 12 1 1 1 9 7 12 1 1 1 9 12 1 1 9 12 1 1 9 12 1 1 10 7 12 1 1 1 9 12 1 1 10 7 12 1 1 10 7 10 100 12 1 1 1 10 100 12 1 1 1 10 12 1 1 7 1 10 10 7 12 1 1 1 10 7 12 1 1 1 10 12 1 1 10 12 1 100 1 10 12 1 1 10 12 1 1 10 12 1 1 10 12 1 10 10 10 12 1 1 10 100 12 1 1 1 10 12 1 10 12 1 10 12 1 8 1 10 12 1 10 12 1 10 12 1 1 10 12 1 8 1 10 12 1 1 10 100 1 10 10 12 1 1 8 1 10 12 1 10 12 1 10 12 1 8 1 8 1 9 12 1 1 100 1 8 1 10 12 1 10 12 1 1 8 1 10 12 1 8 1 8 1 8 1 10 100 12 1 1 10 12 1 1 10 12 1 10 12 1 1 10 12 1 1 10 12 1 1 100 1 100 1 10 12 1 10 12 10 12 1 1 10 100 12 1 1 10 12 1 100 1 10 12 10 8 1 10 12 1 10 12 1 10 12 1 1 100 1 10 12 1 1 100 1 100 1 8 1 8 1 10 10 12 1 1 10 100 12 1 1 1 100 1 10 12 10 12 1 1 11 100 12 1 1 10 10 12 1 11 10 12 1 8 1 100 1 10 12 1 10 12 1 1 10 12 1 11 12 1 1 11 100 1 1 1 1 5 0 1 1 1 1 1 1 1 1 1 1 1 1 1 1 1 1 1 1 1 1 1 1 1 1 1 1 1 1 1 1 1 1 1 1 1 1 1 1 1 1 1 1 1 1 1 1 1 1 1 1 1 1 1 1 1 1 1 1 1 1 1 1 1 1 1 100 1 1 1 1 1 1 1
ciInstanceKlass java/lang/StringBuilder 1 1 409 10 7 12 1 1 1 10 12 1 10 12 1 10 12 1 1 10 7 12 1 1 1 10 7 12 1 1 1 10 12 1 10 12 1 10 12 1 10 12 1 10 12 1 10 12 1 10 12 1 10 12 1 10 12 1 10 12 1 10 12 1 10 12 1 10 12 1 10 12 1 1 10 12 1 10 12 1 1 10 12 1 1 10 12 1 10 12 1 10 12 1 10 12 1 10 12 1 10 12 1 10 12 1 10 12 10 12 1 10 12 1 10 12 1 10 12 1 1 10 12 1 10 12 1 10 12 10 12 1 1 10 12 1 1 9 12 1 1 9 12 1 1 10 7 12 1 1 1 10 7 1 10 100 12 1 1 1 10 12 1 10 12 1 1 10 12 1 1 10 10 12 1 1 10 100 12 1 1 10 12 1 10 12 1 1 100 1 100 1 8 1 10 10 12 1 1 10 12 1 1 10 12 1 10 12 1 10 12 1 10 12 1 10 12 1 10 12 1 10 12 1 10 12 1 10 12 1 10 12 1 10 12 1 10 12 1 10 12 1 10 12 1 10 12 1 1 10 12 1 1 10 12 1 10 12 1 10 12 1 10 12 10 12 10 12 1 10 12 1 10 12 1 10 12 10 12 1 10 12 1 10 12 1 10 12 1 10 12 1 10 12 1 10 12 1 10 12 1 10 12 1 1 10 12 1 10 12 1 1 10 12 1 10 12 1 1 10 12 1 10 12 1 1 10 12 1 10 12 1 10 12 1 10 10 12 1 10 12 1 100 1 100 1 100 1 1 1 1 5 0 1 1 1 1 1 1 1 1 1 1 1 1 1 1 1 1 1 1 1 1 1 1 1 1 1 1 1 1 1 1 1 1 1 1 1 1 1 1 1 1 1 1 1 7 1 1 1 100 1 1 1 1 1 1 1 1 1 1
ciInstanceKlass jdk/internal/loader/ClassLoaders 1 1 183 10 100 12 1 1 1 10 7 12 1 1 1 10 12 1 1 10 7 12 1 1 1 9 7 12 1 1 1 9 12 1 1 9 12 1 1 7 1 11 100 12 1 1 1 100 1 11 12 1 1 11 12 1 1 10 100 12 1 1 1 10 100 12 1 1 1 100 1 100 1 10 7 12 1 1 1 9 12 1 1 10 12 1 1 7 1 10 12 1 1 10 12 1 7 1 8 1 10 100 12 1 1 1 10 12 1 1 7 1 10 12 1 10 12 1 10 12 1 8 1 10 7 12 1 1 8 1 8 1 10 12 1 7 1 10 12 1 10 12 1 10 12 1 1 1 1 1 1 1 1 1 1 1 1 1 1 1 1 1 1 1 1 100 1 1 1 1 1 1 1 1 1 1 1 1 1 1 1 1 1 1 1
staticfield jdk/internal/loader/ClassLoaders JLA Ljdk/internal/access/JavaLangAccess; java/lang/System$2
staticfield jdk/internal/loader/ClassLoaders BOOT_LOADER Ljdk/internal/loader/ClassLoaders$BootClassLoader; jdk/internal/loader/ClassLoaders$BootClassLoader
staticfield jdk/internal/loader/ClassLoaders PLATFORM_LOADER Ljdk/internal/loader/ClassLoaders$PlatformClassLoader; jdk/internal/loader/ClassLoaders$PlatformClassLoader
staticfield jdk/internal/loader/ClassLoaders APP_LOADER Ljdk/internal/loader/ClassLoaders$AppClassLoader; jdk/internal/loader/ClassLoaders$AppClassLoader
ciInstanceKlass jdk/internal/misc/Unsafe 1 1 1285 10 7 12 1 1 1 9 7 12 1 1 1 9 12 1 1 10 12 1 1 10 7 12 1 1 1 10 12 1 1 10 12 1 1 10 12 1 1 10 12 1 1 10 12 1 1 10 12 1 1 10 12 1 1 10 12 1 1 10 12 1 1 10 12 1 1 10 12 1 1 10 12 1 1 10 12 1 1 10 12 1 10 12 1 100 1 10 10 12 1 1 10 12 1 1 5 0 10 12 1 1 10 12 1 1 10 7 12 1 1 1 10 12 1 1 10 12 1 10 12 1 10 12 1 1 10 12 1 1 10 12 1 10 12 1 100 1 100 1 10 8 1 10 12 1 1 10 12 1 8 1 10 12 1 1 10 12 1 10 12 1 10 12 1 1 10 12 1 10 12 1 1 10 12 1 1 10 12 1 10 12 1 10 12 1 10 12 1 1 10 12 1 10 12 1 10 12 1 1 10 12 1 5 0 5 0 5 0 10 12 1 10 12 1 10 12 1 10 12 1 10 12 1 10 12 1 10 12 1 10 12 1 10 12 1 1 10 12 1 10 12 1 100 1 8 1 10 100 1 10 10 12 1 1 10 12 1 1 10 12 1 10 12 1 1 10 12 1 1 10 12 1 10 12 1 1 10 12 1 9 7 12 1 1 9 12 1 100 1 10 10 12 1 1 8 1 10 8 1 8 1 10 12 1 1 9 7 12 1 1 1 9 100 1 9 7 1 9 7 1 9 9 100 1 9 100 1 9 100 1 10 12 1 1 10 12 1 1 10 12 1 1 10 12 1 1 5 0 5 0 9 12 1 1 10 12 1 10 12 1 10 12 1 1 10 12 1 1 10 12 1 8 1 3 10 12 1 1 10 12 1 1 10 12 1 10 12 1 1 10 12 1 1 10 12 1 10 12 1 10 12 1 10 12 1 10 12 1 10 12 1 1 10 12 1 1 10 12 1 10 12 1 10 12 1 10 12 1 10 12 1 10 12 1 1 10 12 1 1 10 12 1 10 12 1 10 12 1 10 12 1 10 12 1 10 12 1 1 10 12 1 1 10 12 1 1 10 12 1 1 10 12 1 10 12 1 10 12 1 10 12 1 10 12 1 10 12 1 10 12 1 1 10 12 1 1 10 12 1 10 12 1 10 12 1 10 12 1 10 12 1 10 12 1 10 12 1 1 10 12 1 1 10 12 1 10 12 1 10 12 1 10 12 1 10 12 1 10 12 1 10 12 1 10 12 1 1 10 12 1 10 12 1 10 12 1 10 12 1 10 12 1 1 10 12 1 10 12 1 10 12 1 10 12 1 10 12 1 10 12 1 10 12 1 10 12 1 1 10 12 1 10 12 1 10 12 1 10 12 1 10 12 1 10 12 1 1 10 12 1 10 12 1 10 12 1 1 10 12 1 10 12 1 10 12 1 10 12 1 10 12 1 10 12 1 10 12 1 10 12 1 10 12 1 10 12 1 10 12 1 10 12 1 10 12 1 10 12 1 10 12 1 10 12 1 10 12 1 10 12 1 10 12 1 10 12 1 10 12 1 10 12 1 100 1 10 100 1 10 9 12 1 5 0 10 12 1 1 5 0 10 12 1 5 0 10 12 1 10 12 1 10 12 1 1 10 12 1 1 10 12 1 10 12 1 10 12 1 10 12 1 1 10 12 1 10 12 1 10 12 1 10 12 1 10 12 1 1 10 12 1 10 12 1 10 12 1 10 12 1 1 10 12 1 10 12 1 10 12 1 1 10 12 1 10 12 1 10 12 1 10 12 1 1 10 12 1 10 10 12 1 1 10 12 1 10 12 1 1 10 12 1 10 12 5 0 5 0 5 0 10 12 1 1 10 12 1 10 12 1 10 12 10 100 12 1 1 8 1 100 1 11 12 1 1 8 1 11 12 1 1 10 100 12 1 1 10 12 1 10 12 1 10 12 1 10 12 1 10 12 1 1 10 12 1 10 12 1 10 12 1 10 12 1 10 12 1 10 12 1 10 7 1 10 12 1 9 12 1 7 1 9 12 1 7 1 9 12 1 7 1 9 12 1 7 1 9 12 1 7 1 9 12 1 7 1 9 12 1 7 1 9 12 1 7 1 9 12 1 10 12 1 9 12 1 9 12 1 9 12 1 9 12 1 9 12 1 9 12 1 9 12 1 9 12 1 9 12 1 9 12 1 1 1 3 1 1 1 1 1 1 1 1 1 1 1 1 1 1 1 1 1 1 1 1 1 1 1 1 1 1 1 1 1 1 1 1 1 1 1 1 1 1 1 1 1 1 1 1 1 1 1 1 1 1 1 1 1 1 1 1 1 1 1 1 1 1 1 1 1 1 1 1 1 1 1 1 1 1 1 1 1 1 1 1 1 1 1 1 1 1 1 1 1 100 1 1 1 1 1 1 1 1 1 1 1 1 1 1 1 1 1 1 1 1 1 1 1 1 1 1 1 1 1 1 1 1 1 1 1 1 1 1 1 1 1 1 1 1 1 1 1 1 1 1 1 1 1 1 1 1 1 1 1 1 1 1 1 1 1 1 1 1 1 1 1 1 1 1 1 1 1 1 1 1 1 1 1 1 1 1 1 1 1 1 1 1 1 1 1 1 1 1 1 1 1 1 1 1 1 1 1 1 1 1 1 1 1 1 1 1 1 1 1 1 1 1 1 1 1 1 1 1 1 1 1 1 1 1 1 1 1 1 1 1 1 1 1 1 1 1 1 1 1 1 1 1 1 1 1 1 1 1 1 1 1 1 1 1 1 1 1 1 1 1 1 1 1 1 1 1 1 1 1 1 1 1 1 1 1 1 1 1 1 1 1 1 1 1 1 1 1 1 1 1 1 1 1 1 1 1 1 3 1 1 1 1 1 1 1 1 1 1 1 1 1 1 1 1 1 1 1 1 1
staticfield jdk/internal/misc/Unsafe theUnsafe Ljdk/internal/misc/Unsafe; jdk/internal/misc/Unsafe
staticfield jdk/internal/misc/Unsafe ARRAY_BOOLEAN_BASE_OFFSET I 16
staticfield jdk/internal/misc/Unsafe ARRAY_BYTE_BASE_OFFSET I 16
staticfield jdk/internal/misc/Unsafe ARRAY_SHORT_BASE_OFFSET I 16
staticfield jdk/internal/misc/Unsafe ARRAY_CHAR_BASE_OFFSET I 16
staticfield jdk/internal/misc/Unsafe ARRAY_INT_BASE_OFFSET I 16
staticfield jdk/internal/misc/Unsafe ARRAY_LONG_BASE_OFFSET I 16
staticfield jdk/internal/misc/Unsafe ARRAY_FLOAT_BASE_OFFSET I 16
staticfield jdk/internal/misc/Unsafe ARRAY_DOUBLE_BASE_OFFSET I 16
staticfield jdk/internal/misc/Unsafe ARRAY_OBJECT_BASE_OFFSET I 16
staticfield jdk/internal/misc/Unsafe ARRAY_BOOLEAN_INDEX_SCALE I 1
staticfield jdk/internal/misc/Unsafe ARRAY_BYTE_INDEX_SCALE I 1
staticfield jdk/internal/misc/Unsafe ARRAY_SHORT_INDEX_SCALE I 2
staticfield jdk/internal/misc/Unsafe ARRAY_CHAR_INDEX_SCALE I 2
staticfield jdk/internal/misc/Unsafe ARRAY_INT_INDEX_SCALE I 4
staticfield jdk/internal/misc/Unsafe ARRAY_LONG_INDEX_SCALE I 8
staticfield jdk/internal/misc/Unsafe ARRAY_FLOAT_INDEX_SCALE I 4
staticfield jdk/internal/misc/Unsafe ARRAY_DOUBLE_INDEX_SCALE I 8
staticfield jdk/internal/misc/Unsafe ARRAY_OBJECT_INDEX_SCALE I 4
staticfield jdk/internal/misc/Unsafe ADDRESS_SIZE I 8
ciInstanceKlass java/util/Map 1 1 259 11 7 12 1 1 1 11 12 1 1 10 7 12 1 1 11 12 1 1 11 100 12 1 1 1 11 100 12 1 1 1 11 12 1 1 7 1 11 12 1 11 12 1 100 1 100 1 10 12 1 1 11 100 12 1 1 1 11 100 12 1 1 1 11 12 1 11 12 1 10 12 1 1 11 12 1 11 7 12 1 9 7 12 1 1 1 100 1 10 12 7 1 7 1 10 12 1 7 1 10 100 1 11 12 1 1 100 1 11 12 1 1 1 1 1 1 1 1 1 1 1 1 1 1 1 1 1 1 1 1 1 1 1 1 1 1 1 1 1 1 1 1 1 1 1 1 1 1 1 1 1 1 1 1 1 1 1 1 1 1 1 1 1 1 1 1 1 1 1 1 1 1 1 1 1 1 1 1 1 1 1 1 1 1 1 1 1 1 1 1 1 1 1 1 1 1 1 1 1 1 1 1 1 1 1 1 1 1 1 1 1 1 1 1 1 1 1 1 1 1 1 1 1 1 1 1 1 1 1 1 1 1 1 1 1 1 1 1 1 100 1 1 1 1 1 1 1 1 1 1 1 1 1 1 1 1 1 1
ciInstanceKlass java/lang/ThreadGroup 1 1 293 10 7 12 1 1 1 9 7 12 1 1 1 8 1 9 12 1 1 7 1 9 12 1 9 12 1 1 10 12 1 1 10 12 1 1 10 12 1 10 12 1 1 10 12 1 9 12 1 1 10 12 1 1 10 12 1 9 12 1 10 100 12 1 1 1 9 12 1 9 12 1 1 10 7 12 1 1 1 100 10 12 1 1 10 7 12 1 1 1 10 100 12 1 9 12 1 10 12 1 1 10 12 1 1 9 12 1 1 10 12 1 1 10 12 1 10 12 1 10 12 1 1 10 12 1 1 10 12 1 10 12 1 10 10 12 1 10 12 1 10 100 1 10 10 12 1 10 12 1 10 12 1 7 10 12 1 9 12 1 1 10 12 1 1 8 1 10 100 12 1 1 1 10 12 1 1 10 12 1 1 10 12 1 1 11 100 1 100 1 9 12 1 100 1 10 8 1 10 12 1 1 10 12 1 1 8 1 10 12 1 10 100 12 1 1 1 10 12 1 1 10 100 1 8 1 10 8 1 10 12 1 8 1 1 1 1 1 1 1 1 1 1 1 1 1 1 1 1 1 3 1 1 1 1 1 1 1 1 1 1 1 1 1 1 1 1 1 1 1 1 1 1 1 1 1 1 1 1 1 1 1 1 1 1 1 1 1 1 1 1 1 1
instanceKlass java/security/Provider
ciInstanceKlass java/util/Properties 1 1 651 10 7 12 1 1 1 100 1 10 7 12 1 1 7 1 10 12 1 9 12 1 1 9 12 1 1 9 12 1 1 10 7 12 1 1 1 10 12 1 1 8 1 10 7 12 1 1 1 7 1 10 12 1 10 12 1 1 8 1 10 12 1 7 1 10 12 10 12 1 1 9 12 1 1 10 12 1 1 7 1 10 12 1 10 12 1 10 12 1 1 100 1 8 1 10 12 1 10 12 1 10 12 1 1 10 12 1 100 1 3 10 10 100 12 1 1 1 10 12 1 10 12 1 1 8 1 10 12 1 10 12 1 1 8 1 10 100 12 1 1 10 12 1 1 10 12 1 10 12 1 1 100 1 10 12 1 10 12 1 1 100 1 9 100 12 1 1 1 10 12 1 10 12 1 1 100 1 10 10 10 12 1 1 11 7 12 1 1 1 11 7 12 1 1 1 11 12 1 1 7 1 11 12 1 11 12 1 10 12 1 1 8 1 10 12 1 10 12 1 100 1 10 10 12 1 1 10 100 12 1 1 9 100 12 1 1 10 12 1 1 10 100 12 1 1 1 100 1 100 1 100 1 10 8 1 8 1 10 12 1 10 12 1 10 12 1 1 10 10 12 1 1 10 12 1 1 100 1 10 10 12 1 11 7 12 1 1 10 7 12 1 1 1 8 1 10 100 12 1 1 11 8 1 10 100 1 11 10 12 1 10 12 1 10 12 1 10 12 1 1 10 12 1 1 10 12 1 1 10 12 1 10 12 1 10 10 12 1 10 12 1 10 12 1 10 10 12 1 1 10 12 1 1 7 1 10 10 12 1 10 12 1 10 12 1 10 12 1 10 12 1 1 10 12 1 1 10 12 1 10 12 1 10 12 1 1 10 12 10 12 1 1 10 12 1 1 10 12 1 10 12 1 1 10 12 1 1 10 12 100 1 10 11 100 12 1 1 4 11 10 12 1 1 10 100 12 1 1 11 12 1 10 12 1 1 10 100 12 1 1 10 12 1 100 1 8 1 10 12 1 10 10 100 12 1 1 1 100 1 6 0 10 12 1 1 11 100 12 1 1 1 10 12 1 10 12 1 1 1 1 1 5 0 1 1 1 1 1 1 1 1 1 1 1 1 1 1 1 1 1 1 1 1 1 1 1 1 1 1 1 1 1 1 1 1 1 1 1 1 1 1 1 1 100 1 1 1 1 1 1 1 1 1 1 1 1 1 1 1 1 1 1 1 1 100 1 1 1 1 1 1 1 100 1 100 1 1 1 1 100 1 1 1 1 1 1 1 1 1 1 1 1 1 1 1 1 1 1 1 1 1 1 1 1 1 1 1 1 1 1 1 1 1 1 1 1 1 1 1 1 1 1 1 1 1 1 1 1 1 1 1 1 1 1 1 1 1 1 1 1 1 1 1 1 1 1 1 1 1 1 1 1 1 1 1 1 100 1 1 1 1 1 1 1 1 1 100 1 1 1
staticfield java/util/Properties UNSAFE Ljdk/internal/misc/Unsafe; jdk/internal/misc/Unsafe
instanceKlass java/util/Hashtable
ciInstanceKlass java/util/Dictionary 1 1 36 10 7 12 1 1 1 100 1 1 1 1 1 1 1 1 1 1 1 1 1 1 1 1 1 1 1 1 1 1 1 1 1 1 1 1
instanceKlass java/util/Properties
ciInstanceKlass java/util/Hashtable 1 1 512 100 1 10 7 12 1 1 1 9 7 12 1 1 1 100 1 100 1 10 8 1 10 12 1 1 10 12 1 10 12 1 1 10 12 1 10 7 12 1 1 1 8 1 10 12 1 9 12 1 1 7 1 9 12 1 1 4 10 7 12 1 1 1 9 12 1 4 10 12 1 11 100 12 1 1 1 10 12 1 1 10 12 1 1 9 12 1 10 12 1 1 100 1 10 9 12 1 1 10 7 12 1 1 1 9 12 1 1 10 12 1 10 12 1 3 9 12 1 9 12 1 3 10 12 1 10 12 1 10 12 1 1 11 12 1 1 11 100 12 1 1 1 11 100 12 1 1 1 11 12 1 100 1 11 12 1 11 12 1 10 12 1 1 10 12 1 1 10 12 1 9 12 1 1 9 12 9 12 1 1 10 100 1 100 1 10 12 1 10 8 1 10 10 12 1 8 1 10 8 1 10 100 12 1 1 1 7 1 10 12 1 10 12 1 100 1 10 12 1 10 12 1 1 100 1 10 100 1 10 10 12 1 1 11 12 1 1 11 12 1 100 1 10 10 10 100 12 1 1 11 100 12 1 1 1 100 1 10 11 100 12 1 1 11 100 12 1 10 12 1 10 12 1 1 10 100 12 1 1 10 12 1 1 10 12 1 1 10 12 1 1 10 100 12 1 1 1 8 10 100 12 1 1 100 1 8 1 10 4 10 12 4 10 12 1 8 1 10 12 10 100 12 1 1 1 100 1 11 100 12 1 1 1 10 100 12 1 1 1 10 12 1 10 12 1 1 10 100 1 100 1 1 1 1 1 1 5 0 1 1 1 1 1 3 1 3 1 3 1 1 1 1 1 1 1 1 1 1 1 1 1 1 1 1 1 1 1 1 1 1 1 1 1 100 1 1 1 1 1 1 1 1 1 1 1 1 1 1 1 1 1 1 1 1 1 1 1 1 1 1 1 1 1 100 1 1 1 1 1 1 1 1 1 1 1 1 1 1 1 1 1 1 1 1 1 1 1 1 1 1 1 1 1 1 1 1 1 1 1 1 1 1 1 1 1 1 1 1 1 1 1 1 1 1 1 1 1 1 1 1 1 1 100 1 1 1 100 1 1 1 1 1 100 1 1 1 1 1 1 1 1 1 1 1 1 1 1 1 1 1 1
instanceKlass com/android/internal/util/SizedInputStream
instanceKlass org/robolectric/shadows/ShadowContentResolver$UnregisteredInputStream
instanceKlass android/content/res/AssetManager$AssetInputStream
instanceKlass org/robolectric/shadows/ShadowContentResolver$UnregisteredInputStream
instanceKlass android/content/res/AssetManager$AssetInputStream
instanceKlass java/util/jar/JarVerifier$VerifierStream
instanceKlass org/gradle/internal/io/StreamByteBuffer$StreamByteBufferInputStream
instanceKlass com/esotericsoftware/kryo/io/Input
instanceKlass org/gradle/internal/serialize/kryo/KryoBackedDecoder$1
instanceKlass org/gradle/internal/remote/internal/inet/SocketConnection$SocketInputStream
instanceKlass java/io/ObjectInputStream$PeekInputStream
instanceKlass java/io/ObjectInputStream$BlockDataInputStream
instanceKlass org/gradle/internal/serialize/AbstractDecoder$DecoderStream
instanceKlass java/io/ObjectInputStream
instanceKlass worker/org/gradle/internal/stream/EncodedStream$EncodedInput
instanceKlass java/util/zip/ZipFile$ZipFileInputStream
instanceKlass java/io/FilterInputStream
instanceKlass java/io/FileInputStream
instanceKlass java/io/ByteArrayInputStream
ciInstanceKlass java/io/InputStream 1 1 184 100 1 10 7 12 1 1 1 100 1 10 10 7 12 1 1 1 10 7 12 1 1 1 10 12 1 100 1 3 10 12 1 1 100 1 8 1 10 12 1 10 7 12 1 1 1 3 100 1 8 1 10 10 7 12 1 1 1 7 1 10 11 7 12 1 1 1 10 12 1 1 11 12 1 1 11 7 12 1 1 1 11 12 1 1 7 1 10 7 12 1 1 1 5 0 10 12 1 10 12 1 1 100 1 10 8 1 10 8 1 8 1 10 12 1 1 10 100 12 1 1 1 100 1 1 1 1 3 1 3 1 1 1 1 1 1 1 1 1 1 1 1 1 1 1 1 1 1 1 1 1 1 1 1 1 1 1 1 1 1 1 1 1 1 1 1 1 1 1 1 1 1 1 1 1 1 1 1 1 1 1 1 1
ciInstanceKlass java/io/ByteArrayInputStream 1 1 117 10 7 12 1 1 1 9 7 12 1 1 1 9 12 1 1 9 12 1 9 12 1 10 7 12 1 1 1 10 7 12 1 1 1 10 7 12 1 1 1 10 7 12 1 1 1 10 12 1 1 3 10 100 1 10 100 12 1 1 1 9 12 1 1 100 1 10 10 7 12 1 1 1 1 1 1 1 1 1 1 1 1 1 1 1 1 1 1 1 1 1 1 1 1 1 1 1 1 1 1 1 100 1 1 1 1 1 1 1 1 1 1 1 1 1 1
staticfield java/io/ByteArrayInputStream $assertionsDisabled Z 1
instanceKlass android/os/HandlerThread
instanceKlass android/os/Binder$1
instanceKlass android/app/Instrumentation$InstrumentationThread
instanceKlass org/robolectric/shadows/ShadowPausedLooper$1
instanceKlass org/robolectric/shadows/ShadowLog$1
instanceKlass android/os/HandlerThread
instanceKlass android/app/SharedPreferencesImpl$1
instanceKlass android/os/Binder$1
instanceKlass android/app/Instrumentation$InstrumentationThread
instanceKlass org/robolectric/shadows/ShadowPausedLooper$1
instanceKlass org/robolectric/shadows/ShadowLog$1
instanceKlass java/util/concurrent/ForkJoinWorkerThread
instanceKlass java/util/logging/LogManager$Cleaner
instanceKlass jdk/internal/misc/InnocuousThread
instanceKlass java/lang/ref/Finalizer$FinalizerThread
instanceKlass java/lang/ref/Reference$ReferenceHandler
ciInstanceKlass java/lang/Thread 1 1 612 9 7 12 1 1 1 9 12 1 1 10 12 1 1 9 12 1 1 9 12 1 1 100 1 8 1 10 12 1 1 3 8 1 100 1 5 0 10 12 1 1 10 7 12 1 1 9 12 1 1 9 12 1 9 12 1 1 9 12 1 100 1 8 1 10 9 12 1 1 10 7 12 1 1 1 10 100 12 1 1 1 10 10 7 12 1 1 10 12 1 1 10 12 1 1 9 100 12 1 1 1 10 12 1 1 10 12 1 9 12 1 1 10 12 1 1 10 12 1 1 9 12 1 10 12 1 1 9 12 1 1 10 7 12 1 1 1 9 12 1 1 9 12 1 1 10 12 1 1 10 7 12 1 1 1 9 12 1 10 12 1 1 9 12 1 100 1 10 7 1 10 8 1 10 12 1 1 10 12 1 10 12 1 10 12 1 1 10 12 1 10 12 1 9 12 1 100 1 10 10 12 1 1 10 12 1 10 12 1 100 1 11 7 12 1 1 9 7 12 1 1 1 10 12 1 10 12 1 10 12 9 12 1 1 10 9 12 1 10 12 1 100 1 10 10 12 1 1 9 12 1 10 12 1 11 100 12 1 1 10 12 1 9 12 1 10 12 1 10 12 1 10 10 12 1 10 12 1 10 12 1 10 12 1 10 12 1 1 100 1 10 10 12 1 10 12 1 10 12 1 9 100 12 1 1 1 10 12 1 1 10 12 1 100 1 8 1 10 10 12 1 10 12 8 1 10 12 1 8 1 10 8 1 8 1 10 100 12 1 1 10 100 12 1 1 1 100 1 8 1 10 9 12 1 9 12 1 1 10 12 1 1 10 10 12 1 1 9 12 1 10 12 1 1 100 1 10 12 11 100 12 1 1 1 9 100 12 1 1 1 9 12 1 1 10 12 1 1 100 1 10 12 1 11 100 12 1 1 1 100 1 10 12 1 10 12 1 1 11 12 1 10 12 1 100 1 10 12 1 10 12 1 1 10 7 12 1 1 1 8 1 9 12 1 10 12 1 1 11 100 12 1 1 1 10 100 12 1 1 1 11 12 1 10 12 1 7 1 1 1 1 3 1 3 1 3 1 1 1 1 1 1 1 1 1 1 1 1 1 1 1 1 1 1 1 100 1 1 1 1 1 1 1 1 1 1 1 1 100 1 100 1 1 1 1 1 1 1 1 1 1 1 1 1 1 1 1 1 1 1 1 1 1 1 1 1 1 1 1 1 1 1 1 1 1 1 1 1 1 1 1 1 1 1 100 100 1 1 1 1 1 1 1 1 1 100 1 1 1 1 1 1 1 1 1 1 1 1 1 1 1 1 1 1 1 1 1 1 1 1 1 1 1 1 100 1 1 1 1 1 1 100 1 1 100 1 1 1 1 1 1
staticfield java/lang/Thread EMPTY_STACK_TRACE [Ljava/lang/StackTraceElement; 0 [Ljava/lang/StackTraceElement;
ciInstanceKlass java/lang/invoke/MethodHandleStatics 1 1 312 10 100 12 1 1 1 9 7 12 1 1 1 9 12 1 9 12 1 9 12 1 9 12 1 9 12 1 9 100 12 1 1 1 100 1 10 8 1 10 12 1 1 10 100 12 1 1 1 8 1 10 100 12 1 1 1 10 12 1 1 8 1 8 1 10 12 1 10 100 12 1 1 1 10 7 12 1 1 1 8 1 10 12 1 1 8 1 8 1 8 1 8 1 10 12 1 1 100 1 10 12 10 12 1 10 12 1 100 1 10 10 12 1 1 100 1 10 10 12 1 100 1 100 1 8 1 8 1 10 12 1 8 1 100 1 10 12 1 8 1 10 10 12 1 10 7 12 1 1 1 9 12 1 1 10 7 12 1 1 1 8 1 10 7 12 1 1 10 7 12 1 1 1 8 1 8 1 8 1 8 1 8 1 8 1 10 12 1 10 7 12 1 1 1 9 12 1 1 8 1 8 1 8 1 8 1 9 12 1 8 1 9 12 1 8 1 8 1 9 12 1 8 1 8 1 9 12 1 8 1 9 12 1 8 1 9 12 1 8 1 8 1 9 12 1 8 1 10 12 1 1 1 1 1 1 1 1 1 1 1 1 1 1 1 1 1 1 1 1 1 100 1 100 1 100 1 1 1 1 1 1 1 1 1 1 1 1 1 1 1 1 1 1 1 1 1 1 1 1 1 1 1 1 1 1 1 1 1 1 1 1
staticfield java/lang/invoke/MethodHandleStatics UNSAFE Ljdk/internal/misc/Unsafe; jdk/internal/misc/Unsafe
staticfield java/lang/invoke/MethodHandleStatics DEBUG_METHOD_HANDLE_NAMES Z 0
staticfield java/lang/invoke/MethodHandleStatics DUMP_CLASS_FILES Z 0
staticfield java/lang/invoke/MethodHandleStatics TRACE_INTERPRETER Z 0
staticfield java/lang/invoke/MethodHandleStatics TRACE_METHOD_LINKAGE Z 0
staticfield java/lang/invoke/MethodHandleStatics TRACE_RESOLVE Z 0
staticfield java/lang/invoke/MethodHandleStatics COMPILE_THRESHOLD I 0
staticfield java/lang/invoke/MethodHandleStatics LOG_LF_COMPILATION_FAILURE Z 0
staticfield java/lang/invoke/MethodHandleStatics DONT_INLINE_THRESHOLD I 30
staticfield java/lang/invoke/MethodHandleStatics PROFILE_LEVEL I 0
staticfield java/lang/invoke/MethodHandleStatics PROFILE_GWT Z 1
staticfield java/lang/invoke/MethodHandleStatics CUSTOMIZE_THRESHOLD I 127
staticfield java/lang/invoke/MethodHandleStatics VAR_HANDLE_GUARDS Z 1
staticfield java/lang/invoke/MethodHandleStatics MAX_ARITY I 255
staticfield java/lang/invoke/MethodHandleStatics VAR_HANDLE_IDENTITY_ADAPT Z 0
ciMethod java/lang/System nanoTime ()J 256 0 128 0 -1
instanceKlass android/os/StrictMode$InstanceCountViolation
instanceKlass org/junit/Test$None
instanceKlass java/lang/Exception
instanceKlass java/lang/Error
ciInstanceKlass java/lang/Throwable 1 1 393 10 7 12 1 1 1 9 7 12 1 1 1 9 12 1 1 9 12 1 9 12 1 1 9 12 1 10 12 1 1 9 12 1 1 10 12 1 1 10 12 1 100 1 100 1 10 8 1 10 12 1 1 8 1 10 100 12 1 1 10 10 12 1 100 1 8 1 10 10 12 1 1 10 7 12 1 1 10 12 1 8 1 9 100 12 1 1 1 10 12 1 1 100 1 10 12 10 12 1 100 1 10 10 7 12 1 1 1 11 100 12 1 1 1 10 100 12 1 1 1 10 12 1 1 10 12 1 1 8 1 10 12 1 10 12 1 1 8 1 8 1 10 12 1 1 10 12 1 8 1 8 1 9 12 1 1 10 100 12 1 1 100 1 10 11 12 1 8 1 8 1 10 7 12 1 1 8 1 10 12 1 8 1 100 1 10 12 1 9 12 1 1 10 12 1 10 7 12 1 9 12 1 1 10 12 1 1 100 1 8 1 10 12 1 10 100 12 1 1 10 12 1 1 100 1 10 100 12 1 1 1 10 12 1 11 100 12 1 1 1 11 100 12 1 1 1 11 12 1 8 1 10 12 1 1 8 1 10 10 9 100 12 1 1 1 8 1 10 12 1 1 10 100 1 8 1 10 11 12 1 1 8 1 9 12 1 10 100 12 1 1 11 9 12 1 1 11 12 1 1 100 10 12 1 10 12 1 1 100 1 1 1 1 5 0 1 1 1 1 1 1 1 1 1 1 1 1 1 100 1 1 1 1 1 1 1 1 1 1 1 1 1 1 1 1 1 1 1 1 1 1 1 1 1 1 1 1 1 1 1 1 1 1 1 1 1 1 1 1 1 1 100 1 100 1 1 1 1 1 1 1 1 1 1 1 1 1 1 1 1 1 1
staticfield java/lang/Throwable UNASSIGNED_STACK [Ljava/lang/StackTraceElement; 0 [Ljava/lang/StackTraceElement;
staticfield java/lang/Throwable SUPPRESSED_SENTINEL Ljava/util/List; java/util/Collections$EmptyList
staticfield java/lang/Throwable EMPTY_THROWABLE_ARRAY [Ljava/lang/Throwable; 0 [Ljava/lang/Throwable;
staticfield java/lang/Throwable $assertionsDisabled Z 1
instanceKlass kotlinx/coroutines/internal/ExceptionSuccessfullyProcessed
instanceKlass android/telephony/ims/ImsException
instanceKlass android/provider/DeviceConfig$BadConfigException
instanceKlass android/accounts/AccountsException
instanceKlass android/content/pm/PackageParser$SplitDependencyLoader$IllegalDependencyException
instanceKlass android/content/pm/PackageParser$PackageParserException
instanceKlass android/content/OperationApplicationException
instanceKlass android/util/Log$TerribleFailure
instanceKlass android/os/ServiceManager$ServiceNotFoundException
instanceKlass android/os/ZygoteStartFailedEx
instanceKlass com/google/common/collect/RegularImmutableMap$BucketOverflowException
instanceKlass android/system/ErrnoException
instanceKlass android/app/StackTrace
instanceKlass java/util/concurrent/TimeoutException
instanceKlass android/util/AndroidException
instanceKlass android/icu/impl/locale/LocaleSyntaxException
instanceKlass org/xmlpull/v1/XmlPullParserException
instanceKlass org/robolectric/android/internal/AndroidTestEnvironment$UnExecutedRunnablesException
instanceKlass android/accounts/AccountsException
instanceKlass org/junit/runners/model/MultipleFailureException
instanceKlass android/util/Log$TerribleFailure
instanceKlass android/system/ErrnoException
instanceKlass sun/nio/fs/UnixException
instanceKlass android/content/pm/PackageParser$PackageParserException
instanceKlass android/content/OperationApplicationException
instanceKlass android/os/ZygoteStartFailedEx
instanceKlass com/google/common/collect/RegularImmutableMap$BucketOverflowException
instanceKlass android/util/AndroidException
instanceKlass sun/security/pkcs11/wrapper/PKCS11Exception
instanceKlass java/security/PrivilegedActionException
instanceKlass org/xmlpull/v1/XmlPullParserException
instanceKlass org/robolectric/manifest/RoboNotFoundException
instanceKlass org/robolectric/android/internal/AndroidTestEnvironment$UnExecutedRunnablesException
instanceKlass java/security/GeneralSecurityException
instanceKlass java/util/concurrent/ExecutionException
instanceKlass org/xml/sax/SAXException
instanceKlass javax/xml/parsers/ParserConfigurationException
instanceKlass com/google/common/collect/RegularImmutableMap$BucketOverflowException
instanceKlass java/net/URISyntaxException
instanceKlass org/junit/runners/model/InitializationError
instanceKlass org/junit/runner/manipulation/NoTestsRemainException
instanceKlass java/lang/CloneNotSupportedException
instanceKlass java/lang/InterruptedException
instanceKlass java/io/IOException
instanceKlass java/lang/ReflectiveOperationException
instanceKlass java/lang/RuntimeException
ciInstanceKlass java/lang/Exception 1 1 40 10 7 12 1 1 1 10 12 1 10 12 1 10 12 1 10 12 1 100 1 1 1 1 5 0 1 1 1 1 1 1 1 1 1 1 1 1 1 1
instanceKlass java/lang/InstantiationException
instanceKlass java/lang/reflect/InvocationTargetException
instanceKlass java/lang/NoSuchFieldException
instanceKlass java/lang/NoSuchMethodException
instanceKlass java/lang/IllegalAccessException
instanceKlass java/lang/ClassNotFoundException
ciInstanceKlass java/lang/ReflectiveOperationException 1 1 34 10 7 12 1 1 1 10 12 1 10 12 1 10 12 1 100 1 1 1 1 5 0 1 1 1 1 1 1 1 1 1 1 1
instanceKlass kotlin/jvm/KotlinReflectionNotSupportedError
instanceKlass java/util/ServiceConfigurationError
instanceKlass kotlin/NotImplementedError
instanceKlass java/lang/AssertionError
instanceKlass java/lang/VirtualMachineError
instanceKlass java/lang/LinkageError
instanceKlass java/lang/ThreadDeath
ciInstanceKlass java/lang/Error 1 1 40 10 7 12 1 1 1 10 12 1 10 12 1 10 12 1 10 12 1 100 1 1 1 1 5 0 1 1 1 1 1 1 1 1 1 1 1 1 1 1
ciInstanceKlass java/lang/ThreadDeath 0 0 21 10 100 12 1 1 1 100 1 1 1 1 5 0 1 1 1 1 1 1 1
ciInstanceKlass java/lang/ClassNotFoundException 1 1 96 7 1 10 7 12 1 1 1 10 12 1 10 12 1 1 10 100 12 1 1 1 8 1 10 100 12 1 1 1 10 7 12 1 1 10 100 12 1 1 1 10 100 12 1 1 1 10 12 1 1 7 1 10 12 1 9 12 1 1 1 1 1 5 0 1 1 1 1 1 1 1 1 1 1 1 1 1 1 1 1 1 1 100 1 1 1 1 1 1 1 1 1 1 1 1
staticfield java/lang/ClassNotFoundException serialPersistentFields [Ljava/io/ObjectStreamField; 1 [Ljava/io/ObjectStreamField;
instanceKlass java/lang/UnsatisfiedLinkError
instanceKlass java/lang/ClassFormatError
instanceKlass java/lang/IncompatibleClassChangeError
instanceKlass java/lang/BootstrapMethodError
instanceKlass java/lang/NoClassDefFoundError
ciInstanceKlass java/lang/LinkageError 1 1 31 10 7 12 1 1 1 10 12 1 10 12 1 100 1 1 1 1 5 0 1 1 1 1 1 1 1 1 1 1 1
instanceKlass jdk/internal/misc/ThreadTracker$ThreadRef
instanceKlass sun/security/pkcs/SignerInfo$AlgorithmInfo
instanceKlass jdk/net/UnixDomainPrincipal
ciInstanceKlass java/lang/Record 1 1 22 10 7 12 1 1 1 100 1 1 1 1 1 1 1 1 1 1 1 1 1 1
instanceKlass android/view/Choreographer$2
instanceKlass android/view/Choreographer$1
instanceKlass java/lang/ThreadLocal$SuppliedThreadLocal
instanceKlass jdk/internal/jimage/ImageBufferCache$1
instanceKlass android/os/StrictMode$8
instanceKlass android/os/StrictMode$4
instanceKlass android/os/StrictMode$3
instanceKlass android/os/StrictMode$2
instanceKlass android/os/StrictMode$1
instanceKlass android/database/sqlite/SQLiteDatabase$1
instanceKlass dalvik/system/BlockGuard$2
instanceKlass java/util/concurrent/locks/ReentrantReadWriteLock$Sync$ThreadLocalHoldCounter
instanceKlass jdk/internal/math/FloatingDecimal$1
instanceKlass jdk/internal/misc/TerminatingThreadLocal$1
instanceKlass jdk/internal/misc/TerminatingThreadLocal
ciInstanceKlass java/lang/ThreadLocal 1 1 141 9 7 12 1 1 1 3 10 7 12 1 1 1 7 1 10 12 1 1 10 7 12 1 1 10 12 1 9 12 1 1 10 7 12 1 1 1 10 12 1 1 10 7 12 1 1 1 9 7 12 1 1 1 10 12 1 1 10 12 1 10 12 1 1 10 12 1 1 7 1 10 12 1 1 10 12 1 1 9 12 1 1 10 12 10 12 1 100 1 10 10 1 1 1 1 1 1 1 1 1 1 1 1 1 1 1 1 1 1 1 1 1 1 1 1 1 1 1 1 1 1 1 1 1 1 1 1 1 1 1 1 1 1 1 1 1 1 1 1 1
staticfield java/lang/ThreadLocal nextHashCode Ljava/util/concurrent/atomic/AtomicInteger; java/util/concurrent/atomic/AtomicInteger
ciInstanceKlass java/lang/Boolean 1 1 151 10 7 12 1 1 1 9 7 12 1 1 1 10 12 1 1 10 12 1 8 1 10 7 12 1 1 9 12 1 1 9 12 1 8 1 10 12 1 1 10 12 1 1 10 7 12 1 1 1 100 1 100 1 10 12 1 1 9 100 12 1 1 9 12 10 100 12 1 1 1 10 12 1 1 8 1 10 7 12 1 1 1 9 12 1 1 100 1 100 1 100 1 1 1 1 1 1 5 0 1 1 1 1 1 1 1 1 1 1 3 1 1 1 1 1 1 1 1 1 1 1 1 1 1 1 1 1 1 1 1 100 1 1 1 1 1 1 1 1 1 1 100 1 1 1 1 1 1 1 1
staticfield java/lang/Boolean TRUE Ljava/lang/Boolean; java/lang/Boolean
staticfield java/lang/Boolean FALSE Ljava/lang/Boolean; java/lang/Boolean
staticfield java/lang/Boolean TYPE Ljava/lang/Class; java/lang/Class
instanceKlass java/util/concurrent/locks/AbstractQueuedSynchronizer
ciInstanceKlass java/util/concurrent/locks/AbstractOwnableSynchronizer 1 1 32 10 7 12 1 1 1 9 7 12 1 1 1 100 1 1 1 1 5 0 1 1 1 1 1 1 1 1 1 1 1 1
instanceKlass java/math/BigInteger
instanceKlass java/util/concurrent/atomic/Striped64
instanceKlass java/util/concurrent/atomic/AtomicLong
instanceKlass java/util/concurrent/atomic/AtomicInteger
instanceKlass java/lang/Long
instanceKlass java/lang/Integer
instanceKlass java/lang/Short
instanceKlass java/lang/Byte
instanceKlass java/lang/Double
instanceKlass java/lang/Float
ciInstanceKlass java/lang/Number 1 1 37 10 7 12 1 1 1 10 100 12 1 1 1 100 1 1 1 1 5 0 1 1 1 1 1 1 1 1 1 1 1 1 1 1 1 1 1
instanceKlass java/lang/LiveStackFrameInfo
ciInstanceKlass java/lang/StackFrameInfo 0 0 132 10 100 12 1 1 1 9 100 12 1 1 1 9 100 1 9 12 1 1 11 100 12 1 1 1 9 12 1 1 11 12 1 1 10 12 1 1 10 100 12 1 1 1 10 12 1 11 12 1 11 12 1 1 11 12 1 10 12 1 1 9 12 1 1 10 12 1 1 10 100 12 1 1 10 12 1 1 11 12 1 1 10 12 1 9 12 1 1 10 12 1 1 100 1 8 1 10 12 1 10 100 12 1 1 1 100 1 1 1 1 1 1 1 1 1 1 1 1 1 1 1 1 1 1 100 1 1 1 1 1 1
ciInstanceKlass java/lang/LiveStackFrameInfo 0 0 97 10 100 12 1 1 1 9 100 12 1 1 1 9 12 1 9 12 1 9 12 1 9 12 1 1 100 1 10 12 1 1 10 12 1 8 1 10 12 1 1 8 1 8 1 8 1 10 100 1 10 12 1 100 1 10 12 1 100 1 100 1 1 1 3 1 3 1 1 1 1 1 1 1 1 1 1 1 1 1 1 1 1 1 1 1 1 1 1 1 1 1 1 1 100 1 1
ciMethod java/lang/Boolean booleanValue ()Z 256 0 128 0 -1
ciInstanceKlass java/lang/Character 1 1 576 7 1 100 1 100 1 9 12 1 1 8 1 9 12 1 1 100 1 9 12 1 1 10 100 12 1 1 1 10 100 12 1 1 1 10 100 12 1 1 1 10 100 12 1 1 1 9 100 12 1 1 1 10 12 1 10 12 1 1 10 12 1 1 10 100 12 1 1 10 12 1 1 3 3 3 3 3 10 12 1 1 10 12 1 3 11 7 12 1 1 1 11 12 1 1 10 12 1 1 10 12 1 1 100 1 10 10 12 1 3 10 12 1 1 10 12 1 10 12 1 1 100 1 8 1 10 12 1 1 10 12 1 10 12 1 10 12 1 10 12 1 10 12 1 1 10 12 1 10 7 12 1 1 10 10 12 1 10 10 12 1 10 12 1 1 10 12 1 10 10 12 1 10 12 1 10 12 1 10 12 1 10 12 1 10 12 1 10 12 1 10 12 10 10 12 10 10 12 1 10 10 12 1 10 10 12 1 10 10 12 1 10 10 12 1 10 10 12 1 10 10 12 1 1 10 10 12 1 10 5 0 10 12 1 10 12 1 10 10 12 1 10 10 12 1 1 10 10 12 1 10 10 12 1 9 12 1 1 100 1 10 10 12 1 10 12 1 1 3 10 100 12 1 1 1 10 12 1 10 100 12 1 1 100 1 10 10 12 1 1 10 12 1 1 10 12 1 1 8 1 10 12 1 9 100 12 1 1 1 10 12 1 10 10 12 1 10 12 1 1 10 12 1 10 10 12 1 1 10 10 12 1 1 100 1 8 1 10 12 1 1 10 7 12 1 1 1 8 1 10 12 1 1 9 12 1 1 100 1 100 1 100 1 1 1 1 3 1 3 1 3 1 3 1 1 1 1 1 3 1 1 3 1 3 1 3 1 3 1 3 1 3 1 3 1 3 1 3 1 3 1 3 1 3 1 3 1 3 1 3 1 3 1 3 1 3 1 3 1 3 1 3 1 3 1 3 1 3 1 3 1 3 1 3 1 3 1 1 1 1 1 1 1 1 1 1 1 1 1 1 1 1 1 1 1 3 1 1 1 1 1 1 1 3 1 1 3 1 1 1 1 1 3 1 1 5 0 1 1 1 1 1 1 1 1 1 1 1 1 1 1 1 1 1 1 1 1 1 1 1 1 1 1 1 1 1 1 1 1 1 1 1 1 1 1 1 1 1 1 1 1 1 1 1 1 1 1 1 1 1 1 1 1 1 1 1 1 1 1 1 1 1 1 1 1 1 1 1 1 1 1 1 1 1 1 1 1 1 1 1 1 1 1 1 1 1 100 1 100 1 1 1 1 1 1
staticfield java/lang/Character TYPE Ljava/lang/Class; java/lang/Class
staticfield java/lang/Character $assertionsDisabled Z 1
ciInstanceKlass java/lang/Byte 1 1 215 7 1 100 1 10 100 12 1 1 1 9 12 1 1 8 1 9 12 1 1 100 1 10 12 1 1 10 12 1 1 10 100 12 1 1 1 10 100 12 1 1 1 9 7 12 1 1 1 10 12 1 1 100 1 100 1 10 12 1 1 8 1 10 12 1 1 8 1 10 12 1 10 12 1 10 12 1 10 12 1 1 10 12 1 10 12 1 10 12 1 1 10 8 1 8 1 10 7 1 9 12 1 1 10 12 1 10 12 1 1 10 12 1 1 10 12 1 1 10 12 1 5 0 10 12 1 1 8 1 10 7 12 1 1 1 9 12 1 1 100 1 100 1 1 1 3 1 3 1 1 1 1 3 1 3 1 1 5 0 1 1 1 1 1 1 1 1 1 1 1 1 1 1 1 1 1 1 1 1 1 1 1 1 1 1 1 1 1 1 1 1 1 1 1 1 1 1 1 1 1 1 1 1 1 1 1 1 1 1 1 1 1 1 1
staticfield java/lang/Byte TYPE Ljava/lang/Class; java/lang/Class
ciInstanceKlass java/lang/Short 1 1 224 7 1 100 1 100 1 10 100 12 1 1 1 10 12 1 1 100 1 100 1 10 12 1 1 8 1 10 12 1 1 8 1 10 12 1 10 12 1 10 12 1 10 12 1 1 10 12 1 1 10 12 1 9 12 1 1 8 1 9 12 1 1 100 1 10 12 1 1 10 12 1 10 100 12 1 1 1 10 100 12 1 1 1 9 7 12 1 1 1 10 12 1 10 12 1 1 10 8 1 8 1 10 100 1 9 12 1 1 10 12 1 10 12 1 1 10 12 1 1 10 12 1 1 10 12 1 3 3 5 0 10 12 1 1 8 1 10 7 12 1 1 1 9 12 1 1 100 1 100 1 1 1 3 1 3 1 1 1 1 3 1 3 1 1 5 0 1 1 1 1 1 1 1 1 1 1 1 1 1 1 1 1 1 1 1 1 1 1 1 1 1 1 1 3 1 1 1 1 1 1 1 1 1 1 1 1 1 1 1 1 1 1 1 1 1 1 1 1 1 1 1 1 1
staticfield java/lang/Short TYPE Ljava/lang/Class; java/lang/Class
ciInstanceKlass java/lang/Float 1 1 223 7 1 100 1 10 7 12 1 1 1 10 100 12 1 1 1 4 100 1 10 12 1 1 10 12 1 1 8 1 8 1 10 100 12 1 1 1 10 12 1 1 10 12 1 1 10 4 4 4 10 7 12 1 1 9 12 1 1 10 12 1 1 10 12 1 10 12 1 10 12 1 1 10 12 1 10 12 1 3 10 12 1 1 10 12 1 1 10 12 1 10 100 12 1 1 1 10 12 1 1 10 12 1 1 8 1 10 7 12 1 1 1 9 12 1 1 100 1 100 1 100 1 1 1 1 1 4 1 1 1 4 1 1 3 1 3 1 3 1 3 1 1 1 1 5 0 1 1 1 1 1 1 1 1 1 1 100 1 1 1 1 1 1 1 1 1 1 1 1 1 3 1 1 1 1 1 1 1 1 1 1 1 1 1 1 1 1 1 1 1 1 1 1 1 1 1 1 1 1 1 1 1 1 1 1 1 1 1 1 100 1 1 1 1 1 1 1 100 1 100 1 1
staticfield java/lang/Float TYPE Ljava/lang/Class; java/lang/Class
ciInstanceKlass java/lang/Double 1 1 285 7 1 100 1 10 7 12 1 1 1 10 12 1 1 10 12 1 100 1 10 12 1 1 10 7 12 1 1 1 6 0 8 1 10 12 1 1 8 1 10 12 1 1 8 1 6 0 10 12 1 1 100 1 5 0 5 0 8 1 8 1 10 100 12 1 1 1 10 100 12 1 1 1 8 1 10 12 1 1 8 1 8 1 8 1 10 12 1 1 10 12 1 10 12 1 1 10 12 1 10 12 1 10 12 1 1 10 12 1 10 6 0 6 0 6 0 10 7 12 1 1 9 12 1 1 10 12 1 10 12 1 10 12 1 10 12 1 5 0 10 12 1 1 10 12 1 10 12 1 10 100 12 1 1 1 10 12 1 1 10 12 1 1 8 1 10 7 12 1 1 1 9 12 1 1 100 1 100 1 100 1 1 1 1 1 6 0 1 1 1 6 0 1 1 3 1 3 1 3 1 3 1 1 1 1 5 0 1 1 1 1 1 1 1 1 1 1 1 1 1 1 1 1 100 1 1 1 1 1 1 1 1 1 1 1 1 3 1 1 1 1 1 1 1 1 1 1 1 1 1 1 1 1 1 1 1 1 1 1 1 1 1 1 1 1 1 1 1 1 1 1 100 1 1 1 1 1 1 1 100 1 100 1 1
staticfield java/lang/Double TYPE Ljava/lang/Class; java/lang/Class
ciInstanceKlass java/lang/Integer 1 1 445 7 1 100 1 7 1 7 1 10 12 1 1 9 12 1 1 9 12 1 1 10 100 12 1 1 1 10 12 1 1 10 100 12 1 1 1 10 10 12 1 1 10 100 12 1 1 1 10 12 1 10 12 1 1 10 7 12 1 1 1 10 12 1 1 10 12 1 1 10 12 1 10 12 1 10 12 1 1 10 10 12 1 9 12 1 1 9 12 1 7 1 8 1 10 12 1 100 1 10 12 1 8 1 10 12 1 1 10 12 1 8 1 10 12 1 8 1 10 12 1 1 3 10 12 1 1 3 10 12 1 1 10 12 1 1 10 7 12 1 1 1 11 7 1 100 1 10 11 10 12 1 1 8 1 10 12 1 1 8 1 100 1 10 12 1 1 10 12 1 1 5 0 8 1 10 12 1 10 12 1 10 12 1 10 12 1 1 7 1 9 12 1 1 9 12 1 1 10 12 1 10 7 1 9 12 1 10 12 1 10 12 1 10 12 1 1 10 7 12 1 1 1 100 1 100 1 10 12 1 1 10 12 1 1 8 1 8 1 10 12 1 1 8 1 8 1 8 1 8 1 8 1 8 1 10 12 1 10 12 1 10 12 1 5 0 3 3 3 3 10 12 1 3 10 12 1 10 100 12 1 1 1 10 12 1 1 10 12 1 1 8 1 10 7 12 1 1 1 9 12 1 1 3 3 3 3 3 3 9 12 1 1 100 1 100 1 100 1 1 1 1 1 1 1 3 1 3 1 1 5 0 1 1 1 1 1 1 1 1 1 100 1 1 1 1 1 1 1 1 1 1 1 1 1 1 1 1 1 1 1 1 1 1 1 1 1 1 1 1 1 1 1 1 1 1 1 1 1 1 1 3 1 1 1 1 1 1 1 1 1 1 1 1 1 1 1 1 100 1 1 1 1 1 1 1 1 1 1 1 1 1 1 1 1 1 1 1 1 1 1 1 1 1 1 1 1 1 1 1 100 1 1 1 1 1 1 1 1 1 100 1 100 1 1
staticfield java/lang/Integer TYPE Ljava/lang/Class; java/lang/Class
staticfield java/lang/Integer digits [C 36
staticfield java/lang/Integer DigitTens [B 100
staticfield java/lang/Integer DigitOnes [B 100
staticfield java/lang/Integer sizeTable [I 10
ciInstanceKlass java/lang/Long 1 1 506 7 1 100 1 7 1 7 1 10 12 1 1 9 12 1 1 9 7 12 1 1 1 10 100 12 1 1 1 10 12 1 1 10 100 12 1 1 1 10 10 12 10 12 1 10 12 1 10 12 1 5 0 5 0 7 1 10 12 1 1 10 12 1 1 10 12 1 10 12 1 10 12 1 10 12 1 1 10 100 12 1 1 10 12 1 10 12 1 1 10 12 1 1 10 12 1 1 10 12 1 1 10 7 12 1 1 1 10 12 1 1 10 12 1 10 12 1 10 12 1 10 12 1 1 10 10 12 1 5 0 5 0 9 12 1 1 9 12 1 5 0 7 1 8 1 10 12 1 8 1 10 12 1 8 1 8 1 10 12 1 1 5 0 10 12 1 1 5 0 10 12 1 1 10 12 1 1 10 100 12 1 1 1 11 100 1 100 1 10 11 10 12 1 1 8 1 10 12 1 1 8 1 100 1 10 12 1 1 10 12 1 8 1 8 1 11 12 1 1 10 12 1 10 12 1 10 12 1 5 0 5 0 9 7 12 1 1 1 10 12 1 10 12 1 1 8 1 8 1 10 12 1 1 8 1 8 1 8 1 8 1 8 1 8 1 10 12 1 10 12 1 10 12 1 1 10 7 1 9 12 1 1 10 12 1 10 12 1 1 10 7 12 1 1 1 100 1 100 1 10 12 1 1 10 12 1 1 5 0 10 12 1 10 12 1 5 0 5 0 5 0 10 12 1 1 5 0 5 0 10 12 1 10 12 1 10 100 12 1 1 1 10 12 1 1 10 12 1 1 8 1 10 7 12 1 1 1 9 12 1 1 100 1 100 1 100 1 1 1 1 5 0 1 1 1 1 3 1 3 1 5 0 1 1 1 1 1 1 1 1 1 100 1 1 1 1 1 1 1 1 1 1 1 1 1 1 1 1 1 1 1 1 1 1 1 1 1 1 1 1 1 1 1 1 1 1 1 1 1 1 1 1 1 1 1 1 1 1 1 1 1 1 1 1 1 1 3 1 1 1 1 1 1 1 1 1 1 1 1 1 1 1 100 1 1 1 1 1 1 1 1 1 1 1 1 1 1 1 1 1 1 1 1 1 1 1 1 1 1 1 100 1 1 1 1 1 1 1 1 1 100 1 100 1 1
staticfield java/lang/Long TYPE Ljava/lang/Class; java/lang/Class
instanceKlass java/lang/ref/PhantomReference
instanceKlass java/lang/ref/FinalReference
instanceKlass java/lang/ref/WeakReference
instanceKlass java/lang/ref/SoftReference
ciInstanceKlass java/lang/ref/Reference 1 1 195 9 7 12 1 1 1 9 7 12 1 1 10 12 1 1 10 12 1 1 9 12 1 1 10 12 1 1 9 12 1 1 9 12 1 1 7 1 10 12 1 10 7 12 1 1 10 12 1 10 12 1 1 10 12 1 9 12 1 10 12 1 1 10 12 1 10 12 1 9 12 1 100 1 100 1 10 12 1 9 12 1 9 12 1 100 1 10 10 12 1 10 10 7 12 1 1 10 7 12 1 1 1 10 12 1 1 10 7 12 1 1 7 1 8 1 10 12 1 10 12 1 1 10 12 1 1 10 12 1 7 1 10 10 7 12 1 1 1 1 1 1 1 1 1 1 1 1 1 1 1 1 1 1 1 100 1 1 1 100 1 1 1 1 1 1 1 1 1 1 1 1 1 1 1 1 1 1 1 1 1 1 1 1 1 1 1 1 1 1 1 1 1 1 1
staticfield java/lang/ref/Reference processPendingLock Ljava/lang/Object; java/lang/Object
staticfield java/lang/ref/Reference $assertionsDisabled Z 1
instanceKlass jdk/internal/ref/PhantomCleanable
instanceKlass jdk/internal/ref/Cleaner
ciInstanceKlass java/lang/ref/PhantomReference 1 1 39 10 100 12 1 1 1 10 7 12 1 1 1 1 1 1 1 1 1 1 1 1 1 1 1 1 1 1 1 1 1 1 1 1 1 1 1 1 1
instanceKlass java/lang/ref/Finalizer
ciInstanceKlass java/lang/ref/FinalReference 1 1 47 10 7 12 1 1 1 10 7 12 1 1 1 10 12 1 1 100 1 8 1 10 12 1 1 1 1 1 1 1 1 1 1 1 1 1 1 1 1 1 1 1 1 1 1 1 1
ciInstanceKlass java/lang/ref/Finalizer 1 1 152 9 7 12 1 1 1 10 7 12 1 1 1 9 12 1 1 9 12 1 1 9 12 1 9 12 1 10 12 1 10 12 1 1 9 12 1 1 100 1 10 12 1 7 1 11 7 12 1 1 100 1 10 12 1 100 1 10 12 1 10 100 12 1 1 1 10 100 12 1 1 1 100 1 10 10 12 1 10 7 12 1 1 1 7 1 10 7 1 10 10 7 12 1 1 1 10 12 1 1 10 7 12 1 1 7 1 10 12 1 10 12 1 1 10 12 1 1 10 12 1 1 1 1 1 1 1 1 1 1 1 1 1 1 1 1 1 1 1 1 1 1 1 1 1 1 1 1 1 1 1 1
staticfield java/lang/ref/Finalizer lock Ljava/lang/Object; java/lang/Object
staticfield java/lang/ref/Finalizer $assertionsDisabled Z 1
instanceKlass java/util/ResourceBundle$KeyElementReference
instanceKlass sun/nio/ch/FileLockTable$FileLockReference
instanceKlass java/util/logging/LogManager$LoggerWeakRef
instanceKlass java/util/logging/Level$KnownLevel
instanceKlass sun/security/provider/FileInputStreamPool$StreamRef
instanceKlass java/lang/WeakPairMap$WeakRefPeer
instanceKlass java/lang/ClassValue$Entry
instanceKlass java/lang/invoke/MethodType$ConcurrentWeakInternSet$WeakEntry
instanceKlass java/lang/ThreadLocal$ThreadLocalMap$Entry
instanceKlass java/util/WeakHashMap$Entry
ciInstanceKlass java/lang/ref/WeakReference 1 1 31 10 7 12 1 1 1 10 12 1 100 1 1 1 1 1 1 1 1 1 1 1 1 1 1 1 1 1 1 1 1
instanceKlass java/util/ResourceBundle$BundleReference
instanceKlass android/icu/impl/locale/LocaleObjectCache$CacheEntry
instanceKlass sun/security/util/MemoryCache$SoftCacheEntry
instanceKlass sun/util/locale/provider/LocaleResources$ResourceReference
instanceKlass sun/util/resources/Bundles$BundleReference
instanceKlass sun/util/locale/LocaleObjectCache$CacheEntry
instanceKlass java/io/ClassCache$CacheRef
instanceKlass java/lang/invoke/LambdaFormEditor$Transform
ciInstanceKlass java/lang/ref/SoftReference 1 1 47 10 7 12 1 1 1 9 7 12 1 1 1 9 12 1 10 12 1 10 12 1 1 1 1 1 1 1 1 1 1 1 1 1 1 1 1 1 1 1 1 100 1 1 1 1 1
ciInstanceKlass java/lang/IllegalMonitorStateException 1 1 26 10 100 12 1 1 1 10 12 1 100 1 1 1 1 5 0 1 1 1 1 1 1 1 1 1
instanceKlass kotlinx/coroutines/internal/UndeliveredElementException
instanceKlass android/view/WindowManager$InvalidDisplayException
instanceKlass android/view/WindowManager$BadTokenException
instanceKlass org/robolectric/shadows/ShadowParcelFileDescriptor$FileDescriptorFromParcelUnavailableException
instanceKlass android/os/OperationCanceledException
instanceKlass android/database/SQLException
instanceKlass android/view/Surface$OutOfResourcesException
instanceKlass android/os/ParcelableException
instanceKlass java/util/concurrent/RejectedExecutionException
instanceKlass android/content/ActivityNotFoundException
instanceKlass org/robolectric/shadows/ShadowPausedLooper$ControlException
instanceKlass android/icu/util/ICUException
instanceKlass android/util/proto/ProtoParseException
instanceKlass java/util/IllformedLocaleException
instanceKlass android/util/AndroidRuntimeException
instanceKlass android/content/res/Resources$NotFoundException
instanceKlass android/view/WindowManager$InvalidDisplayException
instanceKlass android/view/WindowManager$BadTokenException
instanceKlass org/robolectric/shadows/ShadowParcelFileDescriptor$FileDescriptorFromParcelUnavailableException
instanceKlass org/objectweb/asm/tree/UnsupportedClassVersionException
instanceKlass org/junit/TestCouldNotBeSkippedException
instanceKlass kotlin/KotlinNothingValueException
instanceKlass android/database/CursorWindowAllocationException
instanceKlass dalvik/system/BlockGuard$BlockGuardPolicyException
instanceKlass android/database/StaleDataException
instanceKlass android/os/OperationCanceledException
instanceKlass androidx/sqlite/db/framework/FrameworkSQLiteOpenHelper$OpenHelper$CallbackException
instanceKlass kotlin/NoWhenBranchMatchedException
instanceKlass android/database/SQLException
instanceKlass android/view/Surface$OutOfResourcesException
instanceKlass android/content/ActivityNotFoundException
instanceKlass java/time/DateTimeException
instanceKlass org/robolectric/shadows/ShadowPausedLooper$ControlException
instanceKlass org/bouncycastle/crypto/CryptoServiceConstraintsException
instanceKlass java/security/ProviderException
instanceKlass android/os/NetworkOnMainThreadException
instanceKlass android/util/AndroidRuntimeException
instanceKlass java/lang/invoke/WrongMethodTypeException
instanceKlass android/content/res/Resources$NotFoundException
instanceKlass java/lang/TypeNotPresentException
instanceKlass java/util/ConcurrentModificationException
instanceKlass java/util/NoSuchElementException
instanceKlass kotlin/UninitializedPropertyAccessException
instanceKlass org/robolectric/util/inject/Injector$UnsatisfiedDependencyException
instanceKlass org/robolectric/util/inject/InjectionException
instanceKlass org/junit/runner/notification/StoppedByUserException
instanceKlass org/junit/internal/AssumptionViolatedException
instanceKlass com/esotericsoftware/kryo/KryoException
instanceKlass org/gradle/internal/remote/internal/MessageIOException
instanceKlass java/util/MissingResourceException
instanceKlass org/gradle/internal/remote/internal/ConnectException
instanceKlass org/gradle/api/UncheckedIOException
instanceKlass org/gradle/internal/nativeintegration/NativeIntegrationException
instanceKlass net/rubygrapefruit/platform/NativeException
instanceKlass org/gradle/internal/reflect/NoSuchMethodException
instanceKlass org/gradle/internal/service/ServiceLookupException
instanceKlass java/lang/IndexOutOfBoundsException
instanceKlass java/lang/reflect/UndeclaredThrowableException
instanceKlass org/gradle/internal/operations/BuildOperationInvocationException
instanceKlass org/gradle/internal/UncheckedException
instanceKlass java/lang/UnsupportedOperationException
instanceKlass java/lang/SecurityException
instanceKlass java/lang/IllegalStateException
instanceKlass org/gradle/api/GradleException
instanceKlass java/lang/IllegalArgumentException
instanceKlass java/lang/ArithmeticException
instanceKlass java/lang/NullPointerException
instanceKlass java/lang/IllegalMonitorStateException
instanceKlass java/lang/ArrayStoreException
instanceKlass java/lang/ClassCastException
ciInstanceKlass java/lang/RuntimeException 1 1 40 10 7 12 1 1 1 10 12 1 10 12 1 10 12 1 10 12 1 100 1 1 1 1 5 0 1 1 1 1 1 1 1 1 1 1 1 1 1 1
instanceKlass java/nio/charset/UnsupportedCharsetException
instanceKlass java/nio/charset/IllegalCharsetNameException
instanceKlass java/security/InvalidParameterException
instanceKlass org/gradle/internal/service/UnknownServiceException
instanceKlass java/lang/NumberFormatException
ciInstanceKlass java/lang/IllegalArgumentException 1 1 35 10 7 12 1 1 1 10 12 1 10 12 1 10 12 1 100 1 1 1 1 5 0 1 1 1 1 1 1 1 1 1 1 1 1
ciInstanceKlass java/lang/ArithmeticException 1 1 26 10 100 12 1 1 1 10 12 1 100 1 1 1 1 5 0 1 1 1 1 1 1 1 1 1
ciInstanceKlass java/lang/ArrayStoreException 1 1 26 10 100 12 1 1 1 10 12 1 100 1 1 1 1 5 0 1 1 1 1 1 1 1 1 1
instanceKlass com/google/common/collect/Ordering$IncomparableValueException
instanceKlass com/google/common/collect/Ordering$IncomparableValueException
ciInstanceKlass java/lang/ClassCastException 1 1 26 10 100 12 1 1 1 10 12 1 100 1 1 1 1 5 0 1 1 1 1 1 1 1 1 1
ciInstanceKlass java/lang/NoClassDefFoundError 0 0 26 10 100 12 1 1 1 10 12 1 100 1 1 1 1 5 0 1 1 1 1 1 1 1 1 1
ciInstanceKlass java/lang/StackOverflowError 1 1 26 10 100 12 1 1 1 10 12 1 100 1 1 1 1 5 0 1 1 1 1 1 1 1 1 1
instanceKlass java/lang/StackOverflowError
instanceKlass java/lang/OutOfMemoryError
instanceKlass java/lang/InternalError
ciInstanceKlass java/lang/VirtualMachineError 1 1 34 10 100 12 1 1 1 10 12 1 10 12 1 10 12 1 100 1 1 1 1 5 0 1 1 1 1 1 1 1 1 1 1 1
ciInstanceKlass java/lang/OutOfMemoryError 1 1 26 10 100 12 1 1 1 10 12 1 100 1 1 1 1 5 0 1 1 1 1 1 1 1 1 1
ciInstanceKlass java/lang/InternalError 0 0 34 10 100 12 1 1 1 10 12 1 10 12 1 10 12 1 100 1 1 1 1 5 0 1 1 1 1 1 1 1 1 1 1 1
instanceKlass sun/awt/SoftCache
instanceKlass sun/util/PreHashedMap
instanceKlass com/google/common/collect/Maps$IteratorBasedAbstractMap
instanceKlass com/google/common/collect/Maps$ViewCachingAbstractMap
instanceKlass java/lang/ProcessEnvironment$StringEnvironment
instanceKlass java/util/TreeMap
instanceKlass java/util/concurrent/ConcurrentSkipListMap
instanceKlass java/util/EnumMap
instanceKlass java/util/IdentityHashMap
instanceKlass java/util/WeakHashMap
instanceKlass java/util/Collections$EmptyMap
instanceKlass java/util/HashMap
instanceKlass java/util/ImmutableCollections$AbstractImmutableMap
instanceKlass java/util/concurrent/ConcurrentHashMap
ciInstanceKlass java/util/AbstractMap 1 1 192 10 7 12 1 1 1 10 7 12 1 1 1 11 7 12 1 1 1 10 11 12 1 1 11 7 12 1 1 1 11 12 1 1 100 1 11 12 1 10 12 1 1 11 12 1 100 1 10 11 12 1 11 100 1 10 12 1 1 11 12 1 9 12 1 1 100 1 10 12 1 9 12 1 1 100 1 10 11 11 12 1 1 11 12 1 100 1 100 1 11 12 1 8 1 100 1 10 10 12 1 1 8 1 10 12 1 10 12 1 1 10 12 1 1 1 1 1 1 1 1 1 1 1 1 1 1 1 1 1 1 1 1 1 1 1 1 1 1 1 1 1 1 1 1 1 1 1 1 1 1 1 1 100 1 1 1 1 1 1 1 1 1 1 1 1 1 1 1 1 100 1 1 1 1 1 1 1 1 1 100 1 100 1 100 1 100 1 1 1 1 1
instanceKlass java/lang/reflect/Executable
instanceKlass java/lang/reflect/Field
ciInstanceKlass java/lang/reflect/AccessibleObject 1 1 398 10 7 12 1 1 1 9 100 12 1 1 1 10 100 12 1 1 1 10 7 12 1 1 10 7 12 1 1 1 10 100 12 1 1 1 10 12 1 1 10 12 1 1 9 12 1 1 100 1 10 7 12 1 1 1 11 12 1 100 1 10 12 1 7 1 100 1 10 12 1 10 12 1 1 7 1 10 7 12 1 1 1 10 12 1 1 7 1 10 12 1 1 7 1 10 10 10 7 12 1 1 1 10 12 1 1 10 12 1 10 12 1 10 12 1 1 10 12 1 8 1 100 1 10 10 12 1 1 8 1 10 12 1 10 12 1 8 1 8 1 8 1 8 1 8 1 8 1 100 1 10 12 1 10 12 1 9 12 1 1 10 12 1 1 10 12 1 10 11 100 1 100 1 8 1 10 10 12 1 10 12 1 1 8 1 10 12 1 8 1 10 12 1 1 10 100 1 8 1 10 11 7 12 1 1 10 12 1 1 10 12 1 1 10 12 1 1 9 12 1 1 100 1 10 12 1 7 1 10 12 1 10 12 1 1 10 100 1 10 12 1 10 12 10 12 1 10 12 1 1 10 12 1 10 12 1 1 10 12 1 9 12 1 10 100 12 1 1 8 1 10 100 12 1 1 1 8 1 10 100 12 1 1 1 9 12 1 100 1 10 7 1 10 10 7 12 1 1 1 7 1 10 10 7 12 1 1 1 7 1 9 12 1 1 1 1 1 1 1 1 1 1 1 1 1 1 1 1 1 1 1 1 1 1 1 1 1 1 1 1 1 1 1 1 1 1 1 1 1 1 1 1 1 1 1 1 1 1 1 1 1 1 1 1 1 1 1 1 1 1 1 1 1 1 1 1 1 1 1 1 1 1 1 1 1 1 1 1 1 1 1 1 1 1 1 1 1
staticfield java/lang/reflect/AccessibleObject reflectionFactory Ljdk/internal/reflect/ReflectionFactory; jdk/internal/reflect/ReflectionFactory
instanceKlass java/lang/reflect/Constructor
instanceKlass java/lang/reflect/Method
ciInstanceKlass java/lang/reflect/Executable 1 1 548 10 7 12 1 1 1 10 7 12 1 1 1 10 7 12 1 1 1 11 7 12 1 1 1 10 7 12 1 1 1 10 12 1 1 10 7 12 1 1 1 10 7 12 1 1 1 10 12 1 8 1 10 10 12 1 1 10 12 1 1 10 7 12 1 1 1 18 12 1 1 11 7 12 1 1 1 8 1 8 1 8 1 10 7 12 1 1 1 11 12 1 1 7 1 8 1 8 1 10 12 1 100 1 8 1 10 12 1 8 1 11 100 12 1 1 1 100 1 10 12 1 1 11 12 1 8 1 18 8 1 10 12 1 10 12 1 1 18 8 1 10 12 1 100 1 10 12 1 10 12 1 11 7 12 1 1 10 12 1 1 8 1 8 1 10 12 1 1 10 12 1 1 10 10 12 1 100 1 10 10 12 1 10 12 1 1 10 7 12 1 1 10 12 1 10 12 1 10 12 1 1 10 7 12 1 1 10 12 1 10 12 1 10 100 12 1 1 1 10 12 1 8 1 10 12 1 10 12 1 3 100 1 8 1 10 12 1 10 12 1 10 10 12 1 10 12 1 1 8 1 8 1 8 1 9 12 1 10 12 1 100 1 8 1 9 12 1 10 12 1 10 12 1 1 10 12 1 1 10 12 1 10 12 10 12 1 7 1 10 12 1 10 12 1 1 100 1 10 100 12 1 1 1 7 1 10 7 12 1 1 1 10 12 1 1 11 7 12 1 1 10 7 12 1 1 10 100 12 1 1 1 10 12 1 1 9 12 1 10 12 1 1 10 12 1 10 12 1 1 9 7 12 1 1 1 10 7 12 1 1 1 10 12 1 10 12 1 1 9 12 1 10 10 10 10 100 12 1 1 1 10 12 1 9 12 1 10 12 1 1 9 12 1 100 1 100 1 1 1 1 1 1 1 1 1 1 1 1 1 1 1 1 1 1 1 1 1 1 1 1 1 1 1 1 1 1 1 1 1 1 100 1 1 1 1 1 1 1 1 100 1 1 1 1 1 1 1 1 1 1 1 1 100 1 1 1 1 1 1 1 1 1 1 1 1 1 1 1 1 1 1 1 1 1 1 1 1 1 1 1 1 1 1 1 1 1 1 1 1 1 1 1 1 1 100 1 1 1 1 1 1 1 1 1 1 1 1 1 1 1 1 1 1 1 1 1 100 1 100 1 1 15 10 7 12 1 1 1 16 15 16 1 16 1 15 10 12 16 1 100 1 1 100 1 100 1 1
ciInstanceKlass java/lang/reflect/Constructor 1 1 433 10 7 12 1 1 1 10 7 12 1 1 9 7 12 1 1 1 10 12 1 1 10 12 1 1 10 7 12 1 1 9 12 1 1 10 7 12 1 1 1 9 12 1 1 9 12 1 1 9 12 1 9 12 1 1 9 12 1 9 12 1 1 9 12 1 1 9 12 1 7 1 8 1 10 12 1 10 12 1 9 12 1 1 10 7 12 1 1 10 7 12 1 1 1 10 12 1 1 10 12 1 1 10 12 1 7 1 100 1 8 1 10 10 12 1 10 12 1 10 12 1 1 10 12 1 1 9 100 12 1 1 1 10 7 12 1 1 10 12 1 1 10 12 1 10 12 1 1 10 100 12 1 1 1 10 100 12 1 1 10 12 1 1 10 12 1 10 100 12 1 1 1 8 1 10 10 12 1 100 1 8 1 10 12 1 10 12 1 1 10 12 1 1 10 12 1 10 12 1 10 12 1 1 10 12 1 1 9 12 1 1 10 12 1 1 10 12 1 1 10 12 1 8 1 10 12 1 1 11 7 12 1 1 1 10 12 1 1 10 12 1 10 12 1 9 12 1 1 10 7 12 1 1 1 10 12 1 1 10 12 1 1 10 12 1 1 10 12 1 1 10 12 1 9 100 12 1 1 10 12 1 10 12 1 10 12 1 100 1 8 1 10 10 12 1 1 10 12 1 10 10 12 1 1 10 12 1 1 10 100 12 1 1 1 11 100 12 1 1 1 10 12 1 1 9 100 12 1 1 1 10 100 12 1 1 1 10 12 1 1 1 1 1 1 1 1 1 1 1 1 1 1 1 1 1 1 1 1 1 1 1 1 1 1 1 1 1 1 1 1 1 1 1 1 1 1 1 1 1 1 1 1 1 1 1 1 1 1 1 100 1 7 1 7 1 7 1 1 1 1 1 1 1 1 1 1 1 1 1 1 1 1 1 1 1 1 1 1 1 1 1 1 1 1 1 1 1 1 1 100 1 1
ciInstanceKlass java/lang/reflect/Method 1 1 450 9 7 12 1 1 1 10 7 12 1 1 1 10 7 12 1 1 9 12 1 1 10 12 1 1 10 12 1 1 10 7 12 1 1 10 7 12 1 1 1 9 12 1 1 9 12 1 9 12 1 1 9 12 1 9 12 1 9 12 1 1 9 12 1 9 12 1 1 9 12 1 9 12 1 9 12 1 1 7 1 8 1 10 12 1 10 12 1 9 12 1 1 8 1 10 7 12 1 1 10 7 12 1 1 1 10 12 1 1 10 12 1 1 10 12 1 10 12 1 1 10 12 1 1 9 100 12 1 1 1 10 12 1 1 10 12 10 7 12 1 1 10 12 1 1 10 12 1 10 12 1 10 12 1 10 7 12 1 1 1 10 12 1 1 10 7 1 10 7 12 1 1 1 10 7 12 1 1 10 12 1 1 10 12 1 1 10 12 1 10 7 12 1 1 1 10 12 1 10 8 1 10 12 1 10 12 1 7 1 8 1 8 1 8 1 10 12 1 10 12 1 1 10 12 1 1 10 10 12 1 1 10 12 1 11 100 1 9 12 1 1 10 12 1 1 10 12 1 10 12 1 1 10 12 1 1 11 7 12 1 1 1 10 12 1 10 12 1 10 12 1 10 12 1 10 12 1 9 12 1 1 10 7 12 1 1 1 10 12 1 1 10 7 12 1 1 1 10 7 12 1 1 1 10 7 12 1 1 1 11 7 12 1 1 1 10 7 12 1 1 1 7 1 100 1 100 1 10 12 1 10 12 1 1 10 12 1 100 1 8 1 10 12 1 10 10 12 1 1 10 12 1 1 10 12 1 1 10 12 1 1 8 1 10 12 1 1 1 1 1 1 1 1 1 1 1 1 1 1 1 1 1 1 1 1 1 1 1 1 1 1 1 1 1 1 1 1 1 1 1 1 1 1 1 1 1 1 1 1 1 1 1 1 1 1 1 1 1 100 1 7 1 7 1 1 1 1 1 1 1 1 1 1 1 1 1 1 1 1 1 1 1 1 1 1 1 1 1 1
ciInstanceKlass java/lang/reflect/Field 1 1 437 9 7 12 1 1 1 10 12 1 1 10 100 12 1 1 1 10 100 12 1 1 9 12 1 1 10 12 1 1 10 12 1 1 10 100 12 1 1 10 7 12 1 1 1 9 12 1 1 9 12 1 9 12 1 9 12 1 1 9 12 1 1 9 12 1 9 12 1 1 9 12 1 1 7 1 8 1 10 12 1 10 12 1 9 12 1 1 9 12 1 10 12 1 10 7 12 1 1 10 12 1 1 10 12 1 1 10 12 1 10 12 1 1 100 1 10 12 1 1 10 12 1 1 10 12 1 1 10 12 1 10 12 1 10 7 1 10 100 12 1 1 100 1 10 8 1 10 12 1 1 10 12 1 1 8 1 10 12 10 12 1 8 1 8 1 10 11 100 1 9 12 1 10 12 1 1 10 12 1 1 11 7 12 1 1 1 11 12 1 1 11 12 1 1 11 12 1 1 11 12 1 1 11 12 1 1 11 12 1 1 11 12 1 1 11 12 1 1 11 12 1 1 11 12 1 1 11 12 1 1 11 12 1 1 11 12 1 1 11 12 1 1 11 12 1 1 11 12 1 1 11 12 1 1 10 12 1 10 100 12 1 1 10 12 1 10 12 1 1 10 12 9 12 1 1 10 7 12 1 1 1 10 12 1 1 10 7 12 1 1 10 12 1 1 11 7 1 10 12 1 7 1 10 100 12 1 1 1 10 7 12 1 1 1 9 12 1 10 7 12 1 1 1 11 7 12 1 1 1 10 12 1 1 10 12 1 1 9 100 12 1 1 1 10 100 12 1 1 1 10 12 1 1 100 1 1 1 1 1 1 1 1 1 1 1 1 1 1 1 1 1 1 1 1 1 1 1 1 1 1 1 1 1 1 1 1 1 1 1 7 1 1 1 1 1 1 1 1 1 1 1 1 1 1 1 1 1 1 1 1 1 1 1 1 1 1 1 1 1 1 1 1 1 1 100 1 1 1 1 1 1 1 1 100 1 1
ciInstanceKlass java/lang/reflect/Parameter 1 1 226 10 7 12 1 1 1 9 7 12 1 1 1 9 12 1 1 9 12 1 1 9 12 1 10 12 1 1 10 12 1 1 10 100 12 1 1 1 100 1 10 10 12 1 1 11 100 12 1 1 1 10 12 1 10 100 12 1 1 1 10 12 1 1 10 12 1 10 12 1 8 1 8 1 10 100 12 1 1 1 10 12 1 10 12 10 12 1 8 1 10 12 1 9 12 1 1 10 12 1 1 9 12 1 1 10 12 1 1 10 12 1 1 10 12 1 1 10 12 1 10 10 12 1 10 100 12 1 1 1 10 12 1 1 11 100 12 1 1 10 100 12 1 1 100 1 10 100 12 1 1 1 10 12 1 1 10 12 1 1 10 12 1 1 10 12 1 1 9 12 1 100 1 10 11 12 1 1 11 12 1 1 100 1 1 1 1 1 1 1 1 1 1 1 1 1 1 1 1 1 1 1 1 1 1 1 1 1 1 1 1 1 1 1 1 1 1 1 1 1 1 100 1 1 1 1
ciInstanceKlass java/lang/StringBuffer 1 1 470 10 7 12 1 1 1 10 12 1 10 12 1 10 12 1 1 9 7 12 1 1 1 10 12 1 1 10 12 1 10 12 1 1 9 12 1 1 10 12 1 10 12 1 1 10 12 1 1 10 12 1 10 12 1 1 10 12 1 10 12 1 1 10 12 1 1 10 100 12 1 1 1 10 12 1 1 10 12 1 10 12 1 10 12 1 10 12 1 10 12 1 10 12 1 10 12 1 10 12 1 10 12 1 10 12 1 10 12 1 10 12 1 10 12 1 10 12 1 1 10 12 1 10 12 1 1 10 12 1 1 10 10 12 1 1 10 12 1 10 12 1 10 12 1 10 12 1 10 12 1 10 12 1 10 12 10 12 1 10 12 1 10 12 1 10 12 1 1 10 12 1 10 12 1 10 10 12 1 1 10 12 1 1 9 12 1 1 10 7 12 1 1 1 10 100 1 10 10 100 12 1 1 1 10 10 12 1 10 8 10 100 12 1 1 1 8 10 12 1 8 1 10 12 1 10 12 1 10 100 12 1 1 1 10 100 12 1 1 1 7 1 10 12 100 1 8 1 10 10 12 1 1 10 12 1 1 10 12 1 1 10 12 1 10 12 1 10 12 1 10 12 1 10 12 1 10 12 1 10 12 1 10 12 1 10 12 1 10 12 1 10 12 1 10 12 1 10 12 1 10 12 1 10 12 1 10 12 1 10 12 10 12 10 12 1 10 12 1 10 12 1 10 12 10 12 1 10 12 1 10 12 1 10 12 1 10 12 1 10 12 1 10 12 1 10 12 1 10 12 1 10 12 1 10 12 1 7 1 10 12 1 9 7 12 1 1 1 9 7 1 9 12 1 1 100 1 100 1 100 1 1 1 1 5 0 1 1 1 1 1 1 1 1 1 1 1 1 1 1 1 1 1 1 1 1 1 1 1 1 1 1 1 1 1 1 1 1 1 1 1 1 1 1 1 1 1 1 1 1 1 1 1 1 1 1 1 1 1 1 1 1 1 1 1 1 100 1 1 1 1 1 100 1 1 1 1 1 1 1 1 1 1 1 1 1 1 1 1 1
staticfield java/lang/StringBuffer serialPersistentFields [Ljava/io/ObjectStreamField; 3 [Ljava/io/ObjectStreamField;
instanceKlass java/lang/StringBuilder
instanceKlass java/lang/StringBuffer
ciInstanceKlass java/lang/AbstractStringBuilder 1 1 547 7 1 7 1 10 7 12 1 1 1 9 7 12 1 1 1 9 12 1 9 12 1 1 9 12 1 1 10 7 12 1 1 1 10 12 1 1 3 3 10 12 1 10 12 1 1 11 7 1 100 1 100 1 10 8 1 10 12 1 10 12 1 10 12 1 1 10 12 1 10 12 1 10 12 1 9 12 1 1 10 12 1 1 10 7 12 1 1 1 10 10 12 1 10 12 1 10 12 1 1 10 12 1 1 10 7 12 1 1 1 10 7 12 1 1 1 100 1 8 1 10 10 12 1 1 100 1 10 12 10 12 1 1 10 10 12 1 1 10 12 1 1 10 12 1 1 10 12 1 1 100 1 10 10 12 1 10 100 12 1 1 1 10 12 1 1 10 12 1 10 12 1 1 10 10 12 1 1 10 12 10 12 1 10 12 1 1 10 12 1 1 10 12 1 1 10 12 1 10 10 12 1 1 10 12 1 10 12 1 1 8 1 10 12 1 1 10 12 1 10 12 1 10 12 1 10 12 1 10 12 1 10 12 1 10 7 12 1 1 10 12 1 10 12 1 10 7 12 1 1 1 10 12 1 10 12 1 10 12 1 10 12 1 10 12 1 1 10 12 1 10 12 1 1 10 12 1 1 10 10 7 12 1 1 1 10 12 1 10 12 1 10 12 1 1 10 12 1 10 12 1 10 12 1 10 12 1 10 12 1 10 12 1 10 12 1 10 12 1 10 12 1 1 10 12 1 10 12 1 10 12 10 12 1 1 18 12 1 1 100 1 10 100 12 1 1 1 18 10 12 1 1 10 12 1 10 12 1 1 11 12 1 10 12 1 10 12 1 10 10 12 1 10 8 1 8 1 8 1 10 10 100 1 10 12 1 100 1 10 100 1 10 100 1 1 1 3 1 1 1 1 1 1 1 1 1 1 100 1 1 1 1 1 1 1 1 1 1 1 1 1 1 1 1 1 1 1 1 1 1 1 1 1 1 1 1 1 1 1 1 1 1 1 1 1 1 1 1 1 1 1 1 1 1 1 1 1 1 1 1 1 1 1 1 1 1 1 1 1 1 1 1 1 1 1 1 1 1 1 1 1 1 1 1 1 1 1 1 1 1 1 1 1 1 1 1 1 1 1 1 1 1 1 1 1 100 1 1 100 1 1 1 1 1 100 1 1 1 1 1 1 15 10 100 12 1 1 1 16 1 15 10 12 16 15 10 12 1 1 1 1 100 1 100 1 1
staticfield java/lang/AbstractStringBuilder EMPTYVALUE [B 0
ciInstanceKlass java/lang/SecurityManager 0 0 576 10 100 12 1 1 1 9 100 12 1 1 1 10 100 12 1 1 1 100 1 8 1 10 12 1 10 12 1 1 10 100 12 1 1 1 10 100 1 10 100 1 10 9 100 12 1 1 1 10 100 12 1 1 1 10 12 1 1 10 100 12 1 1 100 1 8 1 10 9 12 1 1 9 12 1 8 1 9 12 1 100 1 10 8 1 10 12 1 1 10 12 1 10 12 1 1 100 1 10 10 12 1 1 100 1 8 1 10 12 1 8 1 8 1 8 1 8 1 8 1 8 1 10 12 1 8 1 8 1 8 1 8 1 8 1 10 100 12 1 1 1 10 12 1 1 8 1 100 1 8 1 10 8 1 8 1 8 1 8 1 8 1 10 100 12 1 1 8 1 100 1 8 1 8 1 10 8 1 10 12 1 100 1 8 1 10 10 12 1 1 10 12 1 10 12 1 10 12 1 10 100 12 1 1 1 10 12 1 10 100 12 1 1 11 100 12 1 1 1 18 12 1 1 11 100 12 1 1 1 18 12 1 1 11 12 1 1 18 18 11 12 1 18 12 1 11 12 1 1 9 12 1 1 9 12 1 9 12 1 9 12 1 100 1 10 100 12 1 1 10 12 1 10 12 1 18 12 1 18 10 100 12 1 1 1 18 12 1 10 12 1 18 18 8 1 10 12 1 9 12 1 1 11 100 12 1 1 1 8 1 100 1 10 12 1 10 12 1 1 10 12 1 1 9 12 1 1 10 12 1 10 12 1 1 8 1 100 1 10 9 12 1 8 1 10 12 1 8 1 100 1 10 10 100 12 1 1 10 100 1 9 100 12 1 1 1 11 12 1 1 10 12 1 11 12 1 10 12 1 100 1 10 10 12 1 1 10 12 1 1 1 1 1 1 1 1 1 1 1 100 1 1 1 1 1 1 1 1 1 1 1 1 1 1 1 1 1 1 1 1 1 1 1 1 1 1 1 1 1 1 1 1 1 1 1 1 1 1 1 1 1 1 1 1 1 1 1 1 1 1 1 1 1 1 1 1 3 1 1 1 1 1 1 1 1 1 1 100 1 1 1 1 1 1 1 1 1 1 1 1 1 1 1 1 1 1 1 1 1 1 1 1 1 1 1 1 1 1 1 1 1 1 1 1 1 1 15 10 100 12 1 1 1 16 15 10 100 12 1 1 1 16 1 16 15 10 12 16 1 15 10 12 16 15 11 100 1 16 1 16 1 15 10 12 16 15 10 12 16 15 10 12 1 16 1 15 11 12 1 15 10 12 16 15 10 16 1 1 1 1 100 1 100 1 1
ciInstanceKlass java/security/AccessControlContext 1 1 373 9 7 12 1 1 1 9 12 1 1 10 100 12 1 1 1 8 1 10 100 12 1 1 1 10 7 12 1 1 1 9 12 1 9 12 1 1 9 12 1 1 10 7 12 1 1 100 1 10 12 1 11 100 12 1 1 1 11 12 1 11 12 1 11 12 1 1 7 1 11 12 1 1 10 12 1 10 7 12 1 1 1 9 100 12 1 1 1 10 100 12 1 1 1 11 100 12 1 1 1 10 7 1 100 1 8 1 10 12 1 10 12 1 1 7 1 10 7 12 1 1 1 9 12 1 9 12 1 9 12 1 9 12 1 1 9 12 1 1 9 12 1 9 12 1 10 7 12 1 1 1 9 12 1 10 12 1 1 10 12 1 1 8 1 10 12 1 1 10 12 1 1 10 100 12 1 1 1 100 1 10 10 12 1 1 10 100 12 1 1 1 10 8 1 10 100 12 1 1 8 1 10 100 12 1 1 8 1 8 1 10 12 1 8 1 10 12 1 8 1 10 12 1 10 12 1 10 12 1 1 8 1 8 1 100 1 10 12 1 10 12 1 1 100 1 10 12 1 8 1 10 12 1 10 12 1 10 8 1 10 12 1 1 10 12 1 1 10 12 1 1 10 12 1 1 10 12 1 10 12 1 10 12 1 10 12 1 1 10 10 10 12 1 1 1 1 1 1 1 1 1 1 1 1 1 1 1 1 1 1 1 1 1 1 1 1 100 1 1 1 1 1 1 1 1 1 1 1 1 1 1 1 1 1 1 1 1 1 1 1 1 1 1 1 1 1 1 1 1 1 1 1 1 1 1 1 1 1 1 1 1 1 1 1 1 1 1 1 1 3 1 1
ciInstanceKlass java/net/URL 1 1 743 10 7 12 1 1 1 10 12 1 10 7 12 1 1 9 12 1 1 9 12 1 10 7 12 1 1 1 10 12 1 1 10 12 1 1 9 12 1 1 10 7 12 1 1 1 8 1 10 12 1 1 100 1 10 10 12 1 1 8 1 10 12 1 1 9 12 1 100 1 8 1 10 12 1 10 12 1 8 1 9 12 1 10 12 1 1 9 12 1 10 12 1 10 12 1 9 12 1 9 12 1 8 1 9 12 1 10 12 1 1 8 1 9 12 1 1 10 12 1 1 10 7 12 1 1 1 8 1 10 12 1 7 1 10 12 1 10 12 1 10 12 1 10 12 1 1 10 12 1 1 8 1 10 12 1 1 10 12 1 8 1 9 12 1 8 1 10 12 1 10 7 12 1 1 1 100 1 10 12 1 10 12 1 1 10 7 12 1 1 1 100 1 8 1 10 10 12 1 8 1 10 12 1 1 10 12 1 10 12 1 10 12 1 10 12 1 10 12 1 8 1 10 12 1 10 10 7 12 1 1 1 10 12 1 9 100 12 1 1 1 10 100 12 1 1 1 9 12 1 1 10 12 1 10 100 12 1 1 1 100 1 100 1 10 12 1 10 12 1 10 12 1 10 12 1 10 12 1 10 12 10 10 10 12 1 100 1 10 12 1 10 12 1 1 8 1 9 100 12 1 1 1 10 100 12 1 1 1 10 12 1 1 9 100 12 1 1 1 10 12 1 1 100 1 10 12 1 10 12 1 10 10 12 1 1 10 12 1 1 10 12 1 10 12 1 10 12 1 10 7 12 1 1 1 10 12 1 1 10 12 1 9 12 1 1 9 12 1 1 100 1 8 1 10 10 12 1 9 12 1 1 10 7 12 1 1 8 1 10 7 12 1 1 8 1 10 12 1 1 10 12 1 8 1 8 1 10 7 12 1 1 1 100 1 10 100 12 1 1 1 10 12 1 10 12 1 100 1 10 9 12 1 1 10 7 12 1 1 8 1 10 12 1 1 100 1 10 10 100 12 1 1 1 8 9 100 12 1 1 1 10 12 1 10 12 1 10 12 1 10 12 1 10 7 12 1 1 11 7 12 1 1 10 12 1 10 12 1 9 12 1 10 12 1 1 10 100 12 1 1 10 100 12 1 1 1 8 10 100 12 1 1 100 1 10 8 8 10 12 1 8 8 8 100 1 10 12 1 9 12 1 1 10 12 1 10 12 1 1 10 12 1 10 12 10 12 1 1 10 12 1 1 10 10 10 12 1 10 12 1 10 12 1 10 12 1 10 12 1 10 10 12 1 100 1 8 1 10 10 10 12 1 1 10 12 1 10 12 1 1 8 1 7 1 10 10 10 7 1 10 12 1 9 7 12 1 1 1 9 12 1 1 7 1 10 10 7 12 1 1 1 100 1 1 1 1 1 5 0 1 1 1 1 1 1 1 1 1 1 1 1 1 1 1 1 1 1 1 1 1 1 1 1 1 1 1 1 1 1 1 1 1 1 1 1 1 1 1 100 1 1 1 1 1 1 1 1 1 1 1 1 1 1 1 1 1 1 1 1 1 1 1 1 1 1 1 1 1 1 1 1 1 1 1 1 1 100 1 1 1 1 1 1 1 1 1 1 1 1 1 1 1 1 100 1 1 1 1 1 1 1 1 1 1 1 1 1 1 1 1 1 1
staticfield java/net/URL defaultFactory Ljava/net/URLStreamHandlerFactory; java/net/URL$DefaultFactory
staticfield java/net/URL streamHandlerLock Ljava/lang/Object; java/lang/Object
staticfield java/net/URL serialPersistentFields [Ljava/io/ObjectStreamField; 7 [Ljava/io/ObjectStreamField;
ciInstanceKlass java/util/jar/Manifest 1 1 336 10 7 12 1 1 1 7 1 10 9 7 12 1 1 1 7 1 10 9 12 1 1 9 12 1 1 10 12 1 10 12 1 1 10 12 1 1 10 12 1 1 10 12 1 1 11 7 1 11 12 1 1 10 12 1 1 10 100 12 1 1 1 100 1 100 1 10 8 1 10 12 1 1 10 12 1 1 10 12 1 10 12 1 11 100 1 10 12 1 10 12 1 1 11 12 1 1 10 12 1 11 12 1 1 11 100 12 1 1 1 11 100 12 1 1 11 12 1 1 100 1 10 12 1 8 1 11 12 1 7 1 10 12 1 1 11 12 1 10 12 1 10 12 1 10 100 12 1 1 1 8 1 10 12 1 1 10 9 7 12 1 1 1 10 12 1 1 10 100 12 1 10 12 1 10 12 1 9 100 12 1 1 1 8 1 10 12 1 8 1 8 1 7 1 10 12 1 10 12 1 10 12 1 1 100 1 8 1 10 12 1 1 8 1 10 10 12 1 1 8 1 10 12 1 1 10 7 12 1 1 1 10 12 1 10 11 12 1 1 10 12 1 10 7 12 1 1 1 10 12 1 1 10 12 1 1 11 10 12 1 11 10 12 1 100 1 1 1 1 1 1 1 1 1 1 1 1 1 1 1 1 1 1 1 1 1 1 1 1 1 1 1 1 1 1 1 1 1 1 1 1 1 1 1 1 1 1 1 100 1 1 1 1 1 1 1 1 1 1 1 1 1 1 100 1 1 1 1 1 1 1 1 1 1 1
instanceKlass com/google/common/collect/ImmutableCollection
instanceKlass com/google/common/collect/ImmutableCollection
instanceKlass java/util/TreeMap$Values
instanceKlass com/google/common/collect/AbstractMapBasedMultimap$WrappedCollection
instanceKlass com/google/common/collect/ImmutableCollection
instanceKlass java/util/IdentityHashMap$Values
instanceKlass java/util/HashMap$Values
instanceKlass java/util/LinkedHashMap$LinkedValues
instanceKlass java/util/AbstractQueue
instanceKlass java/util/ArrayDeque
instanceKlass java/util/AbstractSet
instanceKlass java/util/ImmutableCollections$AbstractImmutableCollection
instanceKlass java/util/AbstractList
ciInstanceKlass java/util/AbstractCollection 1 1 160 10 7 12 1 1 1 10 7 12 1 1 1 10 12 1 1 11 7 12 1 1 1 11 12 1 1 10 12 1 1 10 100 12 1 1 1 10 12 1 1 10 12 1 1 10 7 12 1 1 10 7 12 1 1 1 7 1 10 100 12 1 1 1 10 100 12 1 1 1 100 1 10 11 12 1 11 7 1 10 12 1 10 12 1 10 100 12 1 1 1 11 8 1 7 1 10 10 12 1 1 8 1 10 12 1 10 12 1 1 1 1 1 1 1 1 1 1 1 1 1 1 1 1 1 1 1 1 1 1 1 1 1 1 1 1 1 1 1 1 1 1 1 1 1 1 1 1 1 1 1 1 1 1 1 1 1 1 1 1
instanceKlass com/google/common/collect/Lists$OnePlusArrayList
instanceKlass android/net/Uri$PathSegments
instanceKlass com/google/common/collect/Lists$OnePlusArrayList
instanceKlass java/util/AbstractList$SubList
instanceKlass java/util/Collections$CopiesList
instanceKlass sun/security/jca/ProviderList$ServiceList
instanceKlass java/util/AbstractSequentialList
instanceKlass sun/security/jca/ProviderList$3
instanceKlass java/util/Arrays$ArrayList
instanceKlass java/util/Collections$SingletonList
instanceKlass java/util/Vector
instanceKlass java/util/ArrayList$SubList
instanceKlass java/util/Collections$EmptyList
instanceKlass java/util/ArrayList
ciInstanceKlass java/util/AbstractList 1 1 218 10 7 12 1 1 1 9 7 12 1 1 1 10 12 1 1 10 12 1 1 100 1 10 10 12 1 1 11 7 12 1 1 1 11 12 1 1 11 12 1 10 7 12 1 1 1 10 12 1 11 12 1 11 12 1 11 12 1 10 12 1 1 10 12 1 1 11 100 12 1 1 1 11 7 1 11 7 1 10 12 1 7 1 10 12 1 10 12 1 1 7 1 7 1 10 12 1 100 1 10 100 1 100 1 10 8 1 10 12 1 1 10 12 1 10 12 1 1 10 12 1 8 1 100 1 8 1 8 1 8 1 10 7 1 11 10 10 12 1 11 12 1 10 12 1 1 8 1 8 1 1 1 1 1 1 1 1 1 1 1 1 1 1 1 1 1 1 1 1 1 1 1 1 1 1 1 1 1 1 1 1 1 1 1 1 1 1 1 1 1 1 1 1 1 1 1 1 1 1 1 1 1 1 1 1 1 1 100 1 100 1 1 1 1 1 1 1
ciInstanceKlass java/lang/AssertionStatusDirectives 0 0 24 10 100 12 1 1 1 100 1 1 1 1 1 1 1 1 1 1 1 1 1 1 1 1
ciInstanceKlass java/lang/invoke/MethodHandleNatives$CallSiteContext 1 1 49 10 7 12 1 1 1 7 1 10 10 7 12 1 1 1 10 7 12 1 1 1 10 7 12 1 1 1 100 1 1 1 1 1 1 1 1 1 1 1 1 1 1 1 1 1 100 1 1
ciInstanceKlass jdk/internal/invoke/NativeEntryPoint 0 0 92 10 100 12 1 1 1 9 100 12 1 1 1 10 100 12 1 1 1 100 1 9 12 1 9 12 1 9 12 1 1 9 12 1 1 9 12 1 1 100 1 8 1 10 12 1 11 100 12 1 1 1 10 12 1 1 10 12 1 11 100 12 1 1 11 12 1 10 12 1 1 10 12 1 1 1 1 1 1 1 1 1 1 1 1 1 1 1 1 1 1 1
instanceKlass java/lang/invoke/VolatileCallSite
instanceKlass java/lang/invoke/MutableCallSite
instanceKlass java/lang/invoke/ConstantCallSite
ciInstanceKlass java/lang/invoke/CallSite 1 1 302 10 7 12 1 1 1 10 7 12 1 1 1 9 7 12 1 1 1 10 12 1 1 9 12 1 1 10 7 12 1 1 1 10 12 1 100 1 10 12 1 1 10 12 1 1 9 100 12 1 1 1 10 100 12 1 1 10 12 1 1 100 1 100 1 10 10 100 12 1 1 1 10 12 1 1 8 1 10 12 1 10 12 1 1 10 12 1 10 12 1 1 10 12 1 1 10 10 7 12 1 1 10 12 1 1 9 12 1 9 7 12 1 1 1 8 1 10 7 12 1 1 1 10 12 1 1 100 1 10 12 1 1 9 12 1 8 1 7 1 10 12 1 10 12 1 100 1 8 1 10 10 12 1 10 12 1 1 7 1 10 12 1 1 10 12 1 10 12 1 10 12 1 1 10 12 1 1 9 12 1 1 8 10 12 1 1 9 12 1 1 100 1 10 10 12 1 10 7 12 1 1 1 10 12 1 1 10 12 1 1 10 12 1 10 7 12 1 1 1 100 1 8 1 10 10 12 10 12 1 1 100 1 100 1 100 1 8 1 10 12 1 10 7 12 1 1 1 1 1 1 1 1 1 1 1 1 1 1 1 1 1 1 1 1 1 1 1 1 1 1 1 1 1 1 1 1 1 1 1 1 1 1 1 1 1 1 1 1 1 1 1 1 1 1 1 1 1 1 1 1 1
staticfield java/lang/invoke/CallSite $assertionsDisabled Z 1
ciInstanceKlass java/lang/invoke/VolatileCallSite 0 0 37 10 100 12 1 1 1 10 12 1 10 100 12 1 1 1 10 12 1 10 12 1 1 1 1 1 1 1 1 1 1 1 1 1 1 1 1
ciInstanceKlass java/lang/invoke/MethodType 1 1 771 7 1 10 7 12 1 1 1 9 12 1 1 9 12 1 1 9 12 1 1 10 7 12 1 1 1 9 7 12 1 1 8 1 10 100 12 1 1 1 9 7 1 9 7 1 10 12 1 1 100 1 10 8 1 10 12 1 1 10 12 1 10 12 1 1 100 1 8 1 10 12 1 100 1 10 10 12 1 10 12 1 1 10 12 1 1 11 7 12 1 1 1 9 12 1 11 12 1 1 7 7 1 10 7 12 1 1 1 10 12 1 9 12 1 1 10 7 12 1 1 10 12 1 1 10 7 12 1 1 1 10 7 12 1 1 1 10 12 1 9 12 1 1 10 12 1 1 7 1 10 12 1 1 10 12 1 1 10 12 1 1 10 12 1 1 10 12 1 1 10 12 1 10 12 1 10 12 1 1 10 12 1 8 1 8 1 10 12 1 1 9 12 1 1 100 1 10 10 12 1 1 10 12 1 10 12 1 1 10 12 1 1 10 12 1 10 12 1 1 10 12 1 8 1 10 12 1 1 10 7 12 1 1 1 10 12 1 10 12 1 1 10 12 1 10 12 1 10 12 1 1 10 12 1 10 12 1 9 12 1 10 12 1 10 10 12 1 1 10 12 1 9 12 1 1 10 12 1 1 10 12 1 1 10 12 1 1 10 12 1 1 7 1 10 12 10 12 1 10 12 1 100 1 8 1 8 1 8 1 10 12 1 10 12 1 10 12 1 10 11 12 1 1 11 12 1 10 100 12 1 1 1 9 12 1 10 12 1 10 12 1 1 10 12 1 1 10 12 1 10 12 1 10 100 12 1 1 1 10 12 1 1 10 12 1 10 12 1 10 12 1 10 9 12 1 1 7 1 10 12 1 10 12 1 1 9 100 12 1 1 1 10 100 12 1 1 1 10 100 12 1 1 1 10 12 1 1 10 100 12 1 1 1 10 12 1 1 8 1 10 7 12 1 1 1 11 12 1 1 9 12 1 1 10 12 1 1 10 12 1 10 12 1 1 10 12 1 1 10 100 12 1 1 100 1 10 12 1 1 11 100 12 1 1 1 18 12 1 1 11 12 1 1 18 12 1 11 12 1 100 1 11 100 12 1 1 10 12 1 100 1 10 12 1 10 100 12 1 1 10 12 1 1 9 12 1 1 9 100 12 1 1 1 10 100 12 1 1 1 9 12 1 10 100 12 1 1 10 12 1 100 10 12 1 1 10 12 1 10 7 1 7 1 9 12 1 1 100 1 100 1 100 1 1 1 5 0 1 1 1 1 1 1 1 3 1 3 1 3 1 1 1 1 1 1 1 1 1 1 1 1 1 1 1 1 1 1 1 1 1 1 1 1 1 1 1 1 1 1 1 1 1 1 1 1 1 1 1 1 1 1 1 1 1 1 1 1 1 1 1 1 1 1 1 1 1 1 1 1 1 1 1 1 1 1 1 1 1 1 1 1 1 1 1 1 1 1 1 1 1 1 1 1 1 1 1 1 1 1 1 1 1 1 1 1 1 1 1 1 1 1 1 1 1 1 1 1 1 1 1 1 1 1 1 1 1 1 1 1 1 1 1 1 1 1 1 100 1 100 1 1 1 1 1 1 1 1 1 1 1 1 1 100 1 1 1 100 1 1 1 1 1 1 1 1 1 1 1 1 1 1 1 1 1 1 1 1 1 15 10 100 12 1 1 1 16 15 10 12 16 16 15 10 12 16 1 1 1 1 100 1 1 100 1 1 100 1 100 1 1
staticfield java/lang/invoke/MethodType internTable Ljava/lang/invoke/MethodType$ConcurrentWeakInternSet; java/lang/invoke/MethodType$ConcurrentWeakInternSet
staticfield java/lang/invoke/MethodType NO_PTYPES [Ljava/lang/Class; 0 [Ljava/lang/Class;
staticfield java/lang/invoke/MethodType objectOnlyTypes [Ljava/lang/invoke/MethodType; 20 [Ljava/lang/invoke/MethodType;
staticfield java/lang/invoke/MethodType METHOD_HANDLE_ARRAY [Ljava/lang/Class; 1 [Ljava/lang/Class;
staticfield java/lang/invoke/MethodType serialPersistentFields [Ljava/io/ObjectStreamField; 0 [Ljava/io/ObjectStreamField;
staticfield java/lang/invoke/MethodType $assertionsDisabled Z 1
ciInstanceKlass java/lang/BootstrapMethodError 0 0 45 10 100 12 1 1 1 10 12 1 10 12 1 10 100 12 1 1 1 10 100 12 1 1 1 1 1 1 5 0 1 1 1 1 1 1 1 1 1 1 1 100 1 1 1
ciMethod java/lang/invoke/CallSite getTarget ()Ljava/lang/invoke/MethodHandle; 0 0 1 0 -1
ciInstanceKlass jdk/internal/loader/ClassLoaders$AppClassLoader 1 1 119 8 1 10 7 12 1 1 1 10 7 12 1 1 1 10 100 12 1 1 1 10 12 1 1 10 100 12 1 1 1 10 12 1 1 10 12 1 1 7 1 8 1 10 12 10 7 12 1 1 1 10 100 12 1 1 10 12 1 1 10 12 1 1 10 7 12 1 1 1 100 1 10 12 1 1 1 1 1 1 1 1 1 1 1 1 1 1 1 1 1 1 1 1 1 100 1 1 1 1 1 1 1 1 1 1 1 1 1 1 1 1 1 1 1 100 1 1 1
ciInstanceKlass jdk/internal/loader/ClassLoaders$PlatformClassLoader 1 1 42 8 1 10 100 12 1 1 1 10 7 12 1 1 1 100 1 10 12 1 100 1 1 1 1 1 1 1 1 1 1 1 1 1 1 100 1 1 1 100 1 1
instanceKlass kotlin/KotlinNullPointerException
ciInstanceKlass java/lang/NullPointerException 1 1 52 10 100 12 1 1 1 10 12 1 9 100 12 1 1 1 10 12 1 1 9 12 1 1 10 12 1 1 10 12 1 1 1 1 5 0 1 1 1 1 1 1 1 1 100 1 100 1 100 1 1 1
ciInstanceKlass java/lang/StackTraceElement 1 1 224 10 7 12 1 1 1 10 7 12 1 1 9 12 1 1 9 12 1 1 9 12 1 9 12 1 8 1 10 7 12 1 1 1 7 1 9 12 1 8 1 9 12 1 9 12 1 9 12 1 1 8 1 10 12 1 1 10 12 1 100 1 10 10 12 1 1 8 1 10 12 1 1 10 12 1 8 1 8 1 8 1 10 12 1 8 1 8 1 10 12 1 8 1 8 1 10 12 1 1 10 12 1 10 12 1 1 10 12 1 9 12 1 1 10 7 12 1 1 1 10 12 1 1 7 1 10 12 1 1 10 7 12 1 1 10 7 12 1 1 1 10 7 12 1 1 10 7 12 1 1 10 10 12 1 1 10 12 1 10 12 1 1 100 1 1 1 1 1 3 1 3 1 1 5 0 1 1 1 1 1 1 1 1 1 1 1 1 1 1 1 1 1 1 1 1 1 1 1 1 1 1 100 1 100 1 1 1 1 1 1 1 1 1 1 100 1 1 1 1 1 1 1 1
instanceKlass java/nio/CharBuffer
instanceKlass java/nio/IntBuffer
instanceKlass java/nio/LongBuffer
instanceKlass java/nio/ByteBuffer
ciInstanceKlass java/nio/Buffer 1 1 224 100 1 10 7 12 1 1 1 9 7 12 1 1 1 9 12 1 9 12 1 1 9 12 1 9 12 1 1 10 12 1 1 10 12 1 1 10 12 100 1 100 1 10 8 1 10 12 1 1 10 12 1 8 1 8 1 10 12 1 1 10 12 1 8 1 9 12 1 1 100 1 8 1 10 12 1 8 1 8 1 9 12 10 12 1 8 1 8 1 8 1 10 12 1 8 1 8 1 8 1 100 1 10 100 1 10 100 1 10 100 1 10 10 100 12 1 1 1 10 11 100 12 1 1 10 7 12 1 1 1 10 7 12 1 1 1 9 12 1 1 10 7 12 1 1 1 9 12 1 1 7 1 10 10 7 12 1 1 1 1 1 3 1 1 1 1 1 1 1 1 1 1 1 1 1 1 1 1 1 1 100 1 1 1 1 1 1 1 1 1 1 1 1 1 1 1 1 1 1 1 1 1 1 1 1 1 1 1 1 1 1 1 1 1 1 1 1 1 1 1 1 1 1
staticfield java/nio/Buffer UNSAFE Ljdk/internal/misc/Unsafe; jdk/internal/misc/Unsafe
staticfield java/nio/Buffer SCOPED_MEMORY_ACCESS Ljdk/internal/misc/ScopedMemoryAccess; jdk/internal/misc/ScopedMemoryAccess
staticfield java/nio/Buffer $assertionsDisabled Z 1
ciInstanceKlass jdk/internal/misc/UnsafeConstants 1 1 34 10 100 12 1 1 1 9 7 12 1 1 1 9 12 1 9 12 1 1 9 12 1 9 12 1 1 1 1 1 1 1 1 1
staticfield jdk/internal/misc/UnsafeConstants ADDRESS_SIZE0 I 8
staticfield jdk/internal/misc/UnsafeConstants PAGE_SIZE I 4096
staticfield jdk/internal/misc/UnsafeConstants BIG_ENDIAN Z 0
staticfield jdk/internal/misc/UnsafeConstants UNALIGNED_ACCESS Z 1
staticfield jdk/internal/misc/UnsafeConstants DATA_CACHE_LINE_FLUSH_SIZE I 64
ciInstanceKlass java/lang/invoke/MethodHandleImpl 1 1 1343 10 7 12 1 1 1 7 1 10 7 12 1 1 1 10 7 12 1 1 1 100 1 10 8 1 10 12 1 1 10 12 1 10 12 1 1 10 7 12 1 1 1 9 7 12 1 1 1 10 100 12 1 1 1 100 1 10 12 1 1 10 12 1 1 10 12 1 1 10 7 12 1 1 1 9 7 12 1 1 1 10 7 12 1 1 1 100 1 10 9 12 1 1 9 12 1 10 12 1 1 10 12 1 10 12 1 1 10 12 1 1 10 12 1 1 8 1 8 1 10 12 1 1 10 12 1 1 10 12 1 1 10 12 1 1 10 12 1 10 12 1 1 7 1 10 12 1 10 12 1 7 1 10 7 12 1 1 1 10 12 1 1 10 12 1 1 11 7 12 1 1 1 11 7 12 1 1 11 12 1 1 7 1 11 12 1 10 12 1 1 10 12 1 1 11 12 1 10 7 12 1 1 10 12 1 1 10 7 12 1 1 10 12 1 10 12 1 1 10 7 12 1 1 1 10 7 12 1 1 1 10 12 1 1 10 12 1 1 9 7 12 1 1 1 10 10 12 1 1 10 12 1 1 10 10 12 1 1 10 12 1 1 10 7 12 1 1 1 10 12 1 1 10 12 1 10 12 1 10 7 12 1 1 1 10 7 12 1 1 1 10 12 1 1 10 12 1 10 12 1 10 12 1 1 10 12 1 1 10 12 1 10 12 1 1 10 12 1 10 12 1 8 1 100 1 10 12 1 10 12 1 1 10 12 1 10 12 1 1 10 12 1 1 7 1 10 12 1 100 1 8 1 10 12 1 10 7 12 1 1 1 8 1 10 12 1 10 7 12 1 1 1 100 1 9 7 1 10 12 1 1 10 12 1 1 9 12 1 10 12 1 1 10 7 12 1 1 10 12 1 1 10 12 1 1 10 12 1 10 12 1 7 1 10 12 1 1 9 12 1 1 10 12 1 9 7 12 1 1 1 11 7 12 1 1 7 1 9 12 1 7 1 10 12 1 10 12 1 1 7 1 10 12 1 1 10 12 1 10 12 1 1 10 7 12 1 1 1 10 12 1 1 10 12 1 10 12 1 1 10 12 1 10 12 1 1 7 1 9 7 12 1 1 1 10 12 1 9 7 12 1 1 1 10 12 1 10 12 1 1 10 12 1 10 7 12 1 1 10 7 12 1 1 1 9 12 1 10 12 1 9 12 10 12 1 10 12 1 10 12 1 10 12 1 1 10 12 1 10 12 1 1 10 12 1 10 12 1 1 10 12 1 1 10 12 1 1 10 12 1 10 12 1 10 12 1 10 12 1 1 10 12 1 10 7 12 1 1 10 12 1 10 100 12 1 1 8 1 10 8 1 100 1 10 9 12 1 100 1 10 12 1 8 1 10 10 12 1 10 10 12 1 1 10 12 1 1 10 12 1 10 12 1 100 1 8 1 10 12 1 10 100 12 1 1 1 10 12 1 1 10 12 1 10 12 1 7 1 10 12 1 10 12 1 10 12 1 1 7 1 10 12 1 10 7 12 1 1 10 12 1 9 12 1 10 12 1 1 10 12 1 1 100 1 10 10 12 1 8 1 8 1 9 12 1 8 1 8 1 8 1 9 12 1 10 12 1 1 9 12 1 1 10 12 1 8 1 9 7 1 10 12 1 1 10 12 1 8 1 8 1 8 1 100 1 100 1 8 8 1 8 1 100 1 8 1 100 1 10 12 1 10 12 1 10 12 10 12 1 10 12 1 11 100 12 1 1 1 18 12 1 11 100 12 1 1 1 18 18 12 1 11 12 1 1 10 12 1 1 10 12 1 10 12 1 11 12 1 9 12 1 9 12 10 10 12 1 1 9 12 1 1 11 12 1 1 18 12 1 1 11 12 1 1 11 12 1 1 10 12 1 11 100 1 10 12 1 10 12 1 9 12 1 9 12 10 12 1 10 7 12 1 1 1 10 12 1 10 12 1 1 10 12 1 10 12 9 12 1 1 10 12 1 10 12 1 1 9 12 1 9 12 1 10 12 1 10 12 1 1 10 12 1 100 1 10 12 1 9 12 1 1 11 100 1 9 12 1 9 12 11 12 1 9 12 1 9 12 1 10 12 1 10 12 1 1 9 7 12 1 1 1 8 1 10 12 1 1 8 1 10 12 1 8 1 8 1 8 1 8 1 8 1 8 1 8 1 10 12 1 9 12 1 7 1 10 10 7 12 1 1 1 1 1 1 1 3 1 1 3 1 3 1 3 1 3 1 3 1 3 1 3 1 3 1 1 1 1 1 1 1 1 1 3 1 1 1 1 1 1 1 1 1 1 1 1 1 1 1 1 1 1 1 1 1 1 1 1 1 1 1 1 1 1 1 1 1 1 1 1 1 1 1 1 1 1 1 1 1 1 1 1 1 1 1 1 1 1 1 1 1 1 1 1 1 1 1 1 1 1 1 1 1 1 1 1 1 1 1 1 1 1 1 1 1 1 1 1 1 1 1 1 1 1 1 1 1 1 1 1 1 1 1 1 1 1 1 1 100 1 1 1 1 1 1 1 1 1 1 1 1 1 1 1 1 1 1 1 1 1 1 1 1 1 1 1 1 1 1 1 1 1 1 1 1 1 1 1 1 1 1 1 1 1 1 1 1 1 1 1 1 1 1 1 1 1 1 1 1 1 1 1 1 1 1 1 1 1 1 1 1 1 1 1 1 1 1 1 1 1 1 1 1 1 1 1 1 1 1 1 1 1 1 1 1 1 1 1 1 1 1 1 1 1 1 1 1 1 1 1 1 1 1 1 1 1 1 1 1 1 1 1 1 1 1 1 1 1 1 1 1 1 1 1 1 1 1 1 1 1 1 1 1 1 1 1 1 1 1 1 1 1 1 1 1 1 1 1 1 1 1 1 100 1 100 1 100 1 100 1 100 1 100 1 100 1 1 15 10 100 12 1 1 1 16 15 10 12 16 15 16 16 1 15 10 12 16 16 15 10 12 16 1 1 1 1 1 1 1 1 1 1 1 1 1 1 1 1 1 1 1 1
staticfield java/lang/invoke/MethodHandleImpl ARRAYS [Ljava/lang/invoke/MethodHandle; 256 [Ljava/lang/invoke/MethodHandle;
staticfield java/lang/invoke/MethodHandleImpl NFS [Ljava/lang/invoke/LambdaForm$NamedFunction; 7 [Ljava/lang/invoke/LambdaForm$NamedFunction;
staticfield java/lang/invoke/MethodHandleImpl HANDLES [Ljava/lang/invoke/MethodHandle; 8 [Ljava/lang/invoke/MethodHandle;
staticfield java/lang/invoke/MethodHandleImpl $assertionsDisabled Z 1
instanceKlass java/lang/invoke/DelegatingMethodHandle
instanceKlass java/lang/invoke/BoundMethodHandle
instanceKlass java/lang/invoke/DirectMethodHandle
ciInstanceKlass java/lang/invoke/MethodHandle 1 1 641 100 1 9 7 12 1 1 1 10 7 12 1 1 1 10 7 12 1 1 1 7 1 7 1 10 12 1 1 9 12 1 1 10 12 1 10 12 1 1 10 12 1 1 10 7 12 1 1 1 10 12 1 1 10 12 1 1 11 100 12 1 1 1 10 12 1 1 10 12 1 10 12 1 9 12 1 1 10 12 1 1 100 1 100 1 10 8 1 10 12 1 1 10 12 1 8 1 10 12 1 1 10 12 1 10 7 12 1 1 1 10 12 1 10 12 1 1 10 12 1 1 10 12 1 1 10 12 1 1 10 7 12 1 1 1 10 7 12 1 1 1 7 1 10 12 1 1 10 12 1 1 10 12 1 1 8 1 10 7 12 1 1 1 8 1 10 12 1 1 10 12 1 1 10 12 1 1 10 12 1 8 1 10 12 1 1 8 1 10 12 1 8 1 10 100 12 1 1 1 9 12 1 1 100 1 10 9 100 12 1 1 1 9 100 1 8 1 10 12 1 1 10 12 1 10 12 1 1 10 12 1 10 12 1 1 10 12 1 10 12 1 1 10 12 1 10 12 1 1 10 12 1 1 8 1 10 12 1 1 8 1 10 12 1 10 12 1 1 10 12 1 10 12 1 10 12 1 1 9 100 12 1 1 1 10 12 1 1 11 12 1 10 12 1 10 12 1 1 10 100 12 1 1 1 100 1 11 12 1 10 100 1 11 12 1 100 1 10 12 1 11 12 1 9 100 12 1 1 1 11 12 1 1 11 100 12 1 1 1 10 12 1 1 9 12 1 11 12 1 9 12 1 9 12 1 9 12 1 11 12 1 1 9 12 1 9 12 1 9 12 1 9 12 1 9 12 1 9 12 1 9 12 1 8 1 10 12 1 10 12 1 8 1 10 12 1 10 12 1 10 10 7 12 1 1 10 12 1 1 100 1 8 1 10 12 1 1 10 12 1 1 10 12 1 10 12 1 100 1 10 100 12 1 1 1 10 12 1 9 7 12 1 1 1 10 12 1 1 10 12 1 1 8 1 9 12 1 9 12 1 1 9 12 1 1 10 12 1 7 1 10 12 1 10 12 1 1 9 12 1 1 9 12 1 1 10 7 12 1 1 1 11 7 12 1 1 9 12 1 10 12 1 1 9 12 1 10 12 1 8 10 12 1 1 8 1 1 1 1 1 1 100 1 1 1 1 1 1 1 1 1 1 1 1 1 1 1 1 1 1 1 1 1 1 1 1 1 1 1 1 1 1 1 1 1 1 1 1 1 1 1 1 1 1 1 1 1 1 1 1 1 1 1 1 1 1 1 1 1 1 1 1 1 1 1 1 1 1 1 1 1 100 1 1 1 1 1 1 1 1 1 100 1 1 1 1 1 1 1 1 1 1 1 1 1 1 1 1 1 1 1 1 1 1 1 1 1 1 1 100 1 1 100 1 1 100 1 1 1 1
staticfield java/lang/invoke/MethodHandle FORM_OFFSET J 20
staticfield java/lang/invoke/MethodHandle UPDATE_OFFSET J 13
staticfield java/lang/invoke/MethodHandle $assertionsDisabled Z 1
instanceKlass java/util/LinkedHashMap
ciInstanceKlass java/util/HashMap 1 1 610 10 7 12 1 1 1 100 1 10 12 1 1 100 1 10 7 12 1 1 1 100 1 11 12 1 1 11 12 1 11 12 1 1 10 7 12 1 1 1 7 1 3 10 7 12 1 1 1 100 1 100 1 10 8 1 10 12 1 1 10 12 1 10 12 1 1 10 12 1 10 7 12 1 1 1 8 1 10 12 1 9 12 1 1 10 12 1 9 12 1 1 4 10 12 1 10 12 1 1 11 7 12 1 1 9 12 1 1 4 10 12 1 1 11 12 1 1 11 7 12 1 1 1 11 7 12 1 1 1 11 12 1 1 7 1 11 12 1 11 12 1 10 12 1 10 12 1 1 9 12 10 12 1 1 9 7 12 1 1 1 9 12 9 12 1 10 12 1 1 9 12 1 7 1 10 12 1 1 10 12 1 1 10 12 1 1 10 12 1 1 10 12 1 1 9 12 1 10 12 1 1 3 10 12 1 1 10 12 1 1 9 12 1 1 9 10 12 1 1 10 12 1 1 10 12 1 1 10 12 1 9 12 1 1 7 1 10 12 1 10 12 1 10 7 12 1 1 1 7 1 9 12 1 1 7 1 10 9 12 7 1 10 100 1 10 11 7 12 1 1 1 100 1 10 11 100 12 1 1 11 7 12 1 1 1 10 12 1 100 1 100 1 10 12 1 10 12 1 10 12 1 10 100 12 1 1 10 12 1 1 10 12 1 1 10 100 12 1 1 1 8 10 100 12 1 1 1 100 1 10 4 10 100 12 1 1 1 4 10 12 1 10 100 12 1 1 1 10 12 1 8 1 4 10 100 12 1 1 1 100 1 11 100 12 1 1 1 10 12 1 10 12 1 10 10 12 1 1 100 1 100 1 1 1 1 5 0 1 3 1 1 1 3 1 3 1 3 1 1 1 1 1 1 1 1 1 1 1 1 1 1 1 1 1 1 1 1 1 1 100 1 1 1 1 1 1 1 1 1 1 1 1 1 1 1 1 1 1 1 1 1 1 1 1 1 1 1 1 1 1 1 1 100 1 1 1 1 1 1 1 1 1 1 1 1 1 1 1 1 1 1 1 1 1 1 1 1 1 1 1 1 1 1 1 1 1 1 1 1 1 1 1 1 1 1 1 1 1 1 1 1 1 1 100 1 1 1 1 1 1 1 1 1 1 1 1 1 1 1 1 1 1 1 1 1 1 1 1 1 1 1 1 1 1 1 1 1 1 1 1 1 1 1 1 1 1 1 1 1 1 1 1 100 1 1 1 1 1 1 1 1 100 1 1 1 1 1 1 1 1 1 1 1 1 1 1 100 1 100 1 100 1 100 1 100 1 100 1 100 1 100 1 1 1 1 1 1 1 1 1 1 1 1 1 1 1 1 1 1
instanceKlass java/lang/invoke/DirectMethodHandle$Special
instanceKlass java/lang/invoke/DirectMethodHandle$Interface
instanceKlass java/lang/invoke/DirectMethodHandle$Accessor
instanceKlass java/lang/invoke/DirectMethodHandle$Constructor
ciInstanceKlass java/lang/invoke/DirectMethodHandle 1 1 940 7 1 7 1 100 1 7 1 7 1 10 7 12 1 1 1 10 7 12 1 1 1 100 1 10 12 1 10 12 1 1 10 7 12 1 1 10 12 1 1 10 12 1 10 12 1 7 1 10 12 1 1 10 12 1 1 10 12 1 10 12 1 1 10 7 12 1 1 1 10 12 1 9 12 1 1 100 1 10 9 12 1 1 9 12 1 10 12 1 10 12 1 10 12 1 1 10 12 1 10 12 1 10 12 1 10 7 12 1 1 1 10 12 1 10 12 1 1 8 1 10 12 1 1 7 1 10 12 1 7 1 10 10 12 1 10 12 1 10 12 1 10 7 12 1 1 1 10 12 1 1 100 1 10 12 1 10 12 1 7 1 10 12 1 10 12 1 1 10 12 1 1 10 12 1 8 10 100 12 1 1 1 10 12 1 10 12 1 10 12 1 1 10 12 1 9 7 12 1 1 1 7 1 10 12 1 10 7 12 1 1 1 10 12 1 10 12 1 1 9 12 1 1 100 1 10 8 1 10 12 1 1 10 12 1 10 12 1 10 10 12 1 10 12 1 10 12 1 10 12 1 10 12 1 1 10 12 1 10 12 1 1 10 12 1 10 12 1 1 10 10 7 12 1 1 1 10 12 1 10 12 1 1 10 12 1 10 12 1 1 8 1 9 7 12 1 1 1 8 1 9 12 1 9 12 1 8 1 9 12 1 9 12 1 8 1 9 12 1 9 12 1 8 1 10 12 1 10 12 1 1 9 12 1 1 7 1 10 12 1 1 100 1 10 7 12 1 1 1 10 12 1 1 10 12 1 10 12 1 1 7 1 10 12 1 1 10 12 1 10 12 1 1 7 1 10 12 1 1 10 7 12 1 1 1 10 12 1 10 12 1 10 12 1 9 12 1 1 10 7 1 9 12 9 12 1 10 7 12 1 1 1 10 12 1 7 1 7 1 7 1 9 12 1 1 10 7 12 1 10 12 1 1 10 12 1 7 1 10 12 1 10 12 1 1 9 7 12 1 1 1 10 12 1 1 7 1 10 7 12 1 1 1 10 12 1 10 12 1 8 1 9 12 1 9 12 1 10 12 1 9 12 1 1 10 7 12 1 1 1 9 12 1 1 9 12 1 1 10 12 1 10 12 1 10 12 1 10 12 1 10 12 1 1 10 12 1 10 7 12 1 1 9 12 1 10 12 1 10 12 1 10 12 1 10 12 1 1 10 12 1 1 9 12 1 1 10 12 1 1 9 7 12 1 1 1 9 12 1 9 12 1 9 12 1 9 12 1 9 12 1 9 12 1 9 12 1 9 12 1 9 12 1 9 12 1 9 12 1 9 12 1 9 12 1 9 12 1 9 12 1 9 12 1 9 12 1 9 12 1 9 12 1 9 12 1 9 12 1 9 12 1 9 12 1 9 12 1 9 12 1 9 12 1 9 12 1 9 12 1 9 12 1 9 12 1 9 12 1 9 12 1 9 12 1 9 12 1 9 12 1 9 12 1 8 1 9 12 1 1 9 12 1 1 10 12 1 10 12 1 1 9 7 1 10 12 1 9 12 1 1 10 12 10 12 1 10 12 1 10 12 1 10 8 1 8 1 8 1 8 1 10 12 1 1 9 12 1 1 10 12 1 10 100 12 1 1 1 8 9 12 1 1 10 12 1 1 8 1 8 8 9 12 1 8 1 8 8 8 8 8 1 8 10 12 1 10 12 1 8 1 8 1 10 12 1 10 12 1 10 12 1 10 12 1 1 7 1 1 1 1 3 1 3 1 3 1 3 1 3 1 3 1 3 1 3 1 3 1 3 1 1 1 1 1 1 1 1 1 1 3 1 3 1 1 1 1 3 1 1 1 1 1 1 1 1 1 1 1 1 1 1 1 1 1 1 1 1 1 1 1 1 1 1 1 1 1 1 1 1 1 1 1 1 1 1 1 1 1 1 1 1 1 1 1 1 1 1 1 1 1 1 1 1 100 1 1 1 1 1 1 1 1 1 1 1 1 100 1 1 1 1 1 1 1 1 1 1 1 1 1 1 1 1 1 1 1 1 1 1 1 1 1 1 1 1 1 1 1 1 1 1 1 1 1 1 1 1 1 1 1 1 1 1 1 1 1 1 1
staticfield java/lang/invoke/DirectMethodHandle IMPL_NAMES Ljava/lang/invoke/MemberName$Factory; java/lang/invoke/MemberName$Factory
staticfield java/lang/invoke/DirectMethodHandle FT_UNCHECKED_REF I 8
staticfield java/lang/invoke/DirectMethodHandle ACCESSOR_FORMS [Ljava/lang/invoke/LambdaForm; 132 [Ljava/lang/invoke/LambdaForm;
staticfield java/lang/invoke/DirectMethodHandle ALL_WRAPPERS [Lsun/invoke/util/Wrapper; 10 [Lsun/invoke/util/Wrapper;
staticfield java/lang/invoke/DirectMethodHandle NFS [Ljava/lang/invoke/LambdaForm$NamedFunction; 12 [Ljava/lang/invoke/LambdaForm$NamedFunction;
staticfield java/lang/invoke/DirectMethodHandle OBJ_OBJ_TYPE Ljava/lang/invoke/MethodType; java/lang/invoke/MethodType
staticfield java/lang/invoke/DirectMethodHandle LONG_OBJ_TYPE Ljava/lang/invoke/MethodType; java/lang/invoke/MethodType
staticfield java/lang/invoke/DirectMethodHandle $assertionsDisabled Z 1
ciMethod java/lang/invoke/MethodHandle type ()Ljava/lang/invoke/MethodType; 278 0 139 0 0
ciInstanceKlass java/lang/ThreadLocal$ThreadLocalMap 1 1 142 9 7 12 1 1 1 10 7 12 1 1 1 9 12 1 7 1 9 12 1 1 9 7 12 1 1 10 12 1 10 12 1 1 10 12 1 1 9 12 1 1 10 12 1 1 10 12 1 1 10 12 1 1 10 12 1 1 10 12 1 1 10 12 1 1 10 12 1 1 10 12 1 10 12 1 10 12 1 10 12 1 10 12 1 1 1 3 1 1 1 1 1 1 1 1 1 1 1 1 1 1 1 1 1 1 1 1 1 1 1 1 100 1 1 1 1 1 1 1 1 1 1 1 1 1 1 1 1 1 1 1 1 1 1 1 1 1 1 1 1 1
ciInstanceKlass java/lang/ThreadLocal$ThreadLocalMap$Entry 1 1 37 10 7 12 1 1 1 9 7 12 1 1 1 1 1 1 1 1 1 1 1 1 1 1 1 1 1 1 1 1 100 1 1 100 1 1 1
ciInstanceKlass java/lang/invoke/LambdaForm 1 1 1052 100 1 9 7 12 1 1 1 10 7 12 1 1 1 10 7 12 1 1 9 12 1 1 9 12 1 1 10 12 1 1 100 1 10 9 12 1 10 12 1 1 9 12 1 10 7 12 1 1 1 9 12 1 9 12 1 9 12 1 1 9 12 1 10 12 1 1 7 1 10 12 1 10 100 12 1 1 1 10 100 12 1 1 1 10 12 1 10 12 1 1 9 100 12 1 1 1 10 12 1 1 9 12 1 10 12 1 1 10 12 1 10 12 1 1 10 12 1 1 10 100 12 1 1 1 7 1 10 10 12 1 1 8 1 10 12 1 10 12 1 10 12 1 1 7 1 10 7 12 1 1 1 10 12 1 1 10 12 1 10 12 1 1 9 12 1 1 9 12 1 9 12 1 1 10 12 1 9 12 1 10 100 12 1 1 1 10 12 1 1 10 12 1 9 12 1 1 10 100 12 1 1 1 10 12 1 10 12 1 10 12 1 10 12 1 10 12 1 10 12 1 1 10 12 1 10 12 1 1 8 1 10 12 1 10 12 1 8 1 8 1 9 12 1 9 12 1 9 12 1 1 10 12 1 1 10 12 1 9 12 1 10 12 1 1 10 7 12 1 1 1 10 12 1 1 10 12 1 10 12 1 10 12 1 1 9 12 1 10 12 1 8 1 8 1 8 1 8 1 8 1 8 1 8 1 8 1 10 12 1 9 12 1 7 1 10 12 1 1 9 12 1 10 12 1 10 12 1 1 10 12 10 12 1 10 12 1 1 10 12 1 1 10 10 12 1 1 10 12 1 1 7 1 8 1 10 12 1 1 10 12 1 10 12 1 1 10 8 1 10 12 1 1 8 1 8 1 8 1 10 12 1 9 12 1 1 10 12 1 1 10 12 1 1 100 1 10 12 1 1 10 12 1 10 7 12 1 1 1 10 12 1 1 9 12 1 1 8 1 10 100 12 1 1 1 10 7 12 1 1 10 12 10 10 12 1 1 9 12 1 8 10 12 1 1 100 1 10 12 1 1 10 12 1 9 7 12 1 1 9 12 1 1 8 1 10 100 12 1 1 10 12 1 1 100 1 100 1 10 10 12 1 1 10 12 1 1 8 1 8 1 100 1 8 1 10 12 10 12 1 10 12 1 10 12 1 1 8 1 8 1 9 100 12 1 1 1 10 12 1 10 12 1 1 8 1 8 1 8 1 100 1 8 1 100 1 8 1 100 1 8 1 10 12 1 8 1 9 10 7 12 1 1 1 10 12 1 9 12 1 1 10 12 1 10 10 12 1 10 12 1 10 12 1 10 12 1 1 10 12 1 10 12 1 1 10 12 1 1 10 12 1 1 8 1 100 10 12 1 10 12 1 9 12 1 1 10 7 12 1 1 8 1 8 1 100 1 8 1 8 1 8 1 8 1 8 1 8 1 8 1 8 1 10 12 1 1 10 12 1 1 10 12 1 10 12 1 8 1 8 1 8 1 10 12 1 8 1 10 12 1 8 1 8 1 8 1 8 1 8 1 10 12 1 10 12 1 10 12 1 1 10 7 12 1 1 1 10 12 1 10 12 1 10 12 1 10 12 1 10 12 1 10 12 1 10 12 1 9 12 1 1 8 1 10 12 1 1 9 12 1 1 10 12 1 1 9 12 1 9 12 1 1 9 12 1 9 12 1 1 7 1 10 7 12 1 1 1 9 12 1 10 12 1 10 12 1 8 1 10 12 1 9 12 1 1 7 1 10 7 12 1 1 1 8 1 100 1 10 12 1 9 12 1 9 12 1 10 12 1 10 12 1 10 7 12 1 1 1 10 12 1 9 7 12 1 1 10 12 1 1 10 12 1 10 12 1 9 12 10 12 1 10 10 12 1 9 9 12 1 7 9 12 1 1 10 12 1 1 9 12 1 10 12 1 10 7 1 9 1 1 1 1 3 1 3 1 3 1 1 1 1 1 1 1 1 1 1 1 1 1 1 1 1 1 1 1 1 1 1 1 1 1 1 1 1 1 1 1 1 1 1 1 1 1 1 1 1 1 1 1 1 1 1 1 1 1 1 1 1 1 1 1 1 100 1 1 1 1 1 1 1 1 1 1 1 1 1 1 1 1 1 1 1 1 1 1 1 1 1 1 1 1 1 1 1 1 1 1 1 1 1 1 1 1 1 1 1 1 1 1 1 1 1 1 1 1 1 1 1 1 1 1 1 100 1 1 1 1 1 1 1 1 1 1 1 1 1 1 1 1 1 1 1 1 1 1 1 1 1 1 1 1 1 1 1 1 1 1 100 1 1 1 1 1 1 1 1 1 1 1 1 1 1 1 1 1 1 1 1 1 1 100 1 1 1 100 1 1 100 1 1 1 1 1 1 1 1 1 1 1
staticfield java/lang/invoke/LambdaForm COMPILE_THRESHOLD I 0
staticfield java/lang/invoke/LambdaForm INTERNED_ARGUMENTS [[Ljava/lang/invoke/LambdaForm$Name; 5 [[Ljava/lang/invoke/LambdaForm$Name;
staticfield java/lang/invoke/LambdaForm IMPL_NAMES Ljava/lang/invoke/MemberName$Factory; java/lang/invoke/MemberName$Factory
staticfield java/lang/invoke/LambdaForm LF_identity [Ljava/lang/invoke/LambdaForm; 6 [Ljava/lang/invoke/LambdaForm;
staticfield java/lang/invoke/LambdaForm LF_zero [Ljava/lang/invoke/LambdaForm; 6 [Ljava/lang/invoke/LambdaForm;
staticfield java/lang/invoke/LambdaForm NF_identity [Ljava/lang/invoke/LambdaForm$NamedFunction; 6 [Ljava/lang/invoke/LambdaForm$NamedFunction;
staticfield java/lang/invoke/LambdaForm NF_zero [Ljava/lang/invoke/LambdaForm$NamedFunction; 6 [Ljava/lang/invoke/LambdaForm$NamedFunction;
staticfield java/lang/invoke/LambdaForm createFormsLock Ljava/lang/Object; java/lang/Object
staticfield java/lang/invoke/LambdaForm DEBUG_NAME_COUNTERS Ljava/util/HashMap; null
staticfield java/lang/invoke/LambdaForm DEBUG_NAMES Ljava/util/HashMap; null
staticfield java/lang/invoke/LambdaForm TRACE_INTERPRETER Z 0
staticfield java/lang/invoke/LambdaForm $assertionsDisabled Z 1
ciInstanceKlass java/lang/invoke/MethodHandleNatives 1 1 684 100 1 10 7 12 1 1 1 9 7 12 1 1 1 10 12 1 1 100 1 10 10 12 1 1 10 12 1 10 12 1 8 1 8 1 8 1 8 1 8 1 8 1 8 1 8 1 8 1 8 1 10 12 1 1 7 1 10 7 12 1 1 1 10 100 12 1 1 1 7 1 10 10 12 1 1 8 1 10 12 1 8 1 10 12 1 1 8 1 10 12 1 1 9 100 12 1 1 1 8 1 10 100 12 1 1 1 100 1 10 12 100 1 100 1 8 1 7 1 10 10 12 1 7 1 9 7 12 1 1 10 12 1 1 10 12 1 10 7 12 1 1 1 7 1 10 12 1 1 10 7 12 1 1 1 10 12 1 10 12 1 1 10 12 1 1 9 12 1 8 1 10 12 1 8 1 10 12 1 8 1 8 1 8 1 100 1 10 12 1 8 1 10 12 1 1 10 12 1 10 100 12 1 1 1 100 1 8 1 10 100 12 1 1 1 7 1 8 1 10 12 1 8 1 8 1 8 1 8 1 8 1 10 12 1 1 10 12 1 1 10 12 1 10 12 1 1 10 12 1 1 7 1 10 12 1 100 1 100 1 10 12 1 10 12 1 8 1 8 1 10 10 12 1 1 10 12 1 1 8 1 10 100 12 1 1 1 8 1 8 1 10 12 1 1 10 7 12 1 1 1 100 1 10 12 1 1 7 1 9 12 1 1 10 7 12 1 1 1 10 10 12 1 9 12 1 10 12 1 1 9 12 1 9 12 1 10 12 1 1 10 12 1 10 12 1 1 7 1 7 1 10 12 1 1 10 12 1 10 12 1 1 10 7 12 1 1 1 10 12 1 8 1 10 12 1 10 12 1 10 12 1 1 10 12 1 10 7 12 1 1 1 10 12 1 1 100 1 8 1 10 9 7 12 1 1 1 10 12 1 1 10 12 1 1 100 1 10 12 1 1 10 12 1 1 100 1 100 1 10 10 100 1 100 1 10 100 1 10 10 12 1 1 10 100 1 10 12 1 10 12 1 10 12 1 1 10 12 1 1 10 12 1 1 10 12 1 10 12 1 1 10 8 1 100 1 10 12 1 10 12 1 10 12 1 10 12 1 10 12 1 1 10 12 1 9 12 1 1 10 7 12 1 1 1 9 12 1 1 11 7 12 1 1 1 10 12 1 10 12 1 10 10 12 1 10 7 12 1 1 1 1 1 1 1 1 1 1 1 1 1 1 1 100 1 1 1 1 1 1 1 1 1 1 1 1 1 1 1 1 1 1 1 1 1 1 1 1 1 1 1 1 1 1 1 1 1 1 1 1 1 1 1 1 1 1 1 1 1 1 1 1 1 1 1 1 1 1 1 1 1 1 1 1 1 1 1 1 1 1 1 1 1 1 1 1 1 1 1 1 1 1 1 1 1 1 1 1 1 1 1 1 1 1 1 1 1 1 1 1 1 1 100 1 1 1 1 1 1 1 1 1 1 1 1 1 1 1 1 1 1 1 1 1 1 1 1 1 1 1 1 100 1 1 1 1 1 1 1 100 1 1 1
staticfield java/lang/invoke/MethodHandleNatives JLA Ljdk/internal/access/JavaLangAccess; java/lang/System$2
staticfield java/lang/invoke/MethodHandleNatives $assertionsDisabled Z 1
ciInstanceKlass java/lang/invoke/MethodHandleImpl$AsVarargsCollector 1 1 229 10 7 12 1 1 1 10 7 12 1 1 1 10 7 12 1 1 9 12 1 1 9 12 1 1 10 100 12 1 1 1 10 12 1 1 10 10 7 12 1 1 1 10 12 1 1 10 7 12 1 1 1 10 12 1 1 9 12 1 9 12 1 10 12 1 1 9 12 1 1 100 1 100 1 10 12 1 8 1 10 12 1 1 10 12 1 8 1 10 12 1 10 12 1 1 10 12 1 100 1 100 1 8 1 10 12 1 10 12 1 1 10 12 1 1 10 12 1 100 1 10 100 12 1 1 1 10 12 1 1 100 1 10 100 12 1 1 1 10 12 1 10 100 12 1 1 1 100 1 10 100 12 1 1 1 10 12 1 1 100 1 10 7 1 10 12 1 1 1 1 1 1 1 1 1 1 1 1 1 1 1 1 1 1 1 1 1 1 1 1 1 1 1 1 1 1 1 1 1 1 1 1 1 1 1 1 1 1 1 1 1 1 1 1 1 1 100 100 1 1 100 1 1 1 1 1 1 1
staticfield java/lang/invoke/MethodHandleImpl$AsVarargsCollector $assertionsDisabled Z 1
ciInstanceKlass java/lang/invoke/MethodHandleImpl$IntrinsicMethodHandle 1 1 114 10 7 12 1 1 1 10 7 12 1 1 1 10 7 12 1 1 9 12 1 1 9 12 1 1 9 12 1 1 10 12 1 1 9 12 1 100 1 10 12 1 10 12 1 1 10 12 1 1 8 1 10 12 1 10 12 1 9 100 12 1 1 10 10 100 12 1 1 1 10 12 1 1 10 100 12 1 1 1 10 12 1 10 1 1 1 1 1 1 1 1 1 1 1 1 1 1 1 1 1 1 1 1 1 1 1 1 1 1 1 1 1 1
instanceKlass java/lang/invoke/MethodHandleImpl$CountingWrapper
instanceKlass java/lang/invoke/MethodHandleImpl$WrappedMember
instanceKlass java/lang/invoke/MethodHandleImpl$AsVarargsCollector
instanceKlass java/lang/invoke/MethodHandleImpl$IntrinsicMethodHandle
ciInstanceKlass java/lang/invoke/DelegatingMethodHandle 1 1 308 100 1 10 7 12 1 1 1 10 7 12 1 1 1 10 12 1 1 10 12 1 10 12 1 1 10 12 1 1 10 10 7 12 1 1 1 10 12 1 10 12 1 10 12 1 1 10 12 1 10 12 1 1 8 1 10 7 12 1 1 1 100 1 10 12 1 8 1 10 12 1 1 10 7 12 1 1 10 7 12 1 1 1 8 1 10 12 1 10 12 1 10 12 1 1 7 1 10 12 1 1 7 1 9 12 1 1 10 12 1 1 10 12 1 10 7 12 1 1 10 12 1 1 10 12 1 1 10 12 1 1 10 12 1 1 10 12 1 10 12 1 10 7 12 1 1 1 9 12 1 1 100 1 10 10 7 12 1 1 1 10 12 1 7 1 10 7 12 1 1 1 10 12 1 10 12 1 10 12 1 10 12 1 1 9 7 12 1 1 1 9 12 1 9 12 1 10 12 1 10 12 1 8 10 12 1 1 10 12 1 7 1 10 12 1 1 7 1 10 7 12 1 1 1 10 12 1 100 1 10 12 1 1 9 12 1 1 7 1 10 7 12 1 1 1 1 1 1 1 1 1 1 1 1 1 1 1 1 1 1 1 1 1 1 1 1 1 1 1 1 1 1 1 1 1 1 1 1 1 1 1 1 1 1 1 1 1 1 1 1 100 1 1 1 1 1 1 1 1 100 1 1 1 1 1 1 1
staticfield java/lang/invoke/DelegatingMethodHandle NF_getTarget Ljava/lang/invoke/LambdaForm$NamedFunction; java/lang/invoke/LambdaForm$NamedFunction
staticfield java/lang/invoke/DelegatingMethodHandle $assertionsDisabled Z 1
ciMethod java/lang/invoke/MethodHandleImpl profileBoolean (Z[I)Z 774 0 28508 0 -1
ciMethod java/lang/invoke/MethodHandleImpl isCompileConstant (Ljava/lang/Object;)Z 256 0 2651138 0 -1
ciInstanceKlass jdk/internal/reflect/CallerSensitive 0 0 17 100 1 100 1 100 1 1 1 1 1 1 1 1 1 1 1
ciInstanceKlass jdk/internal/reflect/ConstantPool 1 1 142 10 100 12 1 1 1 9 7 12 1 1 1 10 12 1 1 10 12 1 1 10 12 1 10 12 1 1 10 12 1 1 10 12 1 10 12 1 1 10 12 1 10 12 1 1 10 12 1 10 12 1 10 12 1 10 12 1 1 10 12 1 1 10 12 1 1 10 12 1 1 10 12 1 10 12 1 1 10 100 12 1 1 1 8 11 7 12 1 1 1 10 7 12 1 1 1 1 1 1 1 1 1 1 1 1 1 1 1 1 1 1 1 1 1 1 1 1 1 1 1 1 1 1 1 1 1 1 1 1 1 1 1 1 1 1 1 1 1 1 1 1
instanceKlass jdk/internal/reflect/UnsafeStaticFloatFieldAccessorImpl
instanceKlass jdk/internal/reflect/UnsafeStaticBooleanFieldAccessorImpl
instanceKlass jdk/internal/reflect/UnsafeStaticObjectFieldAccessorImpl
instanceKlass jdk/internal/reflect/UnsafeStaticIntegerFieldAccessorImpl
instanceKlass jdk/internal/reflect/UnsafeQualifiedStaticFieldAccessorImpl
ciInstanceKlass jdk/internal/reflect/UnsafeStaticFieldAccessorImpl 1 1 47 10 7 12 1 1 1 9 7 12 1 1 1 10 7 12 1 1 1 9 12 1 1 8 11 7 12 1 1 1 10 7 12 1 1 1 1 1 1 1 1 1 1 1 1 1 1
instanceKlass jdk/internal/reflect/UnsafeFieldAccessorImpl
ciInstanceKlass jdk/internal/reflect/FieldAccessorImpl 1 1 59 10 7 12 1 1 1 100 1 100 1 1 1 1 1 1 1 1 1 100 1 1 1 1 1 1 1 1 1 1 1 1 1 1 1 1 1 1 1 100 1 1 1 1 1 1 1 1 1 1 1 1 1 1 1 1 1 1 1
instanceKlass jdk/internal/reflect/UnsafeBooleanFieldAccessorImpl
instanceKlass jdk/internal/reflect/UnsafeIntegerFieldAccessorImpl
instanceKlass jdk/internal/reflect/UnsafeObjectFieldAccessorImpl
instanceKlass jdk/internal/reflect/UnsafeLongFieldAccessorImpl
instanceKlass jdk/internal/reflect/UnsafeStaticFieldAccessorImpl
ciInstanceKlass jdk/internal/reflect/UnsafeFieldAccessorImpl 1 1 254 10 7 12 1 1 1 9 7 12 1 1 1 10 7 12 1 1 1 10 7 12 1 1 1 9 12 1 1 10 7 12 1 1 1 9 12 1 1 10 12 1 10 12 1 9 12 1 10 12 1 1 10 7 12 1 1 10 7 12 1 1 1 10 12 1 1 100 1 10 10 12 1 1 10 12 1 1 8 1 10 10 12 1 100 1 8 1 10 12 1 8 1 10 12 1 8 1 10 12 1 100 1 10 12 1 1 10 8 1 10 12 1 1 8 1 10 100 12 1 1 8 1 10 100 12 1 1 8 1 10 100 12 1 1 8 1 10 100 12 1 1 8 1 10 100 12 1 1 8 1 10 100 12 1 1 8 1 10 100 12 1 1 8 1 10 100 12 1 1 10 12 1 1 8 1 8 1 8 1 8 1 8 1 8 1 10 100 12 1 1 1 8 1 8 1 8 1 10 12 10 12 1 1 1 1 1 1 1 1 1 1 1 1 1 1 1 1 1 1 1 1 1 1 1 1 1 1 1 1 1 1 1 1 1 1 1 1 1 1 1 1 1 1 1 1 1 1 1 1 1 1 1 1
staticfield jdk/internal/reflect/UnsafeFieldAccessorImpl unsafe Ljdk/internal/misc/Unsafe; jdk/internal/misc/Unsafe
ciInstanceKlass jdk/internal/reflect/NativeConstructorAccessorImpl 1 1 126 10 7 12 1 1 1 9 7 12 1 1 1 9 12 1 1 10 7 12 1 1 1 10 7 12 1 1 1 10 7 12 1 1 1 9 12 1 9 12 1 1 9 12 1 1 10 7 12 1 1 1 7 1 10 10 12 1 1 10 12 1 10 12 1 10 12 1 1 9 12 1 1 10 7 12 1 1 1 100 1 10 12 1 1 10 12 1 1 8 10 12 1 1 1 1 1 1 1 1 1 1 1 1 1 1 1 1 1 1 1 1 1 1 100 1 100 1 100 1 1 1 1 1 1 1
staticfield jdk/internal/reflect/NativeConstructorAccessorImpl U Ljdk/internal/misc/Unsafe; jdk/internal/misc/Unsafe
staticfield jdk/internal/reflect/NativeConstructorAccessorImpl GENERATED_OFFSET J 16
ciInstanceKlass java/lang/invoke/ConstantCallSite 1 1 65 10 7 12 1 1 1 9 7 12 1 1 1 9 12 1 1 10 7 12 1 1 1 10 12 1 100 1 10 12 9 12 1 1 100 1 10 10 12 1 1 10 12 1 1 1 1 1 1 1 1 1 1 1 1 1 100 1 1 1 1 1 1 1 1
staticfield java/lang/invoke/ConstantCallSite UNSAFE Ljdk/internal/misc/Unsafe; jdk/internal/misc/Unsafe
instanceKlass org/robolectric/internal/bytecode/RoboCallSite
ciInstanceKlass java/lang/invoke/MutableCallSite 1 1 63 10 7 12 1 1 1 10 12 1 9 7 12 1 1 1 10 12 1 10 12 1 1 9 12 1 1 10 7 12 1 1 1 10 7 12 1 1 1 10 12 1 1 1 1 1 1 1 1 1 1 1 1 1 1 1 1 1 1 100 1 1 1
staticfield java/lang/invoke/MutableCallSite STORE_BARRIER Ljava/util/concurrent/atomic/AtomicInteger; java/util/concurrent/atomic/AtomicInteger
ciMethod java/lang/invoke/MutableCallSite getTarget ()Ljava/lang/invoke/MethodHandle; 260 0 130 0 0
instanceKlass java/lang/invoke/VarHandleReferences$Array
instanceKlass java/lang/invoke/VarHandleReferences$FieldStaticReadOnly
instanceKlass java/lang/invoke/VarHandleBooleans$FieldInstanceReadOnly
instanceKlass java/lang/invoke/VarHandleInts$FieldStaticReadOnly
instanceKlass java/lang/invoke/VarHandleLongs$FieldInstanceReadOnly
instanceKlass java/lang/invoke/VarHandleByteArrayAsLongs$ByteArrayViewVarHandle
instanceKlass java/lang/invoke/VarHandleByteArrayAsInts$ByteArrayViewVarHandle
instanceKlass java/lang/invoke/VarHandleInts$FieldInstanceReadOnly
instanceKlass java/lang/invoke/VarHandleReferences$FieldInstanceReadOnly
ciInstanceKlass java/lang/invoke/VarHandle 1 1 390 10 7 12 1 1 1 10 7 12 1 1 9 12 1 1 9 12 1 1 100 1 10 8 1 10 12 1 1 10 7 12 1 1 1 10 12 1 1 10 100 12 1 1 1 9 100 12 1 1 1 10 12 1 1 10 100 12 1 1 1 10 12 1 1 9 12 1 10 12 1 9 12 1 1 10 7 12 1 1 10 12 1 9 7 12 1 1 1 9 12 1 1 10 12 1 1 100 1 100 1 10 8 1 10 12 1 1 10 12 1 8 1 10 12 1 10 12 1 10 12 1 1 9 7 12 1 1 1 10 12 1 10 12 1 1 10 12 1 10 10 100 12 1 1 1 10 12 1 1 10 12 1 1 10 100 12 1 1 1 10 100 12 1 1 1 10 100 12 1 1 1 9 12 1 1 10 9 12 1 1 10 12 1 10 12 1 10 12 1 1 10 12 1 10 100 12 1 1 1 9 12 1 1 10 12 1 1 9 12 1 10 12 1 10 12 1 10 100 12 1 1 100 1 10 9 7 12 1 1 1 9 12 1 1 10 7 12 1 1 1 10 12 1 10 12 1 10 12 1 10 12 1 10 12 1 10 12 1 1 7 1 10 10 7 12 1 1 1 9 12 1 1 8 10 12 1 1 7 1 10 12 1 1 100 1 1 1 1 1 1 1 1 1 1 1 1 1 1 1 1 1 1 1 1 1 1 1 1 1 1 1 1 1 1 1 1 1 1 1 1 1 1 1 1 1 1 1 1 1 1 1 1 1 1 1 1 1 1 1 1 1 1 1 1 1 1 1 1 1 1 1 1 1 1 1 1 1 1 1 1 1 1 1 1 1 1 1 1 1 1 1 1 1 100 1 100 1 100 1 1 1 1 1 1 1 100 1 1 1
staticfield java/lang/invoke/VarHandle AIOOBE_SUPPLIER Ljava/util/function/BiFunction; jdk/internal/util/Preconditions$1
staticfield java/lang/invoke/VarHandle VFORM_OFFSET J 16
staticfield java/lang/invoke/VarHandle $assertionsDisabled Z 1
ciInstanceKlass java/lang/invoke/MemberName 1 1 757 7 1 7 1 100 1 9 12 1 1 10 7 12 1 1 1 9 12 1 1 10 12 1 1 10 12 1 1 10 12 1 1 10 12 1 10 12 1 1 10 7 12 1 1 1 10 12 1 9 7 12 1 1 10 12 1 100 1 100 1 10 12 1 8 1 10 12 1 1 10 12 1 10 12 1 1 10 12 1 9 12 1 1 8 1 10 100 12 1 1 1 7 1 10 10 12 1 1 100 1 100 1 10 12 1 1 9 12 1 1 100 1 8 1 10 12 1 10 12 1 10 12 1 10 12 1 10 12 1 1 10 12 1 10 12 1 10 12 1 1 10 12 1 1 10 12 1 8 1 8 1 8 1 10 100 12 1 1 1 10 12 1 9 12 1 1 3 10 12 1 10 12 1 10 12 1 10 10 7 12 1 1 1 10 12 1 10 12 1 10 12 1 10 12 1 7 1 8 10 12 1 1 10 12 1 1 8 1 9 100 1 8 9 100 1 10 12 1 1 10 12 1 10 12 1 8 1 10 12 1 1 10 12 1 10 12 1 10 12 1 10 12 1 1 100 1 10 12 1 1 10 12 1 8 1 10 12 1 10 12 1 8 1 10 12 1 1 10 12 1 1 7 1 10 12 1 1 10 12 8 1 8 1 100 1 10 12 1 10 100 12 1 1 1 100 1 10 12 10 12 1 10 12 1 10 12 1 10 12 1 10 10 12 1 10 12 1 10 12 1 3 10 12 1 3 10 12 1 3 3 3 3 3 3 3 100 1 10 12 1 10 7 12 1 1 1 10 12 1 3 9 12 1 10 12 1 1 3 10 12 1 10 10 7 12 1 1 1 10 12 1 1 10 7 1 10 10 12 1 10 12 1 10 12 1 10 10 12 1 1 10 12 1 10 12 1 10 12 1 100 1 10 10 10 12 100 1 10 10 10 12 1 1 10 12 1 1 10 10 12 1 8 10 7 1 10 12 1 10 7 1 10 12 1 10 12 1 10 12 1 10 10 12 1 10 12 1 1 10 12 1 1 10 12 1 10 12 1 10 12 1 100 1 10 12 1 1 100 1 8 1 10 7 1 10 12 1 10 12 10 12 1 1 10 12 1 10 12 1 8 1 8 1 8 1 8 1 10 12 1 10 12 1 10 12 1 1 8 1 8 1 10 12 1 8 1 10 10 12 1 10 12 1 8 1 8 1 10 10 12 1 8 1 10 100 12 1 1 1 8 1 10 12 1 10 12 1 1 10 12 1 8 1 8 1 8 1 8 1 100 1 10 8 1 8 1 8 1 8 1 10 12 1 100 1 100 1 100 1 10 100 1 10 100 1 10 100 12 1 1 1 9 7 12 1 1 1 100 1 100 1 1 1 1 1 1 1 3 1 3 1 3 1 3 1 3 1 3 1 1 1 1 1 1 1 1 3 1 3 1 1 1 1 3 1 1 1 1 1 1 1 1 1 1 1 1 1 1 1 1 1 1 1 1 1 1 1 1 1 1 1 1 1 1 1 1 1 1 1 1 1 1 1 1 1 1 1 1 1 1 1 1 1 1 1 1 1 1 1 1 1 1 1 1 1 1 1 1 1 1 1 1 1 1 1 1 1 1 1 1 1 1 1 1 1 1 1 1 1 1 1 1 1 1 1 1 1 1 1 1 1 1 1 1 1 1 1 1 1 1 100 1 1 1 1 1 1 1 1 1 1 1 1 1 1 1
staticfield java/lang/invoke/MemberName $assertionsDisabled Z 1
ciInstanceKlass java/lang/invoke/ResolvedMethodName 1 1 16 10 100 12 1 1 1 100 1 1 1 1 1 1 1 1
ciInstanceKlass java/lang/StackWalker 0 0 235 9 100 12 1 1 1 10 100 12 1 1 1 100 1 10 100 12 1 1 1 10 12 1 1 11 100 12 1 1 1 10 12 1 1 10 12 1 1 10 12 1 1 100 1 8 1 10 12 1 10 12 1 10 12 1 10 100 12 1 1 9 12 1 1 9 12 1 1 9 12 1 1 9 12 1 1 10 12 1 1 9 12 1 1 10 100 12 1 1 1 11 12 1 1 100 1 8 1 10 10 100 12 1 1 9 12 1 1 10 12 1 1 10 100 12 1 1 1 10 100 12 1 1 1 18 12 1 1 100 1 8 1 10 10 12 1 1 10 100 12 1 1 1 9 100 12 1 1 11 100 12 1 1 1 10 12 1 1 1 1 1 1 1 1 1 1 1 1 1 1 1 1 1 1 1 1 1 1 1 1 1 1 1 1 1 1 1 1 1 1 1 1 1 1 1 1 1 1 1 1 1 1 1 1 1 1 1 100 1 1 15 10 100 12 1 1 1 16 15 10 12 16 1 1 1 1 1 1 1 100 1 100 1 1
ciInstanceKlass java/lang/StackStreamFactory$AbstractStackWalker 1 0 306 100 1 100 1 3 10 100 12 1 1 1 10 100 12 1 1 10 100 12 1 1 1 9 12 1 1 10 12 1 1 9 12 1 1 9 12 1 1 9 12 1 1 9 12 1 9 100 12 1 1 1 10 100 12 1 1 1 10 12 1 1 9 12 1 1 10 100 12 1 1 1 10 12 1 1 9 12 1 1 9 100 12 1 1 1 100 1 10 8 1 10 12 1 1 10 12 1 8 1 10 12 1 1 10 100 12 1 1 1 100 1 8 1 10 12 1 8 1 10 12 9 100 12 1 1 1 10 100 12 1 1 9 12 1 8 1 5 0 8 1 8 1 9 12 1 1 10 12 1 1 10 12 1 1 10 12 1 9 12 1 10 12 1 10 12 1 10 12 1 10 12 1 1 10 12 1 10 12 1 1 8 1 10 12 1 10 12 1 10 12 1 10 12 1 1 8 1 10 12 1 1 10 12 1 1 10 12 1 1 10 12 1 10 12 1 10 100 12 1 1 1 9 12 1 8 1 10 12 1 10 12 1 10 12 1 10 12 1 10 12 1 10 12 1 10 12 1 1 10 12 1 1 10 12 1 1 10 12 1 8 1 1 1 1 1 1 1 1 1 1 1 1 1 1 1 1 1 1 100 1 1 1 1 100 1 1 1 1 1 1 1 1 1 1 1 1 1 1 1 1 1 1 1 1 1
ciInstanceKlass jdk/internal/module/Modules 1 1 504 10 100 12 1 1 1 9 7 12 1 1 1 11 7 12 1 1 1 11 12 1 1 11 12 1 1 11 12 1 1 11 12 1 11 12 1 11 12 1 11 12 1 11 12 1 1 10 100 12 1 1 1 10 100 12 1 1 1 18 12 1 1 10 100 12 1 1 1 100 1 10 100 12 1 1 1 10 100 12 1 1 1 10 100 12 1 1 10 12 1 1 11 12 1 9 12 1 1 11 100 12 1 1 1 10 12 1 1 10 10 12 1 10 9 12 1 1 10 7 12 1 1 10 12 1 1 10 100 12 1 1 100 1 11 100 12 1 1 1 10 100 12 1 1 1 11 100 12 1 1 10 12 1 1 10 100 12 1 1 10 100 12 1 1 1 10 12 1 1 10 12 1 1 11 12 1 1 18 12 1 1 11 100 12 1 1 10 100 12 1 1 1 11 100 12 1 1 1 100 1 11 12 1 1 11 100 12 1 1 1 11 12 1 1 10 12 1 1 10 100 12 1 1 18 12 1 1 11 12 1 1 18 12 1 1 11 12 1 1 10 12 1 18 18 10 12 1 1 9 12 1 1 11 100 12 1 1 1 100 1 10 11 12 1 11 12 1 1 11 12 1 1 10 100 1 10 12 1 1 10 100 12 1 1 10 12 1 1 11 12 10 12 1 1 100 1 10 18 12 1 10 12 1 1 100 1 8 1 10 12 1 10 100 12 1 1 18 12 1 11 11 12 10 12 1 10 10 100 1 18 12 1 10 10 10 7 12 1 1 10 7 12 1 1 1 10 12 1 1 1 1 1 1 1 1 1 1 1 1 1 1 1 1 1 1 1 1 1 1 1 1 1 1 1 1 1 1 1 1 1 100 1 1 1 1 1 1 1 1 1 1 1 1 1 1 1 1 1 1 1 1 1 1 1 1 1 1 1 1 1 1 1 1 1 1 1 100 1 1 1 1 1 1 1 1 1 1 1 1 1 1 1 1 1 1 1 1 1 1 1 15 10 100 12 1 1 1 16 15 10 12 1 16 16 15 10 12 1 16 1 16 1 15 10 12 1 16 1 16 1 15 10 12 16 1 15 10 16 1 15 10 12 16 1 15 10 12 16 15 10 12 16 15 10 12 1 1 1 100 1 100 1 1
staticfield jdk/internal/module/Modules JLA Ljdk/internal/access/JavaLangAccess; java/lang/System$2
staticfield jdk/internal/module/Modules JLMA Ljdk/internal/access/JavaLangModuleAccess; java/lang/module/ModuleDescriptor$1
staticfield jdk/internal/module/Modules $assertionsDisabled Z 1
ciInstanceKlass java/lang/invoke/Invokers$Holder 1 1 99 1 100 1 100 1 1 1 1 1 1 1 7 1 7 1 7 1 1 12 10 1 1 12 10 1 1 12 10 1 1 100 1 1 12 9 1 1 1 12 10 1 1 1 12 10 1 1 12 10 1 1 1 12 10 1 1 7 1 1 12 10 1 1 12 10 1 1 12 10 1 12 10 1 1 12 10 1 1 12 10 1 12 10 1 12 10 12 10 1 1 12 10 1 12 10 1 1 1
ciInstanceKlass java/lang/invoke/DirectMethodHandle$Holder 1 1 483 1 100 1 100 1 1 1 1 1 1 1 7 1 1 12 10 1 12 10 1 7 1 7 1 1 12 10 1 1 1 1 12 10 1 1 12 10 1 1 12 10 1 1 12 10 1 1 12 10 1 1 12 10 1 1 12 10 1 1 12 10 1 1 12 10 1 1 12 10 1 1 12 10 1 1 12 10 1 1 12 10 1 1 12 10 1 1 12 10 1 1 12 10 1 1 12 10 1 1 12 10 1 1 12 10 1 1 12 10 1 1 12 10 1 1 12 10 1 1 12 10 1 1 12 10 1 1 12 10 1 1 12 10 1 1 12 10 1 1 12 10 1 1 12 10 1 1 12 10 1 1 1 12 10 1 1 12 10 1 1 1 1 12 10 1 1 12 10 1 1 12 10 1 1 12 10 1 1 12 10 1 1 12 10 1 1 12 10 1 1 12 10 1 1 12 10 1 1 12 10 12 10 12 10 12 10 1 1 12 10 12 10 12 10 1 1 12 10 12 10 12 10 12 10 1 1 12 10 1 1 12 10 1 1 12 10 1 1 12 10 1 1 12 10 1 1 12 10 1 1 12 10 1 1 12 10 1 1 12 10 1 1 12 10 1 1 12 10 1 1 12 10 1 1 12 10 12 10 12 10 12 10 1 12 10 1 1 12 10 1 1 12 10 1 1 1 1 12 10 12 10 1 1 12 10 1 12 10 12 10 1 1 12 10 1 12 10 12 10 1 1 1 12 10 1 12 10 1 7 1 1 12 9 1 7 1 12 10 1 12 10 1 1 1 12 10 1 12 10 1 1 12 10 1 12 10 1 1 1 12 10 1 12 10 1 1 12 10 1 12 10 1 1 12 10 1 12 10 1 1 12 10 1 12 10 1 1 12 10 1 12 10 1 1 12 10 1 12 10 1 1 12 10 1 12 10 1 1 12 10 1 12 10 1 1 1 12 10 1 12 10 1 1 1 12 10 1 12 10 1 1 1 1 12 10 1 12 10 1 1 1 12 10 1 12 10 1 1 1 1 1 12 10 1 12 10 1 1 1 12 10 1 12 10 1 1 1 12 10 1 12 10 1 1 12 10 1 12 10 1 1 1
ciInstanceKlass java/lang/invoke/DelegatingMethodHandle$Holder 1 1 240 1 100 1 100 1 1 1 1 1 1 1 7 1 1 12 9 1 7 1 1 12 10 1 1 7 1 1 12 10 1 1 12 10 1 1 12 10 1 1 12 10 1 1 12 10 1 12 10 1 1 12 10 1 12 10 1 12 10 1 12 10 1 12 10 1 1 12 10 1 1 12 10 1 1 12 10 1 1 12 10 1 12 10 1 1 12 10 1 1 12 10 1 1 12 10 1 1 12 10 1 1 12 10 1 1 12 10 1 1 12 10 1 1 12 10 1 1 12 10 1 1 12 10 1 1 12 10 1 12 10 1 12 10 1 12 10 1 1 12 10 1 1 12 10 1 12 10 1 1 12 10 1 12 10 1 12 10 1 12 10 1 12 10 1 12 10 1 12 10 1 1 12 10 1 12 10 1 12 10 1 12 10 1 12 10 12 10 1 12 10 1 1 12 10 1 1 12 10 1 12 10 1 12 10 1 12 10 1 12 10 1 12 10 1 12 10 1 12 10 1 12 10 1 12 10 1 12 10 1 12 10 12 10 1 12 10 1 1 1
ciMethod java/lang/invoke/DelegatingMethodHandle$Holder delegate (Ljava/lang/Object;Ljava/lang/Object;Ljava/lang/Object;)V 4118 0 244754 0 -1
ciMethod java/lang/invoke/DelegatingMethodHandle$Holder delegate (Ljava/lang/Object;Ljava/lang/Object;Ljava/lang/Object;Ljava/lang/Object;)V 2554 0 37898 0 -1
ciMethod java/lang/invoke/DelegatingMethodHandle$Holder delegate (Ljava/lang/Object;Ljava/lang/Object;Ljava/lang/Object;Ljava/lang/Object;Ljava/lang/Object;)V 512 0 30325 0 -1
ciMethod java/lang/invoke/DelegatingMethodHandle$Holder delegate (Ljava/lang/Object;)Ljava/lang/Object; 4320 0 39304 0 -1
ciMethod java/lang/invoke/DelegatingMethodHandle$Holder delegate (Ljava/lang/Object;Ljava/lang/Object;Ljava/lang/Object;)Ljava/lang/Object; 4116 0 58672 0 -1
ciMethod java/lang/invoke/DelegatingMethodHandle$Holder delegate (Ljava/lang/Object;Ljava/lang/Object;I)Ljava/lang/Object; 12394 0 72831 0 -1
ciMethod java/lang/invoke/DelegatingMethodHandle$Holder delegate (Ljava/lang/Object;Ljava/lang/Object;)Ljava/lang/Object; 4448 0 169955 0 -1
ciMethod java/lang/invoke/DelegatingMethodHandle$Holder delegate (Ljava/lang/Object;Ljava/lang/Object;)I 4122 0 390559 0 -1
ciMethod java/lang/invoke/DelegatingMethodHandle$Holder delegate (Ljava/lang/Object;Ljava/lang/Object;I)I 4100 0 139399 0 -1
ciMethod java/lang/invoke/DelegatingMethodHandle$Holder delegate (Ljava/lang/Object;Ljava/lang/Object;)V 4098 0 721197 0 -1
ciMethod java/lang/invoke/DelegatingMethodHandle$Holder delegate (Ljava/lang/Object;Ljava/lang/Object;Ljava/lang/Object;ILjava/lang/Object;)Ljava/lang/Object; 512 0 25894 0 -1
ciMethod java/lang/invoke/DirectMethodHandle$Holder invokeVirtual (Ljava/lang/Object;Ljava/lang/Object;)Ljava/lang/Object; 774 0 2673140 0 -1
ciMethod java/lang/invoke/DirectMethodHandle$Holder invokeStatic (Ljava/lang/Object;)Ljava/lang/Object; 4096 0 40143 0 -1
ciMethod java/lang/invoke/DirectMethodHandle$Holder invokeSpecial (Ljava/lang/Object;Ljava/lang/Object;Ljava/lang/Object;Ljava/lang/Object;)V 4104 0 49031 0 -1
ciMethod java/lang/invoke/DirectMethodHandle$Holder invokeSpecial (Ljava/lang/Object;Ljava/lang/Object;Ljava/lang/Object;)Ljava/lang/Object; 4104 0 86316 0 -1
ciMethod java/lang/invoke/DirectMethodHandle$Holder invokeSpecial (Ljava/lang/Object;Ljava/lang/Object;)Ljava/lang/Object; 4198 0 123884 0 -1
ciMethod java/lang/invoke/DirectMethodHandle$Holder invokeSpecial (Ljava/lang/Object;Ljava/lang/Object;)V 770 0 649394 0 -1
ciMethod java/lang/invoke/DirectMethodHandle$Holder invokeSpecial (Ljava/lang/Object;Ljava/lang/Object;I)Ljava/lang/Object; 4172 0 71139 0 -1
ciMethod java/lang/invoke/DirectMethodHandle$Holder invokeSpecial (Ljava/lang/Object;Ljava/lang/Object;)I 4112 0 343493 0 -1
ciMethod java/lang/invoke/Invokers$Holder linkToTargetMethod (JJLjava/lang/Object;)Ljava/lang/Object; 4282 0 55832 0 -1
ciMethod java/lang/invoke/Invokers$Holder linkToCallSite (Ljava/lang/Object;ILjava/lang/Object;)Ljava/lang/Object; 4214 0 73353 0 -1
ciMethod java/lang/invoke/Invokers$Holder linkToCallSite (Ljava/lang/Object;)Ljava/lang/Object; 4110 0 40143 0 -1
ciMethod java/lang/invoke/Invokers$Holder linkToCallSite (Ljava/lang/Object;Ljava/lang/Object;)Ljava/lang/Object; 4106 0 182194 0 -1
ciMethod java/lang/invoke/Invokers$Holder linkToCallSite (Ljava/lang/Object;Ljava/lang/Object;Ljava/lang/Object;)Ljava/lang/Object; 4174 0 59644 0 -1
ciInstanceKlass java/util/concurrent/locks/LockSupport 1 1 94 10 100 12 1 1 1 9 7 12 1 1 1 9 12 1 1 10 7 12 1 1 1 10 7 12 1 1 1 10 12 1 1 10 12 1 1 10 12 1 1 100 1 10 10 12 1 1 9 12 1 10 12 1 1 10 12 1 1 8 1 10 12 1 1 8 1 1 1 1 1 1 1 1 1 1 1 1 1 1 1 1 1 1 1 1 1 1 1 1 1 1 1 1
staticfield java/util/concurrent/locks/LockSupport U Ljdk/internal/misc/Unsafe; jdk/internal/misc/Unsafe
staticfield java/util/concurrent/locks/LockSupport PARKBLOCKER J 76
staticfield java/util/concurrent/locks/LockSupport TID J 32
ciMethod java/lang/ThreadLocal get ()Ljava/lang/Object; 4098 0 85416 0 2720
ciMethod java/lang/ThreadLocal getMap (Ljava/lang/Thread;)Ljava/lang/ThreadLocal$ThreadLocalMap; 518 0 89511 0 -1
ciInstanceKlass java/lang/invoke/DirectMethodHandle$Constructor 1 1 90 10 7 12 1 1 1 9 7 12 1 1 1 9 12 1 1 9 12 1 1 10 100 12 1 1 1 100 1 10 12 1 9 12 1 9 12 1 10 12 1 10 12 1 1 9 12 1 1 10 12 1 1 10 7 12 1 1 1 1 1 1 1 1 1 1 1 1 1 1 100 1 100 1 1 1 1 1 1 1 1 1 1 1 1 1 1 1 1 1
staticfield java/lang/invoke/DirectMethodHandle$Constructor $assertionsDisabled Z 1
ciInstanceKlass java/lang/invoke/Invokers 1 1 782 100 1 10 7 12 1 1 1 9 7 12 1 1 1 7 1 9 12 1 1 9 12 1 1 10 12 1 1 10 12 1 1 10 12 1 1 10 7 12 1 1 1 10 12 1 10 12 1 1 10 12 1 1 7 1 10 12 1 10 12 1 1 10 7 12 1 1 1 9 12 1 1 10 12 1 1 100 1 10 10 12 1 10 12 1 1 10 12 1 1 10 12 1 1 9 12 1 10 7 12 1 1 1 10 12 1 10 12 1 1 10 7 12 1 1 1 8 1 8 1 10 7 12 1 1 1 10 12 1 1 10 12 1 1 7 1 100 1 10 12 1 1 10 12 1 1 100 1 9 12 1 1 10 100 1 10 12 1 10 12 1 1 10 12 1 10 12 1 10 12 1 10 12 1 9 12 1 10 7 12 1 1 9 7 12 1 1 1 8 1 10 12 1 1 100 1 100 1 10 8 1 10 12 1 1 10 12 1 10 12 1 10 7 12 1 1 1 10 12 1 10 12 1 1 100 1 10 7 12 1 1 1 10 12 1 10 12 1 1 10 12 1 10 12 1 1 10 12 1 1 10 12 1 10 12 1 10 12 1 1 10 12 1 1 10 100 12 1 1 1 9 100 12 1 1 1 10 100 12 1 1 1 10 12 1 1 10 12 1 1 10 12 1 7 1 10 12 1 1 8 1 10 12 1 1 10 100 12 1 1 1 10 12 1 1 8 1 10 7 12 1 1 10 100 1 8 1 10 12 1 9 12 1 1 9 7 12 1 1 1 9 12 1 9 12 1 9 12 1 10 10 12 1 1 9 12 1 10 12 1 1 10 12 1 1 100 1 10 100 12 1 1 10 12 1 1 10 7 12 1 1 1 10 7 12 1 1 1 10 12 1 10 12 1 1 10 12 1 1 10 12 1 10 12 1 10 12 1 10 12 1 1 8 1 10 12 1 10 12 1 10 12 1 1 10 100 12 1 1 10 12 1 1 10 12 1 9 12 1 10 12 1 8 1 10 12 1 1 10 12 1 1 10 12 1 1 9 12 1 9 12 1 8 1 8 1 10 12 1 10 12 1 9 12 10 12 1 1 9 12 1 100 1 8 1 8 1 10 9 12 1 10 12 1 9 12 1 10 12 1 10 12 1 1 10 12 1 1 10 12 1 7 1 10 7 12 1 1 1 9 12 1 9 12 1 10 12 1 10 7 12 1 1 9 12 1 10 12 1 10 12 9 12 1 1 10 12 1 7 1 10 100 12 1 1 1 8 1 9 7 12 1 1 1 10 12 1 1 10 12 1 1 8 1 8 1 10 12 1 8 1 8 1 8 1 8 1 8 1 10 12 1 10 12 1 10 12 1 1 7 1 10 7 12 1 1 10 12 1 10 12 1 9 12 1 9 12 1 1 7 1 10 7 12 1 1 1 1 1 1 1 3 1 3 1 3 1 3 1 1 1 1 1 1 1 3 1 3 1 3 1 3 1 1 1 1 1 1 1 1 1 1 1 1 1 1 1 1 1 1 1 1 1 1 1 1 1 1 1 1 1 1 1 1 1 1 1 1 1 1 1 1 1 1 1 1 1 1 1 1 1 1 1 1 1 1 1 1 1 1 1 1 1 1 1 1 1 1 1 1 1 1 1 1 1 100 1 1 1 1 1 1 1 1 1 1 1 1 1 1 1 1 1 1 1 1 1 1 1 1 1 100 1 1 1 1 1 1 1 1 1 1 1 1 1 1 100 1 1 1 1 1 1 1 1 1 1 1 1 1 1
staticfield java/lang/invoke/Invokers VH_INV_GENERIC I 34
staticfield java/lang/invoke/Invokers INV_LIMIT I 65
staticfield java/lang/invoke/Invokers NFS [Ljava/lang/invoke/LambdaForm$NamedFunction; 7 [Ljava/lang/invoke/LambdaForm$NamedFunction;
staticfield java/lang/invoke/Invokers $assertionsDisabled Z 1
ciMethod java/lang/invoke/Invokers maybeCustomize (Ljava/lang/invoke/MethodHandle;)V 768 0 2577 0 -1
ciMethod java/lang/invoke/Invokers newWrongMethodTypeException (Ljava/lang/invoke/MethodType;Ljava/lang/invoke/MethodType;)Ljava/lang/invoke/WrongMethodTypeException; 0 0 1 0 -1
ciMethod java/lang/invoke/Invokers checkExactType (Ljava/lang/invoke/MethodHandle;Ljava/lang/invoke/MethodType;)V 774 0 2769958 0 -1
ciMethod java/lang/invoke/Invokers getCallSiteTarget (Ljava/lang/invoke/CallSite;)Ljava/lang/invoke/MethodHandle; 514 0 2858555 0 -1
ciMethod java/lang/invoke/Invokers checkCustomized (Ljava/lang/invoke/MethodHandle;)V 4098 0 2773180 0 -1
instanceKlass sun/security/util/DerOutputStream
ciInstanceKlass java/io/ByteArrayOutputStream 1 1 127 10 7 12 1 1 1 10 7 12 1 1 100 1 100 1 10 8 1 10 12 1 1 10 12 1 10 12 1 1 10 12 1 9 12 1 1 10 7 12 1 1 1 10 7 12 1 1 1 9 12 1 1 10 12 1 10 7 12 1 1 10 7 12 1 1 1 10 12 1 1 10 7 1 10 12 10 12 1 10 12 1 10 12 1 1 1 1 1 1 1 1 1 1 1 1 1 1 1 1 1 1 1 1 1 100 1 1 1 1 1 1 1 1 100 1 1 1 1 1 1 1 1 1 1 1 1
ciInstanceKlass java/lang/invoke/BoundMethodHandle$Species_L 1 1 125 10 7 12 1 1 1 9 7 12 1 1 1 9 12 1 1 10 12 1 9 7 12 1 1 1 10 7 12 1 1 1 10 12 1 1 10 7 12 1 1 1 100 1 10 100 12 1 1 1 9 12 1 10 12 1 9 12 1 10 12 1 9 12 1 10 12 1 9 12 1 10 12 1 10 12 1 1 10 12 1 1 1 1 1 1 1 1 1 1 1 1 1 1 1 1 1 1 1 1 1 1 1 1 1 1 1 1 1 1 1 1 1 1 1 1 1 1 1 1 1 1 100 1 1
ciInstanceKlass java/lang/invoke/BoundMethodHandle$Species_I 1 1 69 1 7 1 7 1 1 1 1 1 1 1 12 9 1 1 1 12 10 12 9 1 1 12 10 1 1 1 100 1 100 1 1 12 10 1 100 1 1 12 10 1 1 12 10 1 1 1 12 10 1 1 1 12 10 1 1 1 12 10 1 1 1 12 10 1 1 1 1
ciInstanceKlass java/lang/invoke/BoundMethodHandle$Species_LL 1 1 73 1 7 1 7 1 1 1 1 1 1 1 1 12 9 1 1 1 12 10 12 9 12 9 1 1 12 10 1 1 1 100 1 7 1 1 12 10 1 7 1 1 12 10 1 1 1 12 10 1 1 1 12 10 1 1 1 12 10 1 1 1 12 10 1 1 1 12 10 1 1 1 1
ciInstanceKlass java/lang/invoke/BoundMethodHandle$Species_LLLL 1 1 79 1 7 1 7 1 1 1 1 1 1 1 1 1 1 12 9 1 1 1 12 10 12 9 12 9 12 9 12 9 1 1 12 10 1 1 1 100 1 7 1 1 12 10 1 7 1 1 12 10 1 1 1 12 10 1 1 1 12 10 1 1 1 12 10 1 1 1 12 10 1 1 1 12 10 1 1 1 1
ciInstanceKlass java/lang/invoke/BoundMethodHandle$Species_LLLLL 1 1 82 1 7 1 7 1 1 1 1 1 1 1 1 1 1 1 12 9 1 1 1 12 10 12 9 12 9 12 9 12 9 12 9 1 1 12 10 1 1 1 100 1 7 1 1 12 10 1 7 1 1 12 10 1 1 1 12 10 1 1 1 12 10 1 1 1 12 10 1 1 1 12 10 1 1 1 12 10 1 1 1 1
ciMethod java/util/concurrent/locks/LockSupport parkNanos (Ljava/lang/Object;J)V 4098 0 22666 0 -1
ciMethod java/lang/invoke/DelegatingMethodHandle getTarget ()Ljava/lang/invoke/MethodHandle; 0 0 1 0 -1
ciMethod java/lang/ThreadLocal$ThreadLocalMap getEntry (Ljava/lang/ThreadLocal;)Ljava/lang/ThreadLocal$ThreadLocalMap$Entry; 4112 0 85388 0 -1
ciMethod java/lang/invoke/DirectMethodHandle allocateInstance (Ljava/lang/Object;)Ljava/lang/Object; 412 0 137079 0 384
ciMethod java/lang/invoke/DirectMethodHandle internalMemberName (Ljava/lang/Object;)Ljava/lang/Object; 512 0 5798557 0 -1
ciMethod java/lang/invoke/DirectMethodHandle constructorMethod (Ljava/lang/Object;)Ljava/lang/Object; 412 0 145682 0 128
ciMethod java/lang/Number doubleValue ()D 0 0 1 0 -1
ciMethod java/lang/Number longValue ()J 0 0 1 0 -1
ciMethod java/lang/ThreadLocal setInitialValue ()Ljava/lang/Object; 4098 0 3674 0 -1
ciMethod java/lang/Thread interrupted ()Z 1024 0 39066 0 -1
ciMethod java/lang/Thread currentThread ()Ljava/lang/Thread; 256 0 128 0 -1
ciMethod java/util/Map put (Ljava/lang/Object;Ljava/lang/Object;)Ljava/lang/Object; 0 0 1 0 -1
ciMethod java/util/Map get (Ljava/lang/Object;)Ljava/lang/Object; 0 0 1 0 -1
ciMethod jdk/internal/misc/Unsafe allocateInstance (Ljava/lang/Class;)Ljava/lang/Object; 256 0 128 0 -1
ciMethod java/lang/String startsWith (Ljava/lang/String;)Z 774 0 218268 0 -1
ciMethod java/util/ArrayList clear ()V 4096 1998 13733 0 -1
ciMethod java/util/ArrayList add (Ljava/lang/Object;)Z 512 0 40940 0 -1
ciMethod java/util/ArrayList <init> ()V 476 0 27361 0 -1
ciMethod java/lang/Class initClassName ()Ljava/lang/String; 258 0 129 0 -1
ciMethod java/lang/Class cast (Ljava/lang/Object;)Ljava/lang/Object; 4102 0 260235 0 -1
ciMethod java/lang/Class isInstance (Ljava/lang/Object;)Z 256 0 128 0 -1
ciMethod java/lang/Class getName ()Ljava/lang/String; 512 0 56769 0 96
ciMethod java/lang/Object getClass ()Ljava/lang/Class; 256 0 128 0 -1
ciMethod java/lang/Object <init> ()V 648 0 1523968 0 128
ciInstanceKlass java/lang/invoke/LambdaForm$DMH+0x0000757cd4014000 1 1 49 1 7 1 100 1 1 1 1 1 1 1 7 1 1 12 10 1 7 1 7 1 1 12 10 1 1 1 1 1 7 1 1 12 10 1 7 1 1 12 11 1 7 12 9 1 1 1 1
staticfield java/lang/invoke/LambdaForm$DMH+0x0000757cd4014000 _D_0 Ljava/lang/invoke/LambdaForm; java/lang/invoke/LambdaForm
ciInstanceKlass java/lang/invoke/LambdaForm$DMH+0x0000757cd402d400 1 1 49 1 7 1 100 1 1 1 1 1 1 1 7 1 1 12 10 1 7 1 7 1 1 12 10 1 1 1 1 1 7 1 1 12 10 1 7 1 1 12 11 1 7 12 9 1 1 1 1
staticfield java/lang/invoke/LambdaForm$DMH+0x0000757cd402d400 _D_0 Ljava/lang/invoke/LambdaForm; java/lang/invoke/LambdaForm
instanceKlass java/util/concurrent/CancellationException
instanceKlass android/media/MediaCodec$CodecException
instanceKlass sun/java2d/InvalidPipeException
instanceKlass android/app/ServiceStartNotAllowedException
instanceKlass android/media/MediaCodec$CodecException
instanceKlass org/bouncycastle/util/encoders/EncoderException
instanceKlass org/bouncycastle/util/encoders/DecoderException
instanceKlass java/nio/channels/ClosedSelectorException
ciInstanceKlass java/lang/IllegalStateException 1 1 35 10 7 12 1 1 1 10 12 1 10 12 1 10 12 1 100 1 1 1 1 5 0 1 1 1 1 1 1 1 1 1 1 1 1
ciInstanceKlass java/util/concurrent/atomic/AtomicBoolean 1 1 143 10 7 12 1 1 1 9 7 12 1 1 1 9 12 1 1 10 7 12 1 1 1 10 12 1 10 12 1 1 10 12 1 1 10 12 1 1 10 100 12 1 1 1 10 12 1 10 12 1 10 12 1 10 12 1 10 12 1 10 12 1 1 10 12 1 10 12 1 10 12 1 10 12 1 10 12 1 10 7 12 1 1 1 8 9 7 12 1 1 1 10 7 12 1 1 1 100 1 100 1 10 12 1 100 1 1 1 1 5 0 1 1 1 1 1 1 1 1 1 1 1 1 1 1 1 1 1 1 1 1 1 1 1 1 1 1 1 1 1 1 1 1
staticfield java/util/concurrent/atomic/AtomicBoolean VALUE Ljava/lang/invoke/VarHandle; java/lang/invoke/VarHandleInts$FieldInstanceReadWrite
instanceKlass kotlinx/coroutines/test/UncompletedCoroutinesError
instanceKlass org/robolectric/shadows/ShadowParcel$UnreliableBehaviorError
instanceKlass org/junit/ComparisonFailure
ciInstanceKlass java/lang/AssertionError 0 0 79 10 100 12 1 1 1 10 12 1 10 100 12 1 1 1 10 100 1 100 1 10 12 1 1 10 12 1 10 12 1 10 12 1 10 12 1 10 12 1 10 12 1 10 12 1 1 1 1 5 0 1 1 1 1 1 1 1 1 1 1 100 1 1 1 1 1 1 1 1 1 1 1 1 1 1 1 1 1
ciInstanceKlass java/lang/invoke/LambdaForm$DMH+0x0000757cd40b0c00 1 1 49 1 7 1 100 1 1 1 1 1 1 1 7 1 1 12 10 1 7 1 7 1 1 12 10 1 1 1 1 1 7 1 1 12 10 1 7 1 1 12 11 1 7 12 9 1 1 1 1
staticfield java/lang/invoke/LambdaForm$DMH+0x0000757cd40b0c00 _D_0 Ljava/lang/invoke/LambdaForm; java/lang/invoke/LambdaForm
ciInstanceKlass org/robolectric/util/PerfStatsCollector 1 1 199 9 7 12 1 1 1 9 12 1 1 9 12 1 1 18 12 1 1 10 12 1 1 10 7 12 1 1 7 1 10 9 12 1 9 12 1 1 7 1 10 12 1 10 12 1 1 11 7 12 1 1 1 10 12 1 1 7 1 7 1 10 12 1 11 7 12 1 1 7 1 10 12 1 1 10 12 1 1 10 11 12 1 1 10 12 1 11 7 12 1 1 100 1 11 12 1 1 10 12 1 100 1 10 12 1 11 12 1 10 1 1 1 1 1 1 1 1 1 1 1 1 1 1 1 1 1 1 1 1 1 1 1 1 1 100 1 100 1 1 1 1 1 1 1 1 1 1 1 1 1 1 1 1 1 1 1 1 1 1 1 1 1 1 1 1 1 1 1 1 1 1 1 1 1 16 1 15 10 7 12 1 15 10 7 12 1 1 1 1 1 1 1 1 100 1 100 1 1
staticfield org/robolectric/util/PerfStatsCollector INSTANCE Lorg/robolectric/util/PerfStatsCollector; org/robolectric/util/PerfStatsCollector
ciInstanceKlass org/robolectric/util/Clock 1 0 9 100 1 100 1 1 1 1 1
ciInstanceKlass org/robolectric/util/PerfStatsCollector$$Lambda$62+0x0000757cd40b31f8 1 1 19 1 7 1 7 1 100 1 1 12 10 1 1 1 7 12 10 1 1
ciInstanceKlass org/robolectric/util/PerfStatsCollector$Event 1 1 96 9 7 12 1 1 1 10 7 12 1 1 1 9 12 1 1 10 7 12 1 1 1 11 7 12 1 1 1 9 12 1 1 10 12 1 1 10 12 1 1 7 1 10 12 1 10 12 1 1 11 7 12 1 1 1 7 1 10 12 1 1 10 12 1 1 10 11 12 1 1 10 12 1 1 1 1 1 1 1 1 1 1 1 1 1 1 1 1 100 1 1 1 1 1 1
ciInstanceKlass org/robolectric/util/PerfStatsCollector$MetricKey 1 1 50 9 7 12 1 1 1 9 12 1 1 10 7 12 1 1 1 10 7 12 1 1 1 10 12 1 1 1 1 1 1 1 1 1 1 1 1 1 1 1 1 1 1 1 1 1 1 100 1 1
ciInstanceKlass org/robolectric/pluginapi/perf/Metric 1 1 103 10 7 12 1 1 1 9 7 12 1 1 1 9 12 1 1 9 12 1 1 9 12 1 1 10 12 1 9 12 1 9 12 1 10 100 12 1 1 1 10 12 1 1 100 1 10 8 1 10 12 1 1 10 12 1 8 1 10 12 1 8 1 10 12 1 8 1 8 1 8 1 10 12 1 10 12 1 1 1 1 1 1 1 1 1 1 1 1 1 1 1 1 1 1 1 1 1 1 1 1 1 1
ciInstanceKlass kotlin/jvm/internal/Intrinsics 1 1 278 10 100 10 10 10 10 10 10 100 10 10 10 100 10 10 100 10 8 8 10 100 10 10 100 10 10 100 10 10 8 8 8 8 10 10 10 10 10 100 10 10 10 10 8 8 10 10 10 8 10 100 10 10 10 10 100 8 8 10 8 10 10 10 100 10 7 100 1 1 1 1 1 1 1 1 1 1 1 1 1 1 1 1 1 1 1 1 1 1 1 1 1 1 1 1 1 1 1 1 1 1 1 1 1 1 1 1 1 1 1 1 1 1 1 1 1 1 1 1 1 1 1 1 1 1 100 1 1 1 1 1 1 1 1 1 1 1 1 1 1 1 1 1 1 1 1 1 1 1 1 1 1 1 1 1 1 1 1 1 100 1 1 1 1 1 1 1 1 1 1 1 1 1 1 1 1 1 100 1 1 1 12 1 12 12 12 12 12 1 12 12 1 1 1 1 12 1 12 1 1 1 1 1 1 12 12 12 100 12 12 1 100 12 100 12 100 12 12 1 1 100 12 100 12 1 12 1 12 12 12 1 1 1 12 1 12 100 100 12 12 1 1 1 1 1 1 1 1 1 1 1 1 1 1 1 1 1 1 1 1 1 1 1 1 1 1 1 1 1 1 1 1 1 1 1 1 1
ciInstanceKlass java/lang/invoke/DirectMethodHandle$Special 1 1 110 10 7 12 1 1 1 9 7 12 1 1 1 9 12 1 1 9 12 1 1 10 12 1 9 12 1 10 12 1 1 100 1 10 12 1 9 12 1 1 10 7 12 1 1 1 8 1 100 1 10 12 1 1 10 12 1 1 10 100 12 1 1 1 100 1 10 12 1 10 12 1 10 12 1 1 1 1 1 1 1 1 1 1 1 1 1 1 1 1 1 1 1 1 1 1 1 1 1 1 1 1 1 1 1 1 1 1 1 1
staticfield java/lang/invoke/DirectMethodHandle$Special $assertionsDisabled Z 1
ciInstanceKlass org/robolectric/annotation/LooperMode$Mode 1 1 62 7 1 9 12 1 1 9 12 1 9 12 1 9 12 1 1 10 7 12 1 1 10 7 12 1 1 1 10 12 1 1 8 10 8 8 10 12 1 1 1 1 1 1 1 1 1 1 1 1 1 1 1 1 1 1 1 1 1 100 1 1
staticfield org/robolectric/annotation/LooperMode$Mode LEGACY Lorg/robolectric/annotation/LooperMode$Mode; org/robolectric/annotation/LooperMode$Mode
staticfield org/robolectric/annotation/LooperMode$Mode PAUSED Lorg/robolectric/annotation/LooperMode$Mode; org/robolectric/annotation/LooperMode$Mode
staticfield org/robolectric/annotation/LooperMode$Mode INSTRUMENTATION_TEST Lorg/robolectric/annotation/LooperMode$Mode; org/robolectric/annotation/LooperMode$Mode
staticfield org/robolectric/annotation/LooperMode$Mode $VALUES [Lorg/robolectric/annotation/LooperMode$Mode; 3 [Lorg/robolectric/annotation/LooperMode$Mode;
instanceKlass android/app/ContextImpl
instanceKlass android/content/ContextWrapper
ciInstanceKlass android/content/Context 1 1 689 1 7 1 7 1 100 1 1 100 1 100 1 1 100 1 100 1 1 100 1 100 1 1 100 1 1 100 1 100 1 1 100 1 100 1 1 1 1 1 3 1 3 1 1 3 1 3 1 3 1 3 1 1 1 1 1 3 1 3 1 3 1 3 1 3 1 3 1 3 1 3 1 1 1 8 1 1 8 1 1 8 1 1 8 1 1 8 1 1 8 1 1 8 1 1 8 1 1 8 1 1 8 1 1 8 1 1 8 1 1 8 1 1 8 1 1 8 1 1 8 1 1 8 1 1 8 1 1 8 1 1 8 1 1 8 1 1 8 1 1 8 1 1 8 1 1 8 1 1 8 1 1 8 1 1 8 1 1 8 1 1 8 1 1 8 1 1 8 1 1 8 1 1 8 1 1 8 1 1 8 1 1 8 1 1 8 1 1 8 1 1 8 1 1 8 1 1 8 1 1 8 1 1 8 1 1 8 1 1 8 1 1 8 1 1 8 1 1 8 1 1 8 1 1 8 1 1 8 1 1 8 1 1 8 1 1 8 1 1 8 1 1 8 1 1 8 1 1 8 1 1 8 1 1 8 1 1 8 1 1 8 1 1 8 1 1 8 1 1 8 1 1 8 1 1 8 1 1 8 1 1 1 1 1 1 1 1 1 1 1 1 1 1 1 1 1 1 1 1 1 1 12 10 1 12 10 1 1 1 1 12 10 1 1 12 10 1 12 10 1 1 1 1 12 10 1 12 10 1 1 1 1 1 1 12 10 1 1 12 10 1 1 1 1 1 1 1 1 1 1 12 10 1 1 1 12 10 1 1 1 12 10 1 1 1 1 1 1 1 1 1 1 1 1 1 1 1 1 1 1 1 1 1 100 1 1 1 1 1 1 1 1 1 1 1 1 1 1 1 1 1 1 1 1 1 1 1 1 1 1 1 1 1 1 1 1 1 1 1 1 1 100 1 1 1 1 1 1 1 100 1 8 1 1 12 10 1 1 1 1 1 1 1 1 1 1 1 1 1 1 1 1 1 1 1 1 1 1 1 1 1 1 1 1 1 1 1 1 1 1 1 1 1 1 1 1 1 1 1 1 1 1 1 1 1 1 1 1 1 1 1 1 1 1 1 1 1 1 1 1 1 1 1 1 1 1 1 1 1 1 1 1 1 1 1 1 1 1 1 1 1 1 1 1 1 1 1 1 1 1 1 1 1 1 1 1 1 1 1 1 1 1 1 1 1 12 10 12 10 1 12 10 15 1 7 1 1 12 10 15 1 12 18 12 10 15 1 12 18 12 10 15 12 18 12 10 15 1 12 18 12 10 15 1 12 18 12 10 15 1 12 18 12 10 15 1 12 18 1 12 10 15 1 12 18 12 10 15 1 12 18 12 10 15 1 12 18 12 10 15 1 12 18 12 10 15 1 12 18 1 12 10 15 1 12 18 12 10 15 1 12 18 1 12 10 15 1 12 18 1 12 10 15 1 12 18 1 12 10 15 1 12 18 12 9 1 1 12 10 15 1 1 12 18 1 1 1 1 1 1 1 1 1 1 1 1 1 1
ciInstanceKlass androidx/sqlite/db/SupportSQLiteDatabase 1 1 155 1 100 1 100 1 100 1 1 1 1 1 1 1 1 1 1 1 1 1 1 1 1 1 1 1 1 1 1 1 1 1 1 8 1 100 1 1 12 10 1 100 1 12 10 1 1 1 1 1 1 1 1 1 1 1 1 1 1 1 1 1 1 1 1 1 3 1 1 1 100 1 1 1 1 1 1 1 1 1 1 1 1 1 1 1 1 1 1 1 1 1 1 1 1 1 1 3 3 3 1 1 3 1 1 1 1 1 1 1 1 1 1 1 1 1 1 1 1 1 1 1 1 1 1 1 1 1 1 1 1 1 1 1 1 1 1 1 1 1 1 1 1 1 1 1 100 1 8 1 1 12 10 1 1
instanceKlass org/robolectric/internal/bytecode/MethodCallSite
ciInstanceKlass org/robolectric/internal/bytecode/RoboCallSite 1 1 30 10 7 12 1 1 1 9 7 12 1 1 1 1 1 1 1 1 1 1 1 1 1 1 1 1 1 1 1 1
ciInstanceKlass org/robolectric/internal/bytecode/MethodCallSite 1 1 98 10 7 12 1 1 1 9 7 12 1 1 1 9 12 1 1 9 12 1 1 9 12 1 1 10 12 1 1 10 12 1 1 10 7 12 1 1 1 9 7 12 1 1 100 1 10 12 1 8 1 10 12 1 1 10 12 1 1 10 12 1 8 1 8 1 10 12 1 10 12 1 1 1 1 1 1 1 1 1 1 1 1 1 1 1 1 1 1 1 1 100 1 1 1 1 1 1
ciInstanceKlass java/lang/invoke/WrongMethodTypeException 0 0 34 10 100 12 1 1 1 10 12 1 10 12 1 10 12 1 100 1 1 1 1 5 0 1 1 1 1 1 1 1 1 1 1 1
ciInstanceKlass java/lang/invoke/MethodHandleImpl$CountingWrapper 1 1 139 10 7 12 1 1 1 10 7 12 1 1 1 9 7 12 1 1 1 9 12 1 1 9 12 1 1 9 12 1 9 12 1 1 10 12 1 1 11 100 12 1 1 1 100 1 9 100 12 1 1 10 12 1 9 12 1 10 12 1 1 10 12 1 1 7 1 10 12 1 10 12 1 1 7 1 8 1 7 1 7 1 10 12 1 1 10 12 1 9 12 1 1 100 1 10 12 1 1 1 1 1 1 1 1 1 1 1 1 1 1 1 1 1 1 1 1 1 1 1 1 1 1 1 1 1 1 1 1 1 1 1 1 1 7 1 1 1 1
staticfield java/lang/invoke/MethodHandleImpl$CountingWrapper NF_maybeStopCounting Ljava/lang/invoke/LambdaForm$NamedFunction; java/lang/invoke/LambdaForm$NamedFunction
ciInstanceKlass java/lang/invoke/LambdaForm$MH+0x0000757cd4180400 1 1 49 1 7 1 100 1 1 1 1 1 1 1 7 1 1 12 9 1 12 9 1 7 1 12 10 1 1 1 1 1 7 1 1 12 10 1 7 1 1 12 11 1 7 12 9 1 1 1 1
staticfield java/lang/invoke/LambdaForm$MH+0x0000757cd4180400 _D_0 Ljava/lang/invoke/LambdaForm; java/lang/invoke/LambdaForm
ciInstanceKlass java/lang/invoke/LambdaForm$MH+0x0000757cd4180c00 1 1 65 1 7 1 100 1 1 1 1 1 1 1 7 1 1 12 9 1 7 1 1 12 10 1 12 9 1 7 1 7 1 1 12 10 1 1 12 10 1 12 10 1 1 1 1 1 7 1 1 12 10 1 7 1 1 12 11 1 7 12 9 1 1 1 1
staticfield java/lang/invoke/LambdaForm$MH+0x0000757cd4180c00 _D_0 Ljava/lang/invoke/LambdaForm; java/lang/invoke/LambdaForm
ciInstanceKlass java/lang/invoke/LambdaForm$DMH+0x0000757cd4181400 1 1 49 1 7 1 100 1 1 1 1 1 1 1 7 1 1 12 10 1 7 1 7 1 1 12 10 1 1 1 1 1 7 1 1 12 10 1 7 1 1 12 11 1 7 12 9 1 1 1 1
staticfield java/lang/invoke/LambdaForm$DMH+0x0000757cd4181400 _D_0 Ljava/lang/invoke/LambdaForm; java/lang/invoke/LambdaForm
ciInstanceKlass org/robolectric/config/ConfigurationRegistry 1 1 163 9 7 12 1 1 1 10 12 1 1 10 7 12 1 1 1 7 1 10 9 12 1 1 11 7 12 1 1 1 11 7 12 1 1 1 11 7 12 1 1 1 11 12 1 1 7 1 11 12 1 1 10 12 1 1 11 12 1 1 10 12 1 10 12 1 10 12 1 1 8 1 10 7 12 1 1 1 100 1 10 100 1 10 12 1 10 12 1 1 10 12 1 7 1 10 12 1 1 100 1 100 1 10 12 10 12 1 1 100 1 100 1 10 12 1 10 12 1 10 12 1 10 100 1 1 1 1 1 1 1 1 1 1 1 1 1 1 1 1 1 1 1 1 1 1 1 1 1 1 1 1 1 1 1 1 1 1 100 100 1 1 1
ciInstanceKlass java/lang/invoke/LambdaForm$MH+0x0000757cd418e800 1 1 65 1 7 1 100 1 1 1 1 1 1 1 7 1 1 12 9 1 7 1 1 12 10 1 12 9 1 7 1 7 1 1 12 10 1 1 12 10 1 12 10 1 1 1 1 1 7 1 1 12 10 1 7 1 1 12 11 1 7 12 9 1 1 1 1
staticfield java/lang/invoke/LambdaForm$MH+0x0000757cd418e800 _D_0 Ljava/lang/invoke/LambdaForm; java/lang/invoke/LambdaForm
ciInstanceKlass java/lang/invoke/LambdaForm$MH+0x0000757cd418fc00 1 1 69 1 7 1 100 1 1 1 1 1 1 1 7 1 1 12 9 1 12 9 1 12 9 1 12 9 1 7 1 1 12 10 1 7 1 7 1 1 12 10 1 1 12 10 1 1 1 1 1 7 1 1 12 10 1 7 1 1 12 11 1 7 12 9 1 1 1 1 1
staticfield java/lang/invoke/LambdaForm$MH+0x0000757cd418fc00 _D_0 Ljava/lang/invoke/LambdaForm; java/lang/invoke/LambdaForm
ciInstanceKlass java/lang/invoke/LambdaForm$DMH+0x0000757cd4194400 1 1 49 1 7 1 100 1 1 1 1 1 1 1 7 1 1 12 10 1 7 1 7 1 1 12 10 1 1 1 1 1 7 1 1 12 10 1 7 1 1 12 11 1 7 12 9 1 1 1 1
staticfield java/lang/invoke/LambdaForm$DMH+0x0000757cd4194400 _D_0 Ljava/lang/invoke/LambdaForm; java/lang/invoke/LambdaForm
ciInstanceKlass java/lang/invoke/LambdaForm$MH+0x0000757cd4194c00 1 1 70 1 7 1 100 1 1 1 1 1 1 1 7 1 1 12 9 1 12 9 1 12 9 1 12 9 1 12 9 1 100 1 7 1 1 12 10 1 100 1 1 12 10 12 10 1 1 1 1 1 7 1 1 12 10 1 7 1 1 12 11 1 7 12 9 1 1 1 1 1
staticfield java/lang/invoke/LambdaForm$MH+0x0000757cd4194c00 _D_0 Ljava/lang/invoke/LambdaForm; java/lang/invoke/LambdaForm
ciInstanceKlass java/lang/invoke/LambdaForm$MH+0x0000757cd4195c00 1 1 69 1 7 1 100 1 1 1 1 1 1 1 7 1 1 12 9 1 12 9 1 12 9 1 12 9 1 7 1 1 12 10 1 7 1 7 1 1 12 10 1 1 12 10 1 1 1 1 1 7 1 1 12 10 1 7 1 1 12 11 1 7 12 9 1 1 1 1 1
staticfield java/lang/invoke/LambdaForm$MH+0x0000757cd4195c00 _D_0 Ljava/lang/invoke/LambdaForm; java/lang/invoke/LambdaForm
ciInstanceKlass java/lang/invoke/LambdaForm$MH+0x0000757cd4196000 1 1 49 1 7 1 100 1 1 1 1 1 1 1 7 1 7 1 1 12 10 1 7 1 1 12 10 1 1 1 1 1 7 1 1 12 10 1 7 1 1 12 11 1 7 12 9 1 1 1 1
staticfield java/lang/invoke/LambdaForm$MH+0x0000757cd4196000 _D_0 Ljava/lang/invoke/LambdaForm; java/lang/invoke/LambdaForm
ciInstanceKlass java/lang/invoke/LambdaForm$MH+0x0000757cd4197000 1 1 70 1 7 1 100 1 1 1 1 1 1 1 7 1 1 12 9 1 12 9 1 12 9 1 12 9 1 12 9 1 100 1 7 1 1 12 10 1 100 1 1 12 10 12 10 1 1 1 1 1 7 1 1 12 10 1 7 1 1 12 11 1 7 12 9 1 1 1 1 1
staticfield java/lang/invoke/LambdaForm$MH+0x0000757cd4197000 _D_0 Ljava/lang/invoke/LambdaForm; java/lang/invoke/LambdaForm
ciInstanceKlass java/lang/invoke/LambdaForm$MH+0x0000757cd4197c00 1 1 69 1 7 1 100 1 1 1 1 1 1 1 7 1 1 12 9 1 12 9 1 12 9 1 12 9 1 7 1 1 12 10 1 7 1 7 1 1 12 10 1 1 12 10 1 1 1 1 1 7 1 1 12 10 1 7 1 1 12 11 1 7 12 9 1 1 1 1 1
staticfield java/lang/invoke/LambdaForm$MH+0x0000757cd4197c00 _D_0 Ljava/lang/invoke/LambdaForm; java/lang/invoke/LambdaForm
instanceKlass org/robolectric/shadows/ShadowLegacyLooper
instanceKlass org/robolectric/shadows/ShadowPausedLooper
ciInstanceKlass org/robolectric/shadows/ShadowLooper 1 1 233 10 7 12 1 1 1 10 7 12 1 1 1 100 1 100 1 10 8 1 10 12 1 1 10 12 1 8 1 10 12 1 1 10 12 1 10 100 12 1 1 1 10 100 12 1 1 1 10 12 1 1 9 7 12 1 1 1 10 100 12 1 1 1 100 1 10 10 12 1 1 10 100 1 10 12 1 9 12 1 1 9 12 1 10 7 12 1 1 1 10 12 1 10 12 1 10 12 1 1 10 12 1 9 100 12 1 1 1 10 12 1 1 10 12 1 10 12 1 1 10 12 1 10 12 1 10 12 1 10 100 12 1 1 1 10 12 1 1 10 12 1 1 1 1 1 1 1 1 1 1 1 1 1 1 1 1 1 1 1 1 1 1 1 1 100 1 1 1 1 1 1 1 1 1 1 1 1 1 1 1 1 1 1 1 1 1 1 1 1 1 1 1 1 1 1 1 1 1 1 1 1 1 1 1 1 1 1 1 1 1 1 1 1 1 1 1 1 1 1 1 1 1 1 1 1 1 100 1 1 100 1 1
staticfield org/robolectric/shadows/ShadowLooper looperModeLock Ljava/lang/Object; java/lang/Object
ciInstanceKlass java/lang/invoke/LambdaForm$MH+0x0000757cd41a5800 1 1 70 1 7 1 100 1 1 1 1 1 1 1 7 1 1 12 9 1 12 9 1 12 9 1 12 9 1 12 9 1 100 1 7 1 1 12 10 1 100 1 1 12 10 12 10 1 1 1 1 1 7 1 1 12 10 1 7 1 1 12 11 1 7 12 9 1 1 1 1 1
staticfield java/lang/invoke/LambdaForm$MH+0x0000757cd41a5800 _D_0 Ljava/lang/invoke/LambdaForm; java/lang/invoke/LambdaForm
ciInstanceKlass java/lang/invoke/LambdaForm$MH+0x0000757cd41a7000 1 1 69 1 7 1 100 1 1 1 1 1 1 1 7 1 1 12 9 1 12 9 1 12 9 1 12 9 1 7 1 1 12 10 1 7 1 7 1 1 12 10 1 1 12 10 1 1 1 1 1 7 1 1 12 10 1 7 1 1 12 11 1 7 12 9 1 1 1 1 1
staticfield java/lang/invoke/LambdaForm$MH+0x0000757cd41a7000 _D_0 Ljava/lang/invoke/LambdaForm; java/lang/invoke/LambdaForm
ciInstanceKlass java/lang/invoke/LambdaForm$MH+0x0000757cd41a7400 1 1 49 1 7 1 100 1 1 1 1 1 1 1 7 1 7 1 1 12 10 1 7 1 1 12 10 1 1 1 1 1 7 1 1 12 10 1 7 1 1 12 11 1 7 12 9 1 1 1 1
staticfield java/lang/invoke/LambdaForm$MH+0x0000757cd41a7400 _D_0 Ljava/lang/invoke/LambdaForm; java/lang/invoke/LambdaForm
ciInstanceKlass java/lang/invoke/LambdaForm$MH+0x0000757cd41a9c00 1 1 70 1 7 1 100 1 1 1 1 1 1 1 7 1 1 12 9 1 12 9 1 12 9 1 12 9 1 12 9 1 100 1 7 1 1 12 10 1 100 1 1 12 10 12 10 1 1 1 1 1 7 1 1 12 10 1 7 1 1 12 11 1 7 12 9 1 1 1 1 1
staticfield java/lang/invoke/LambdaForm$MH+0x0000757cd41a9c00 _D_0 Ljava/lang/invoke/LambdaForm; java/lang/invoke/LambdaForm
ciInstanceKlass java/lang/invoke/LambdaForm$MH+0x0000757cd41ab400 1 1 65 1 7 1 100 1 1 1 1 1 1 1 7 1 1 12 9 1 7 1 1 12 10 1 12 9 1 7 1 7 1 1 12 10 1 1 12 10 1 12 10 1 1 1 1 1 7 1 1 12 10 1 7 1 1 12 11 1 7 12 9 1 1 1 1
staticfield java/lang/invoke/LambdaForm$MH+0x0000757cd41ab400 _D_0 Ljava/lang/invoke/LambdaForm; java/lang/invoke/LambdaForm
ciInstanceKlass java/lang/invoke/LambdaForm$MH+0x0000757cd41ac000 1 1 69 1 7 1 100 1 1 1 1 1 1 1 7 1 1 12 9 1 12 9 1 12 9 1 12 9 1 7 1 1 12 10 1 7 1 7 1 1 12 10 1 1 12 10 1 1 1 1 1 7 1 1 12 10 1 7 1 1 12 11 1 7 12 9 1 1 1 1 1
staticfield java/lang/invoke/LambdaForm$MH+0x0000757cd41ac000 _D_0 Ljava/lang/invoke/LambdaForm; java/lang/invoke/LambdaForm
ciInstanceKlass java/lang/invoke/LambdaForm$MH+0x0000757cd41ac400 1 1 49 1 7 1 100 1 1 1 1 1 1 1 7 1 7 1 1 12 10 1 7 1 1 12 10 1 1 1 1 1 7 1 1 12 10 1 7 1 1 12 11 1 7 12 9 1 1 1 1
staticfield java/lang/invoke/LambdaForm$MH+0x0000757cd41ac400 _D_0 Ljava/lang/invoke/LambdaForm; java/lang/invoke/LambdaForm
ciInstanceKlass java/lang/invoke/LambdaForm$DMH+0x0000757cd41ac800 1 1 49 1 7 1 100 1 1 1 1 1 1 1 7 1 1 12 10 1 7 1 7 1 1 12 10 1 1 1 1 1 7 1 1 12 10 1 7 1 1 12 11 1 7 12 9 1 1 1 1
staticfield java/lang/invoke/LambdaForm$DMH+0x0000757cd41ac800 _D_0 Ljava/lang/invoke/LambdaForm; java/lang/invoke/LambdaForm
ciInstanceKlass java/lang/invoke/LambdaForm$MH+0x0000757cd41adc00 1 1 70 1 7 1 100 1 1 1 1 1 1 1 7 1 1 12 9 1 12 9 1 12 9 1 12 9 1 12 9 1 100 1 7 1 1 12 10 1 100 1 1 12 10 12 10 1 1 1 1 1 7 1 1 12 10 1 7 1 1 12 11 1 7 12 9 1 1 1 1 1
staticfield java/lang/invoke/LambdaForm$MH+0x0000757cd41adc00 _D_0 Ljava/lang/invoke/LambdaForm; java/lang/invoke/LambdaForm
ciInstanceKlass java/lang/invoke/LambdaForm$MH+0x0000757cd41ae400 1 1 47 1 7 1 100 1 1 1 1 1 1 1 7 1 1 12 10 1 7 1 1 12 10 1 1 1 1 1 7 1 1 12 10 1 7 1 1 12 11 1 7 12 9 1 1 1 1
staticfield java/lang/invoke/LambdaForm$MH+0x0000757cd41ae400 _D_0 Ljava/lang/invoke/LambdaForm; java/lang/invoke/LambdaForm
ciInstanceKlass java/lang/invoke/LambdaForm$MH+0x0000757cd41aec00 1 1 65 1 7 1 100 1 1 1 1 1 1 1 7 1 1 12 9 1 7 1 1 12 10 1 12 9 1 7 1 7 1 1 12 10 1 1 12 10 1 12 10 1 1 1 1 1 7 1 1 12 10 1 7 1 1 12 11 1 7 12 9 1 1 1 1
staticfield java/lang/invoke/LambdaForm$MH+0x0000757cd41aec00 _D_0 Ljava/lang/invoke/LambdaForm; java/lang/invoke/LambdaForm
ciInstanceKlass java/lang/invoke/LambdaForm$MH+0x0000757cd41af400 1 1 69 1 7 1 100 1 1 1 1 1 1 1 7 1 1 12 9 1 12 9 1 12 9 1 12 9 1 7 1 1 12 10 1 7 1 7 1 1 12 10 1 1 12 10 1 1 1 1 1 7 1 1 12 10 1 7 1 1 12 11 1 7 12 9 1 1 1 1 1
staticfield java/lang/invoke/LambdaForm$MH+0x0000757cd41af400 _D_0 Ljava/lang/invoke/LambdaForm; java/lang/invoke/LambdaForm
ciInstanceKlass java/lang/invoke/LambdaForm$MH+0x0000757cd41af800 1 1 49 1 7 1 100 1 1 1 1 1 1 1 7 1 7 1 1 12 10 1 7 1 1 12 10 1 1 1 1 1 7 1 1 12 10 1 7 1 1 12 11 1 7 12 9 1 1 1 1
staticfield java/lang/invoke/LambdaForm$MH+0x0000757cd41af800 _D_0 Ljava/lang/invoke/LambdaForm; java/lang/invoke/LambdaForm
ciInstanceKlass java/lang/invoke/LambdaForm$MH+0x0000757cd41b0400 1 1 70 1 7 1 100 1 1 1 1 1 1 1 7 1 1 12 9 1 12 9 1 12 9 1 12 9 1 12 9 1 100 1 7 1 1 12 10 1 100 1 1 12 10 12 10 1 1 1 1 1 7 1 1 12 10 1 7 1 1 12 11 1 7 12 9 1 1 1 1 1
staticfield java/lang/invoke/LambdaForm$MH+0x0000757cd41b0400 _D_0 Ljava/lang/invoke/LambdaForm; java/lang/invoke/LambdaForm
ciInstanceKlass java/lang/invoke/LambdaForm$MH+0x0000757cd41b1000 1 1 65 1 7 1 100 1 1 1 1 1 1 1 7 1 1 12 9 1 7 1 1 12 10 1 12 9 1 7 1 7 1 1 12 10 1 1 12 10 1 12 10 1 1 1 1 1 7 1 1 12 10 1 7 1 1 12 11 1 7 12 9 1 1 1 1
staticfield java/lang/invoke/LambdaForm$MH+0x0000757cd41b1000 _D_0 Ljava/lang/invoke/LambdaForm; java/lang/invoke/LambdaForm
ciInstanceKlass java/lang/invoke/LambdaForm$MH+0x0000757cd41b1c00 1 1 69 1 7 1 100 1 1 1 1 1 1 1 7 1 1 12 9 1 12 9 1 12 9 1 12 9 1 7 1 1 12 10 1 7 1 7 1 1 12 10 1 1 12 10 1 1 1 1 1 7 1 1 12 10 1 7 1 1 12 11 1 7 12 9 1 1 1 1 1
staticfield java/lang/invoke/LambdaForm$MH+0x0000757cd41b1c00 _D_0 Ljava/lang/invoke/LambdaForm; java/lang/invoke/LambdaForm
ciInstanceKlass java/lang/invoke/LambdaForm$MH+0x0000757cd41b2000 1 1 49 1 7 1 100 1 1 1 1 1 1 1 7 1 7 1 1 12 10 1 7 1 1 12 10 1 1 1 1 1 7 1 1 12 10 1 7 1 1 12 11 1 7 12 9 1 1 1 1
staticfield java/lang/invoke/LambdaForm$MH+0x0000757cd41b2000 _D_0 Ljava/lang/invoke/LambdaForm; java/lang/invoke/LambdaForm
ciInstanceKlass java/lang/invoke/LambdaForm$DMH+0x0000757cd41b2400 1 1 49 1 7 1 100 1 1 1 1 1 1 1 7 1 1 12 10 1 7 1 7 1 1 12 10 1 1 1 1 1 7 1 1 12 10 1 7 1 1 12 11 1 7 12 9 1 1 1 1
staticfield java/lang/invoke/LambdaForm$DMH+0x0000757cd41b2400 _D_0 Ljava/lang/invoke/LambdaForm; java/lang/invoke/LambdaForm
ciInstanceKlass java/lang/invoke/LambdaForm$MH+0x0000757cd41b3400 1 1 70 1 7 1 100 1 1 1 1 1 1 1 7 1 1 12 9 1 12 9 1 12 9 1 12 9 1 12 9 1 100 1 7 1 1 12 10 1 100 1 1 12 10 12 10 1 1 1 1 1 7 1 1 12 10 1 7 1 1 12 11 1 7 12 9 1 1 1 1 1
staticfield java/lang/invoke/LambdaForm$MH+0x0000757cd41b3400 _D_0 Ljava/lang/invoke/LambdaForm; java/lang/invoke/LambdaForm
ciInstanceKlass java/lang/invoke/LambdaForm$MH+0x0000757cd41b3c00 1 1 66 1 7 1 100 1 1 1 1 1 1 1 7 1 1 12 9 1 12 9 1 12 9 1 12 9 1 7 1 1 12 10 1 7 1 7 1 1 12 10 1 1 1 1 1 1 7 1 1 12 10 1 7 1 1 12 11 1 7 12 9 1 1 1 1 1
staticfield java/lang/invoke/LambdaForm$MH+0x0000757cd41b3c00 _D_0 Ljava/lang/invoke/LambdaForm; java/lang/invoke/LambdaForm
ciInstanceKlass java/lang/invoke/LambdaForm$MH+0x0000757cd41b4000 1 1 49 1 7 1 100 1 1 1 1 1 1 1 7 1 7 1 1 12 10 1 7 1 1 12 10 1 1 1 1 1 7 1 1 12 10 1 7 1 1 12 11 1 7 12 9 1 1 1 1
staticfield java/lang/invoke/LambdaForm$MH+0x0000757cd41b4000 _D_0 Ljava/lang/invoke/LambdaForm; java/lang/invoke/LambdaForm
ciInstanceKlass java/lang/invoke/LambdaForm$MH+0x0000757cd41b4c00 1 1 70 1 7 1 100 1 1 1 1 1 1 1 7 1 1 12 9 1 12 9 1 12 9 1 12 9 1 12 9 1 100 1 7 1 1 12 10 1 100 1 1 12 10 12 10 1 1 1 1 1 7 1 1 12 10 1 7 1 1 12 11 1 7 12 9 1 1 1 1 1
staticfield java/lang/invoke/LambdaForm$MH+0x0000757cd41b4c00 _D_0 Ljava/lang/invoke/LambdaForm; java/lang/invoke/LambdaForm
ciInstanceKlass java/lang/invoke/LambdaForm$MH+0x0000757cd41b5c00 1 1 66 1 7 1 100 1 1 1 1 1 1 1 7 1 1 12 9 1 12 9 1 12 9 1 12 9 1 7 1 1 12 10 1 7 1 7 1 1 12 10 1 1 1 1 1 1 7 1 1 12 10 1 7 1 1 12 11 1 7 12 9 1 1 1 1 1
staticfield java/lang/invoke/LambdaForm$MH+0x0000757cd41b5c00 _D_0 Ljava/lang/invoke/LambdaForm; java/lang/invoke/LambdaForm
ciInstanceKlass java/lang/invoke/LambdaForm$MH+0x0000757cd41b6000 1 1 49 1 7 1 100 1 1 1 1 1 1 1 7 1 7 1 1 12 10 1 7 1 1 12 10 1 1 1 1 1 7 1 1 12 10 1 7 1 1 12 11 1 7 12 9 1 1 1 1
staticfield java/lang/invoke/LambdaForm$MH+0x0000757cd41b6000 _D_0 Ljava/lang/invoke/LambdaForm; java/lang/invoke/LambdaForm
ciInstanceKlass java/lang/invoke/LambdaForm$MH+0x0000757cd41f8800 1 1 70 1 7 1 100 1 1 1 1 1 1 1 7 1 1 12 9 1 12 9 1 12 9 1 12 9 1 12 9 1 100 1 7 1 1 12 10 1 100 1 1 12 10 12 10 1 1 1 1 1 7 1 1 12 10 1 7 1 1 12 11 1 7 12 9 1 1 1 1 1
staticfield java/lang/invoke/LambdaForm$MH+0x0000757cd41f8800 _D_0 Ljava/lang/invoke/LambdaForm; java/lang/invoke/LambdaForm
ciInstanceKlass java/lang/invoke/LambdaForm$MH+0x0000757cd41f9800 1 1 66 1 7 1 100 1 1 1 1 1 1 1 7 1 1 12 9 1 12 9 1 12 9 1 12 9 1 7 1 1 12 10 1 7 1 7 1 1 12 10 1 1 1 1 1 1 7 1 1 12 10 1 7 1 1 12 11 1 7 12 9 1 1 1 1 1
staticfield java/lang/invoke/LambdaForm$MH+0x0000757cd41f9800 _D_0 Ljava/lang/invoke/LambdaForm; java/lang/invoke/LambdaForm
ciInstanceKlass java/lang/invoke/LambdaForm$MH+0x0000757cd41f9c00 1 1 49 1 7 1 100 1 1 1 1 1 1 1 7 1 7 1 1 12 10 1 7 1 1 12 10 1 1 1 1 1 7 1 1 12 10 1 7 1 1 12 11 1 7 12 9 1 1 1 1
staticfield java/lang/invoke/LambdaForm$MH+0x0000757cd41f9c00 _D_0 Ljava/lang/invoke/LambdaForm; java/lang/invoke/LambdaForm
ciInstanceKlass java/lang/invoke/LambdaForm$MH+0x0000757cd41fa400 1 1 70 1 7 1 100 1 1 1 1 1 1 1 7 1 1 12 9 1 12 9 1 12 9 1 12 9 1 12 9 1 100 1 7 1 1 12 10 1 100 1 1 12 10 12 10 1 1 1 1 1 7 1 1 12 10 1 7 1 1 12 11 1 7 12 9 1 1 1 1 1
staticfield java/lang/invoke/LambdaForm$MH+0x0000757cd41fa400 _D_0 Ljava/lang/invoke/LambdaForm; java/lang/invoke/LambdaForm
ciInstanceKlass android/os/Looper 1 1 427 1 7 1 7 1 100 1 1 1 1 1 1 1 1 1 8 1 1 1 1 1 1 1 1 1 1 1 1 1 1 1 12 10 12 9 1 7 1 1 12 10 1 100 1 8 1 1 12 10 12 10 1 1 12 10 1 1 1 12 9 1 100 1 8 10 1 1 12 10 1 100 1 100 1 1 1 8 12 9 1 100 1 1 12 10 1 7 1 1 12 10 12 9 1 100 12 10 1 8 1 1 12 10 1 100 1 1 12 9 1 12 10 1 8 1 1 12 9 1 8 1 1 12 9 1 12 10 1 1 12 10 1 100 1 12 11 1 100 1 1 12 10 1 8 1 8 1 100 1 1 12 10 1 8 1 8 1 1 12 10 1 12 10 1 8 1 100 1 1 12 10 1 12 10 1 1 1 1 1 1 1 1 1 1 1 1 1 1 1 1 10 1 7 1 1 12 10 12 9 1 1 1 1 12 10 1 1 1 1 100 1 12 10 1 1 12 10 1 1 1 12 10 1 1 1 1 1 12 10 1 1 10 1 8 1 12 10 1 1 1 1 8 10 1 8 1 12 10 1 12 10 1 8 1 100 1 1 12 10 1 100 1 12 10 1 8 1 10 12 10 15 3 1 7 1 1 12 10 15 12 18 12 10 15 18 1 12 10 15 12 18 1 12 10 15 12 18 1 12 10 15 12 18 12 10 15 18 1 12 10 15 1 12 10 15 1 12 18 1 12 10 15 12 18 1 12 10 10 1 12 10 15 1 12 18 1 12 10 15 1 12 18 12 10 15 1 12 18 1 12 10 15 12 18 1 12 10 15 1 12 18 12 10 15 1 12 18 1 12 10 15 1 12 18 1 12 10 15 1 12 18 12 10 15 12 18 12 10 15 1 12 18 12 10 15 1 12 18 1 1 7 1 1 12 10 12 9 1 1 12 10 15 1 1 12 18 1 1 1 1 1 1 1 1 1 1
ciInstanceKlass java/lang/invoke/LambdaForm$MH+0x0000757cd4209800 1 1 47 1 7 1 100 1 1 1 1 1 1 1 7 1 1 12 10 1 7 1 1 12 10 1 1 1 1 1 7 1 1 12 10 1 7 1 1 12 11 1 7 12 9 1 1 1 1
staticfield java/lang/invoke/LambdaForm$MH+0x0000757cd4209800 _D_0 Ljava/lang/invoke/LambdaForm; java/lang/invoke/LambdaForm
ciInstanceKlass java/lang/invoke/LambdaForm$DMH+0x0000757cd420a400 1 1 49 1 7 1 100 1 1 1 1 1 1 1 7 1 1 12 10 1 7 1 7 1 1 12 10 1 1 1 1 1 7 1 1 12 10 1 7 1 1 12 11 1 7 12 9 1 1 1 1
staticfield java/lang/invoke/LambdaForm$DMH+0x0000757cd420a400 _D_0 Ljava/lang/invoke/LambdaForm; java/lang/invoke/LambdaForm
ciInstanceKlass java/lang/invoke/LambdaForm$MH+0x0000757cd422d800 1 1 70 1 7 1 100 1 1 1 1 1 1 1 7 1 1 12 9 1 12 9 1 12 9 1 12 9 1 12 9 1 100 1 7 1 1 12 10 1 100 1 1 12 10 12 10 1 1 1 1 1 7 1 1 12 10 1 7 1 1 12 11 1 7 12 9 1 1 1 1 1
staticfield java/lang/invoke/LambdaForm$MH+0x0000757cd422d800 _D_0 Ljava/lang/invoke/LambdaForm; java/lang/invoke/LambdaForm
ciInstanceKlass java/lang/invoke/LambdaForm$MH+0x0000757cd422e400 1 1 65 1 7 1 100 1 1 1 1 1 1 1 7 1 1 12 9 1 7 1 1 12 10 1 12 9 1 7 1 7 1 1 12 10 1 1 12 10 1 12 10 1 1 1 1 1 7 1 1 12 10 1 7 1 1 12 11 1 7 12 9 1 1 1 1
staticfield java/lang/invoke/LambdaForm$MH+0x0000757cd422e400 _D_0 Ljava/lang/invoke/LambdaForm; java/lang/invoke/LambdaForm
ciInstanceKlass java/lang/invoke/LambdaForm$DMH+0x0000757cd422e800 1 1 49 1 7 1 100 1 1 1 1 1 1 1 7 1 1 12 10 1 7 1 7 1 1 12 10 1 1 1 1 1 7 1 1 12 10 1 7 1 1 12 11 1 7 12 9 1 1 1 1
staticfield java/lang/invoke/LambdaForm$DMH+0x0000757cd422e800 _D_0 Ljava/lang/invoke/LambdaForm; java/lang/invoke/LambdaForm
ciInstanceKlass java/lang/invoke/LambdaForm$MH+0x0000757cd422f000 1 1 69 1 7 1 100 1 1 1 1 1 1 1 7 1 1 12 9 1 12 9 1 12 9 1 12 9 1 7 1 1 12 10 1 7 1 7 1 1 12 10 1 1 12 10 1 1 1 1 1 7 1 1 12 10 1 7 1 1 12 11 1 7 12 9 1 1 1 1 1
staticfield java/lang/invoke/LambdaForm$MH+0x0000757cd422f000 _D_0 Ljava/lang/invoke/LambdaForm; java/lang/invoke/LambdaForm
ciInstanceKlass java/lang/invoke/LambdaForm$MH+0x0000757cd422f400 1 1 49 1 7 1 100 1 1 1 1 1 1 1 7 1 7 1 1 12 10 1 7 1 1 12 10 1 1 1 1 1 7 1 1 12 10 1 7 1 1 12 11 1 7 12 9 1 1 1 1
staticfield java/lang/invoke/LambdaForm$MH+0x0000757cd422f400 _D_0 Ljava/lang/invoke/LambdaForm; java/lang/invoke/LambdaForm
ciInstanceKlass java/lang/invoke/LambdaForm$MH+0x0000757cd422f800 1 1 47 1 7 1 100 1 1 1 1 1 1 1 1 12 9 1 7 1 7 1 1 12 9 1 1 1 1 1 7 1 1 12 10 1 7 1 1 12 11 1 7 12 9 1 1 1 1
staticfield java/lang/invoke/LambdaForm$MH+0x0000757cd422f800 _D_0 Ljava/lang/invoke/LambdaForm; java/lang/invoke/LambdaForm
staticfield java/lang/invoke/LambdaForm$MH+0x0000757cd422f800 _D_1 Ljava/lang/invoke/MethodHandle; java/lang/invoke/BoundMethodHandle$Species_I
ciInstanceKlass android/database/sqlite/SQLiteDatabase$CursorFactory 1 0 15 1 100 1 100 1 100 1 1 100 1 1 1 1 1
instanceKlass android/database/CursorWindow
instanceKlass android/database/sqlite/SQLiteProgram
instanceKlass android/database/sqlite/SQLiteDatabase
ciInstanceKlass android/database/sqlite/SQLiteClosable 1 1 131 1 7 1 7 1 100 1 100 1 1 1 1 1 1 1 12 9 1 1 1 1 1 12 10 1 1 100 1 100 1 12 10 1 8 1 1 12 10 1 12 10 1 1 12 10 1 12 10 1 100 1 1 1 1 1 12 10 1 1 12 10 1 12 10 10 1 12 10 15 3 1 7 1 1 12 10 15 1 12 18 12 10 15 12 18 1 12 10 15 12 18 12 10 15 12 18 1 12 10 15 12 18 1 12 10 15 12 18 12 9 1 1 12 10 15 1 1 12 18 1 1 1 1 1 1 1 1 1 1 1
ciInstanceKlass android/database/sqlite/SQLiteDatabase 1 1 1522 1 7 1 7 1 100 1 1 1 1 1 100 1 1 100 1 1 100 1 7 1 100 1 100 1 1 1 1 1 1 8 1 1 3 1 1 1 1 1 1 1 1 1 1 1 1 1 1 1 1 1 1 1 1 3 1 3 1 3 1 3 1 3 1 3 1 1 1 3 1 1 1 1 3 1 3 1 3 1 3 1 1 1 1 1 12 10 12 9 1 7 1 12 10 12 9 1 7 1 1 12 10 12 9 12 9 1 7 10 12 9 1 7 1 12 10 12 9 1 1 1 1 1 1 1 7 1 100 1 1 7 1 1 12 10 1 12 10 1 1 1 12 10 1 12 10 12 9 12 9 1 7 1 1 12 10 1 7 10 1 1 1 1 1 100 1 12 10 1 1 1 1 1 1 12 9 1 1 12 10 1 100 1 1 12 10 1 12 11 1 1 1 7 1 12 10 1 7 1 1 12 10 1 12 10 1 1 1 1 12 10 1 1 1 1 7 1 1 12 10 1 12 10 1 1 1 1 1 12 10 1 1 1 1 1 1 1 12 10 1 12 10 1 12 10 1 12 10 1 12 10 1 1 100 1 1 1 12 10 1 1 12 10 1 1 12 10 1 1 12 10 1 1 5 0 1 1 12 10 1 1 1 1 1 1 1 12 10 1 1 1 1 1 100 1 12 10 1 1 1 1 12 10 1 12 10 1 12 10 1 1 1 1 100 1 12 10 1 1 12 10 1 1 1 1 1 1 100 1 8 1 12 10 1 12 10 1 7 10 1 1 12 10 1 8 1 12 10 10 1 8 1 8 1 1 12 10 1 12 10 1 8 10 1 1 12 10 1 1 1 1 1 1 1 1 1 100 1 1 100 1 12 10 12 9 1 1 12 10 1 1 1 1 1 100 1 100 1 12 10 12 10 1 8 1 8 1 100 1 1 12 10 10 1 1 1 12 9 1 100 10 1 12 10 8 12 10 1 1 12 10 1 1 1 8 12 10 1 1 1 100 12 10 1 1 12 9 1 100 1 1 12 10 12 10 1 1 1 1 1 1 1 1 8 1 7 1 1 12 10 1 7 1 1 12 10 1 12 10 1 1 8 1 12 10 1 12 10 1 1 1 1 8 1 12 10 1 1 1 1 8 1 12 10 1 1 1 1 1 1 8 1 1 1 8 1 1 1 1 1 1 1 1 1 1 100 1 1 12 10 1 1 12 10 1 1 12 10 1 100 1 8 10 1 1 1 1 1 1 7 1 7 1 12 10 1 1 1 1 1 12 10 1 1 1 1 1 1 1 1 1 1 1 1 1 1 100 1 1 12 10 1 12 10 1 1 12 10 1 1 12 10 1 1 1 1 1 1 1 1 7 1 12 10 1 7 1 12 11 1 1 100 1 100 1 1 1 1 12 10 1 8 1 12 10 1 1 1 1 1 1 1 1 1 1 8 12 9 1 8 1 12 10 1 100 1 12 10 1 1 12 10 1 100 1 1 12 11 1 100 1 12 11 1 12 11 1 8 1 8 1 12 10 1 8 1 8 1 8 1 8 1 12 10 10 1 1 1 1 1 1 1 1 1 100 1 1 1 8 1 8 1 12 10 1 1 1 1 1 1 12 10 1 1 8 10 1 8 1 8 1 8 1 1 1 1 1 12 10 1 1 8 1 1 1 12 10 12 9 1 12 10 1 1 1 1 1 12 10 1 1 1 1 12 10 1 1 12 9 1 1 1 8 1 1 12 9 1 1 100 1 1 8 1 12 9 1 1 1 1 12 9 1 1 1 8 1 12 10 1 1 12 10 1 8 1 8 1 12 10 3 1 1 1 1 1 10 1 12 10 10 1 1 12 10 1 1 1 1 10 1 1 10 1 1 12 10 1 1 1 1 1 12 10 1 1 1 1 1 100 1 12 11 10 1 1 1 1 100 1 8 1 12 10 1 8 1 12 10 1 100 1 12 11 1 1 12 11 11 1 1 1 1 1 1 12 10 1 8 10 1 8 1 8 1 100 11 11 1 12 11 1 8 1 12 9 1 8 1 12 10 1 12 10 1 8 1 1 12 10 1 8 1 12 9 1 8 12 10 1 1 1 1 1 1 1 1 1 8 1 1 8 1 8 1 1 7 1 12 10 10 1 8 1 8 1 8 1 8 1 8 1 12 10 10 1 12 10 15 1 7 1 1 12 10 15 1 12 18 12 10 15 12 18 1 12 10 15 12 18 12 10 15 1 12 18 12 10 15 1 12 10 15 18 1 12 10 15 12 18 12 10 15 1 12 18 12 10 15 18 12 10 15 1 12 18 1 12 10 15 12 18 12 10 15 1 12 18 12 10 15 18 12 10 15 12 18 1 12 10 15 12 18 1 12 10 15 1 12 18 1 12 10 15 12 18 12 10 15 1 12 18 12 10 15 12 18 12 10 15 12 18 1 12 10 15 1 12 18 1 12 10 15 12 18 1 12 10 15 12 18 1 12 10 15 12 18 1 12 10 15 12 18 12 10 15 1 12 18 12 10 15 1 12 18 1 12 10 15 1 12 18 12 10 15 18 12 10 15 18 12 10 15 12 18 12 10 15 18 12 10 15 12 18 1 12 10 15 12 18 1 12 10 15 12 18 12 10 15 12 18 12 10 15 12 18 1 12 10 15 12 18 1 12 10 15 1 12 18 12 10 15 1 12 18 1 12 10 15 1 12 18 1 12 10 15 1 12 18 1 12 10 15 1 12 18 12 10 15 12 18 1 12 10 15 1 12 18 1 12 10 15 1 12 18 12 10 15 1 12 18 12 10 15 18 12 10 15 1 12 18 12 10 15 1 12 18 12 10 15 1 12 18 12 10 15 1 12 18 12 10 15 1 12 18 12 10 15 1 12 18 12 10 15 1 12 18 12 10 15 1 12 18 12 10 15 1 12 18 12 10 15 1 12 18 12 10 15 1 12 18 1 12 10 15 1 12 18 1 12 10 15 12 18 1 12 10 15 12 18 1 12 10 15 12 18 12 10 15 1 12 18 12 10 15 1 12 18 1 12 10 15 1 12 18 12 10 15 1 12 18 12 10 15 1 12 18 12 10 15 12 18 12 10 15 1 12 18 1 12 10 15 12 18 12 10 15 12 18 1 12 10 15 12 18 1 12 10 15 12 18 1 12 10 15 1 12 18 12 10 15 12 18 1 12 10 15 1 12 18 1 12 10 15 12 18 1 12 10 15 12 18 1 12 10 15 12 18 12 10 15 12 18 1 12 10 15 12 18 1 12 10 15 12 18 12 10 15 1 12 18 12 10 15 18 1 12 10 15 12 18 12 10 15 1 12 18 12 10 15 1 12 18 1 12 10 15 12 18 12 10 15 12 18 12 10 15 12 18 1 1 7 1 1 12 10 12 9 1 1 12 10 15 1 1 12 18 1 1 1 1 1 1 1 1 1 1 1 1 1 1
ciInstanceKlass android/database/DatabaseErrorHandler 1 0 11 1 100 1 100 1 100 1 1 1 1
ciInstanceKlass org/robolectric/util/PerfStatsCollector$ThrowingRunnable 1 0 19 100 1 100 1 1 1 1 100 1 1 1 1 1 1 1 100 1 1
ciInstanceKlass java/lang/invoke/LambdaForm$MH+0x0000757cd4284800 1 1 70 1 7 1 100 1 1 1 1 1 1 1 7 1 1 12 9 1 12 9 1 12 9 1 12 9 1 12 9 1 100 1 7 1 1 12 10 1 100 1 1 12 10 12 10 1 1 1 1 1 7 1 1 12 10 1 7 1 1 12 11 1 7 12 9 1 1 1 1 1
staticfield java/lang/invoke/LambdaForm$MH+0x0000757cd4284800 _D_0 Ljava/lang/invoke/LambdaForm; java/lang/invoke/LambdaForm
ciInstanceKlass java/lang/invoke/LambdaForm$MH+0x0000757cd4285800 1 1 65 1 7 1 100 1 1 1 1 1 1 1 7 1 1 12 9 1 7 1 1 12 10 1 12 9 1 7 1 7 1 1 12 10 1 1 12 10 1 12 10 1 1 1 1 1 7 1 1 12 10 1 7 1 1 12 11 1 7 12 9 1 1 1 1
staticfield java/lang/invoke/LambdaForm$MH+0x0000757cd4285800 _D_0 Ljava/lang/invoke/LambdaForm; java/lang/invoke/LambdaForm
ciInstanceKlass java/lang/invoke/LambdaForm$MH+0x0000757cd4286400 1 1 69 1 7 1 100 1 1 1 1 1 1 1 7 1 1 12 9 1 12 9 1 12 9 1 12 9 1 7 1 1 12 10 1 7 1 7 1 1 12 10 1 1 12 10 1 1 1 1 1 7 1 1 12 10 1 7 1 1 12 11 1 7 12 9 1 1 1 1 1
staticfield java/lang/invoke/LambdaForm$MH+0x0000757cd4286400 _D_0 Ljava/lang/invoke/LambdaForm; java/lang/invoke/LambdaForm
ciInstanceKlass java/lang/invoke/LambdaForm$MH+0x0000757cd4286800 1 1 49 1 7 1 100 1 1 1 1 1 1 1 7 1 7 1 1 12 10 1 7 1 1 12 10 1 1 1 1 1 7 1 1 12 10 1 7 1 1 12 11 1 7 12 9 1 1 1 1
staticfield java/lang/invoke/LambdaForm$MH+0x0000757cd4286800 _D_0 Ljava/lang/invoke/LambdaForm; java/lang/invoke/LambdaForm
ciInstanceKlass java/lang/invoke/LambdaForm$DMH+0x0000757cd4288000 1 1 49 1 7 1 100 1 1 1 1 1 1 1 7 1 1 12 10 1 7 1 7 1 1 12 10 1 1 1 1 1 7 1 1 12 10 1 7 1 1 12 11 1 7 12 9 1 1 1 1
staticfield java/lang/invoke/LambdaForm$DMH+0x0000757cd4288000 _D_0 Ljava/lang/invoke/LambdaForm; java/lang/invoke/LambdaForm
ciInstanceKlass java/lang/invoke/LambdaForm$MH+0x0000757cd4289800 1 1 47 1 7 1 100 1 1 1 1 1 1 1 7 1 1 12 10 1 7 1 1 12 10 1 1 1 1 1 7 1 1 12 10 1 7 1 1 12 11 1 7 12 9 1 1 1 1
staticfield java/lang/invoke/LambdaForm$MH+0x0000757cd4289800 _D_0 Ljava/lang/invoke/LambdaForm; java/lang/invoke/LambdaForm
ciInstanceKlass java/lang/invoke/LambdaForm$MH+0x0000757cd428e400 1 1 70 1 7 1 100 1 1 1 1 1 1 1 7 1 1 12 9 1 12 9 1 12 9 1 12 9 1 12 9 1 100 1 7 1 1 12 10 1 100 1 1 12 10 12 10 1 1 1 1 1 7 1 1 12 10 1 7 1 1 12 11 1 7 12 9 1 1 1 1 1
staticfield java/lang/invoke/LambdaForm$MH+0x0000757cd428e400 _D_0 Ljava/lang/invoke/LambdaForm; java/lang/invoke/LambdaForm
ciInstanceKlass java/lang/invoke/LambdaForm$MH+0x0000757cd428f400 1 1 69 1 7 1 100 1 1 1 1 1 1 1 7 1 1 12 9 1 12 9 1 12 9 1 12 9 1 7 1 1 12 10 1 7 1 7 1 1 12 10 1 1 12 10 1 1 1 1 1 7 1 1 12 10 1 7 1 1 12 11 1 7 12 9 1 1 1 1 1
staticfield java/lang/invoke/LambdaForm$MH+0x0000757cd428f400 _D_0 Ljava/lang/invoke/LambdaForm; java/lang/invoke/LambdaForm
ciInstanceKlass android/os/CancellationSignal 1 1 186 1 7 1 7 1 100 1 1 1 1 1 100 1 100 1 1 100 1 1 1 1 1 1 1 1 1 1 1 1 1 1 1 1 12 9 1 100 1 1 12 10 1 100 1 12 10 1 1 100 12 9 12 9 12 9 1 12 11 1 100 1 12 11 1 12 10 1 1 1 1 1 12 10 1 1 1 1 100 1 12 10 1 1 1 12 10 1 1 1 12 9 1 1 12 10 10 1 12 10 15 3 1 7 1 1 12 10 15 1 12 18 12 10 15 1 12 18 1 12 10 15 12 18 12 10 15 12 18 1 12 10 15 1 12 18 1 12 10 15 1 12 18 12 10 15 12 18 1 12 10 15 1 12 10 15 12 18 1 12 10 15 12 18 12 9 1 1 12 10 15 1 1 12 18 1 1 1 1 1 1 1 1 1 1 1
ciInstanceKlass java/lang/invoke/LambdaForm$MH+0x0000757cd42a4800 1 1 70 1 7 1 100 1 1 1 1 1 1 1 7 1 1 12 9 1 12 9 1 12 9 1 12 9 1 12 9 1 100 1 7 1 1 12 10 1 100 1 1 12 10 12 10 1 1 1 1 1 7 1 1 12 10 1 7 1 1 12 11 1 7 12 9 1 1 1 1 1
staticfield java/lang/invoke/LambdaForm$MH+0x0000757cd42a4800 _D_0 Ljava/lang/invoke/LambdaForm; java/lang/invoke/LambdaForm
ciInstanceKlass java/lang/invoke/LambdaForm$MH+0x0000757cd42a5800 1 1 69 1 7 1 100 1 1 1 1 1 1 1 7 1 1 12 9 1 12 9 1 12 9 1 12 9 1 7 1 1 12 10 1 7 1 7 1 1 12 10 1 1 12 10 1 1 1 1 1 7 1 1 12 10 1 7 1 1 12 11 1 7 12 9 1 1 1 1 1
staticfield java/lang/invoke/LambdaForm$MH+0x0000757cd42a5800 _D_0 Ljava/lang/invoke/LambdaForm; java/lang/invoke/LambdaForm
ciInstanceKlass java/lang/invoke/LambdaForm$MH+0x0000757cd42a7400 1 1 49 1 7 1 100 1 1 1 1 1 1 1 7 1 7 1 1 12 10 1 7 1 1 12 10 1 1 1 1 1 7 1 1 12 10 1 7 1 1 12 11 1 7 12 9 1 1 1 1
staticfield java/lang/invoke/LambdaForm$MH+0x0000757cd42a7400 _D_0 Ljava/lang/invoke/LambdaForm; java/lang/invoke/LambdaForm
ciInstanceKlass java/lang/invoke/LambdaForm$MH+0x0000757cd42c1000 1 1 47 1 7 1 100 1 1 1 1 1 1 1 7 1 1 12 10 1 7 1 1 12 10 1 1 1 1 1 7 1 1 12 10 1 7 1 1 12 11 1 7 12 9 1 1 1 1
staticfield java/lang/invoke/LambdaForm$MH+0x0000757cd42c1000 _D_0 Ljava/lang/invoke/LambdaForm; java/lang/invoke/LambdaForm
instanceKlass androidx/room/RoomOpenHelper
ciInstanceKlass androidx/sqlite/db/SupportSQLiteOpenHelper$Callback 1 1 267 1 7 1 7 1 1 1 12 10 1 1 12 9 1 1 1 1 1 1 8 1 7 1 1 12 10 1 1 1 1 1 1 100 1 100 10 1 8 1 1 12 10 1 12 10 1 8 1 1 12 10 1 12 10 1 1 1 1 1 100 1 8 1 8 1 12 10 1 8 1 100 1 1 12 10 1 100 1 1 12 11 1 12 11 1 12 10 1 1 12 11 1 12 11 1 100 1 1 12 11 1 100 1 12 11 1 1 12 11 1 100 1 1 12 9 1 8 1 12 10 1 100 1 1 1 1 1 1 1 1 1 1 1 1 1 1 100 1 100 1 100 1 8 1 100 1 1 12 10 1 100 1 1 12 11 1 1 12 11 1 1 12 10 1 1 12 11 10 1 8 1 12 10 1 100 1 12 9 1 100 10 1 100 1 1 12 10 1 12 10 1 8 1 8 1 12 10 1 8 12 10 1 1 1 1 1 1 1 1 1 1 1 1 1 1 1 1 1 1 7 1 12 10 1 1 12 9 1 1 1 1 3 3 3 1 1 3 1 1 1 1 1 1 100 1 1 100 1 1 100 1 1 1 1 1 1 1 1 1 1 1 1 1 1 1 1
staticfield androidx/sqlite/db/SupportSQLiteOpenHelper$Callback Companion Landroidx/sqlite/db/SupportSQLiteOpenHelper$Callback$Companion; androidx/sqlite/db/SupportSQLiteOpenHelper$Callback$Companion
instanceKlass android/database/sqlite/SQLiteTableLockedException
instanceKlass android/database/sqlite/SQLiteReadOnlyDatabaseException
instanceKlass android/database/sqlite/SQLiteOutOfMemoryException
instanceKlass android/database/sqlite/SQLiteMisuseException
instanceKlass android/database/sqlite/SQLiteDoneException
instanceKlass android/database/sqlite/SQLiteDatatypeMismatchException
instanceKlass android/database/sqlite/SQLiteCantOpenDatabaseException
instanceKlass android/database/sqlite/SQLiteBlobTooBigException
instanceKlass android/database/sqlite/SQLiteAccessPermException
instanceKlass android/database/sqlite/SQLiteDiskIOException
instanceKlass android/database/sqlite/SQLiteFullException
instanceKlass android/database/sqlite/SQLiteConstraintException
instanceKlass android/database/sqlite/SQLiteAbortException
instanceKlass android/database/sqlite/SQLiteBindOrColumnIndexOutOfRangeException
instanceKlass android/database/sqlite/SQLiteDatabaseLockedException
instanceKlass android/database/sqlite/SQLiteDatabaseCorruptException
ciInstanceKlass android/database/sqlite/SQLiteException 0 0 77 1 100 1 100 1 100 1 1 1 1 1 1 1 1 1 1 1 1 1 1 12 10 1 12 10 1 12 10 15 3 1 100 1 1 12 10 15 1 12 18 12 10 12 10 15 1 12 18 12 10 12 10 15 1 12 18 12 9 1 1 12 10 15 1 1 12 18 1 1 1 1 1 1 1 1 1
instanceKlass androidx/sqlite/db/framework/FrameworkSQLiteOpenHelper$OpenHelper
ciInstanceKlass android/database/sqlite/SQLiteOpenHelper 1 1 341 1 7 1 7 1 100 1 1 100 1 7 1 1 1 1 1 1 1 3 1 1 1 1 1 1 1 1 1 1 1 1 1 1 1 1 1 1 1 1 1 1 1 100 1 100 1 1 12 10 1 8 1 1 12 10 1 12 10 1 1 12 10 1 12 10 12 9 12 9 12 9 12 9 12 9 1 1 1 1 12 9 12 9 1 1 12 10 1 12 10 1 12 10 1 12 10 1 1 100 1 1 1 1 12 10 1 1 1 100 12 9 1 100 1 8 10 1 12 10 1 1 12 10 1 7 1 1 12 10 12 9 1 8 1 8 1 100 1 1 12 10 1 1 12 10 1 100 1 12 10 1 1 12 10 1 1 12 10 1 1 12 10 1 8 1 8 1 8 10 1 12 10 1 12 10 1 1 12 10 1 12 10 1 1 12 10 1 12 10 1 12 10 1 12 10 1 8 1 8 1 1 12 10 1 12 10 1 1 1 1 1 1 100 1 1 8 1 1 1 8 1 1 1 1 1 7 1 12 10 1 12 10 12 10 1 12 10 15 1 7 1 1 12 10 15 1 12 18 12 10 10 15 1 12 18 1 12 10 15 1 12 18 1 12 10 15 1 12 18 1 12 10 15 1 12 18 1 12 10 15 12 18 12 10 15 1 12 18 12 10 15 1 12 18 12 10 15 1 12 18 12 10 15 1 12 18 12 10 15 12 18 1 1 7 1 1 12 10 12 9 1 1 12 10 15 1 1 12 18 1 1 1 1 1 1 1 1 1 1 1
ciInstanceKlass androidx/sqlite/db/framework/FrameworkSQLiteOpenHelper$OpenHelper 1 1 365 1 7 1 7 1 1 1 1 1 8 1 7 1 1 12 10 1 8 1 8 1 7 1 1 12 9 1 16 1 1 12 10 15 1 7 1 1 12 10 15 1 1 12 18 1 12 10 1 12 9 1 12 9 1 12 9 1 1 12 9 1 7 1 7 1 1 12 10 1 1 12 10 1 8 1 12 10 1 7 1 1 12 10 1 12 10 1 1 12 9 1 1 1 1 1 100 1 7 1 1 1 1 1 1 1 1 1 1 1 12 9 1 12 10 1 12 10 1 12 9 1 1 12 10 1 1 12 10 12 10 1 12 10 1 1 12 10 1 7 1 1 1 1 7 1 7 1 100 1 100 1 1 12 10 1 7 1 12 10 1 12 10 1 12 10 1 8 1 100 12 10 1 8 1 1 12 10 1 12 10 10 1 100 1 1 12 10 1 12 10 10 5 0 1 100 1 1 12 10 1 1 12 10 1 1 12 10 1 100 1 1 12 9 1 100 1 1 12 10 1 100 1 1 12 10 1 1 1 1 1 1 1 1 1 1 1 100 1 1 12 10 1 8 1 12 10 1 8 1 1 12 9 1 7 1 12 10 1 1 12 10 1 1 12 9 1 12 10 1 1 1 12 10 1 12 9 1 1 1 8 1 12 10 1 1 12 10 12 10 1 12 9 1 12 10 1 12 9 1 12 10 1 12 9 1 1 12 10 1 1 12 10 1 8 1 8 1 8 12 10 1 1 12 10 1 1 3 3 3 1 1 3 1 1 1 1 1 1 1 1 1 1 1 100 1 1 100 1 1 100 1 1 1 1 1 1 1 1 1 1 1 1 1 1
staticfield androidx/sqlite/db/framework/FrameworkSQLiteOpenHelper$OpenHelper Companion Landroidx/sqlite/db/framework/FrameworkSQLiteOpenHelper$OpenHelper$Companion; androidx/sqlite/db/framework/FrameworkSQLiteOpenHelper$OpenHelper$Companion
ciInstanceKlass androidx/sqlite/db/framework/FrameworkSQLiteOpenHelper$OpenHelper$CallbackException 0 0 66 1 100 1 100 1 1 1 1 8 1 100 1 1 12 10 1 8 1 12 10 1 12 9 1 12 9 1 1 1 1 1 1 1 1 3 3 3 1 1 3 1 1 1 1 1 1 1 1 100 1 100 1 1 1 100 1 1 1 1 1 1 1 1 1 1
ciInstanceKlass dalvik/system/BlockGuard 1 1 142 1 7 1 100 1 100 1 1 1 1 1 100 1 1 7 1 1 7 1 7 1 1 1 1 3 1 3 1 3 1 3 1 3 1 3 1 3 1 1 1 1 1 1 1 12 9 1 7 1 1 12 10 1 1 1 100 1 8 1 1 12 10 1 1 12 10 1 1 1 1 1 1 12 10 12 9 10 1 12 10 15 3 1 7 1 1 12 10 15 12 18 1 12 10 15 12 18 1 12 10 10 1 12 10 15 1 12 10 15 1 12 18 1 1 7 1 1 12 10 12 9 1 1 12 10 15 1 1 12 18 1 1 1 1 1 1 1 1 1 1 1
ciInstanceKlass dalvik/system/BlockGuard$Policy 1 0 19 1 100 1 100 1 100 1 1 100 1 1 1 1 1 1 1 1 1
ciInstanceKlass android/database/sqlite/SQLiteDatabase$1 1 1 79 1 7 1 1 7 1 100 1 1 7 1 1 1 1 1 1 1 1 1 1 12 9 1 12 10 1 1 12 10 1 12 10 1 1 12 10 1 12 10 15 3 1 7 1 1 12 10 15 1 12 18 12 10 15 1 12 18 12 9 1 1 12 10 15 1 1 12 18 1 1 1 1 1 1 1 1 1 1
ciInstanceKlass android/database/sqlite/SQLiteSession 1 1 516 1 7 1 7 1 100 1 1 1 1 1 100 1 7 1 1 1 1 1 1 1 1 1 1 1 1 1 1 3 1 3 1 3 1 1 1 1 1 100 1 8 1 1 12 10 12 9 1 1 1 1 1 12 9 1 1 12 9 1 12 9 1 1 1 1 12 10 1 12 10 1 1 1 1 1 1 1 1 100 1 100 1 12 10 1 1 12 10 1 8 1 7 1 1 12 10 1 8 1 8 1 100 1 12 11 1 8 1 1 12 10 1 12 10 1 1 1 1 100 1 1 12 10 1 12 9 1 1 12 9 1 100 12 10 1 1 12 10 1 1 12 9 1 12 9 1 12 11 1 12 11 1 1 12 10 1 8 1 1 1 1 1 1 1 1 12 10 1 1 12 10 1 1 1 1 1 100 12 9 1 7 1 1 12 10 1 12 9 1 100 1 1 12 10 1 1 1 8 1 1 12 10 1 1 1 1 1 1 1 1 12 10 1 1 1 1 1 1 12 10 1 1 1 1 12 10 1 1 1 1 12 10 1 1 1 1 12 10 1 1 12 10 1 1 1 8 1 100 1 12 10 1 1 12 10 1 1 1 1 1 1 1 7 1 1 12 10 1 12 10 1 12 10 1 12 10 1 1 12 9 1 12 10 1 1 12 10 1 1 100 1 8 10 1 1 8 1 1 12 10 1 8 1 12 9 1 12 10 1 1 1 1 7 1 12 10 1 12 10 10 1 12 10 15 1 7 1 1 12 10 15 1 12 18 1 12 10 15 1 12 18 12 10 15 12 18 1 12 10 15 12 18 12 10 15 1 12 18 12 10 15 12 18 12 10 15 1 12 18 12 10 15 1 12 18 12 10 15 1 12 18 1 12 10 15 1 12 18 12 10 15 1 12 18 12 10 15 1 12 18 12 10 15 1 12 18 12 10 15 1 12 18 12 10 15 1 12 18 12 10 15 1 12 18 12 10 15 1 12 18 12 10 15 12 18 12 10 15 1 12 18 12 10 15 1 12 18 12 10 15 1 12 18 12 10 15 12 18 12 10 15 12 18 12 10 15 12 18 12 10 15 12 18 12 10 15 1 12 18 12 10 15 1 12 18 1 1 7 1 1 12 10 12 9 1 1 12 10 15 1 1 12 18 1 1 1 1 1 1 1 1 1 1 1 1
ciInstanceKlass android/database/sqlite/SQLiteTransactionListener 0 0 13 1 100 1 100 1 100 1 1 1 1 1 1
ciInstanceKlass android/database/sqlite/SQLiteDatabaseConfiguration 1 1 202 1 7 1 7 1 100 1 1 1 1 1 1 1 1 1 1 1 8 1 1 1 1 1 1 1 1 1 1 1 1 1 1 1 7 1 1 12 10 12 9 1 100 1 8 1 12 10 12 9 1 1 12 10 12 9 12 9 12 9 1 7 1 1 12 10 12 9 1 1 1 1 8 1 12 10 1 1 1 7 1 1 12 10 1 8 12 9 1 12 10 1 1 12 10 1 1 1 1 12 10 1 1 1 12 10 12 9 1 7 1 1 12 10 1 8 1 100 1 12 10 1 1 8 1 1 12 10 1 12 10 10 1 12 10 15 3 1 7 1 1 12 10 15 1 12 18 12 10 15 1 12 18 12 10 15 12 18 1 12 10 15 1 12 18 12 10 15 1 12 10 15 18 1 1 7 1 1 12 10 12 9 1 1 12 10 15 1 1 12 18 1 1 1 1 1 1 1 1 1 1 1
ciInstanceKlass android/database/sqlite/SQLiteConnectionPool 1 1 980 1 7 1 7 1 100 1 100 1 1 1 1 1 7 1 1 7 1 1 100 1 100 1 100 1 1 100 1 100 1 1 100 1 100 1 1 1 1 1 1 8 1 1 5 0 1 1 1 1 1 1 1 1 1 1 1 1 1 1 1 1 1 1 1 1 1 1 1 1 3 1 3 1 3 1 1 1 1 7 1 1 12 10 12 9 1 1 12 10 12 9 1 7 10 12 9 1 7 10 12 9 1 7 10 12 9 1 7 12 10 12 9 1 12 10 1 1 1 1 1 7 1 1 12 10 1 12 10 1 1 1 100 1 8 1 12 10 10 1 12 10 1 1 1 12 10 12 9 12 9 1 8 12 10 1 1 1 12 10 12 10 1 12 10 1 12 10 1 1 12 10 1 100 10 1 8 1 1 12 10 1 12 9 1 8 1 12 10 1 8 1 8 1 1 12 10 1 100 1 1 12 10 1 12 10 1 1 1 1 12 9 3 1 1 12 10 1 100 1 8 10 1 12 10 12 9 10 1 100 10 1 12 9 1 8 1 12 10 1 12 10 1 12 10 1 12 10 1 1 1 1 1 1 12 10 1 1 1 1 1 1 1 1 12 10 1 8 1 12 10 1 7 1 12 10 1 1 12 10 10 12 9 1 1 12 10 1 1 1 1 1 100 1 12 9 1 12 10 1 8 1 12 10 1 1 12 10 1 12 9 1 1 1 1 1 12 10 1 1 12 10 1 1 1 1 12 10 1 1 12 10 1 7 1 12 11 1 1 12 11 1 1 12 10 1 7 11 1 12 10 1 1 1 1 1 12 9 1 12 10 1 1 1 1 8 1 8 1 8 1 8 1 12 10 1 12 10 1 1 1 12 10 1 12 10 1 1 12 10 1 1 10 1 8 1 1 1 12 10 1 1 8 1 8 1 1 12 10 1 12 10 1 12 11 1 12 11 1 1 12 10 1 1 1 1 1 1 1 1 12 10 1 1 12 10 1 1 12 10 1 1 12 10 1 100 1 1 12 10 1 100 1 1 12 10 1 1 12 10 12 9 1 12 9 1 12 9 1 12 9 1 12 10 1 1 12 10 1 12 9 1 1 12 10 5 0 1 7 1 1 12 10 1 12 10 1 12 9 1 12 9 1 1 12 10 1 1 12 10 1 1 1 1 1 1 1 1 1 1 1 100 1 1 100 10 1 1 12 9 1 1 12 10 1 1 1 8 1 8 1 12 10 1 12 10 1 8 1 12 10 1 8 1 8 1 100 1 1 12 10 1 8 4 1 12 10 1 8 1 12 10 1 8 1 8 1 8 1 8 1 8 1 8 1 8 1 1 1 1 1 1 1 1 1 1 1 1 1 12 9 1 12 9 1 12 9 1 1 1 1 1 12 10 1 1 1 1 12 10 1 1 1 12 10 1 12 9 1 8 1 8 12 10 1 1 1 1 1 1 7 1 12 10 1 1 8 1 12 9 1 12 10 1 1 1 1 8 1 100 1 1 12 10 1 8 1 12 9 1 8 1 100 1 12 11 1 8 1 12 10 1 8 1 8 1 12 10 1 8 1 8 1 8 1 12 10 1 8 1 8 1 8 1 8 1 8 1 8 1 8 1 1 1 1 1 1 8 1 1 1 1 1 1 12 10 1 1 1 7 1 12 10 1 12 10 1 12 10 15 3 1 7 1 1 12 10 15 1 12 18 12 10 15 1 12 18 12 10 15 1 12 10 15 12 18 12 10 15 12 18 12 10 15 12 18 12 10 15 1 12 18 12 10 15 12 18 1 12 10 15 1 12 18 1 12 10 15 1 12 18 12 10 15 1 12 18 1 12 10 15 1 12 18 12 10 15 1 12 18 12 10 15 1 12 18 1 12 10 15 12 18 12 10 15 12 18 12 10 15 12 18 12 10 15 12 18 12 10 15 12 18 12 10 15 12 18 12 10 15 12 18 12 10 15 1 12 18 12 10 15 12 18 12 10 15 12 18 12 10 15 1 12 18 12 10 15 12 18 12 10 15 1 12 18 12 10 15 1 12 18 12 10 15 1 12 18 12 10 15 1 12 18 12 10 15 18 12 10 15 12 18 12 10 15 12 18 12 10 15 1 12 18 12 10 15 12 18 12 10 15 1 12 18 12 10 15 1 12 18 1 1 7 1 1 12 10 12 9 1 1 12 10 15 1 12 18 1 1 1 1 1 1 1 1 1 1 1 1 1
ciInstanceKlass android/os/CancellationSignal$OnCancelListener 1 0 15 1 100 1 100 1 100 1 1 100 1 1 1 1 1
ciInstanceKlass android/database/sqlite/SQLiteConnection 1 1 1422 1 7 1 7 1 100 1 100 1 1 1 1 1 100 1 7 1 1 7 1 1 7 1 1 7 1 1 100 1 7 1 1 100 1 1 7 1 7 1 1 1 1 1 1 8 1 1 3 1 1 1 1 1 1 1 1 1 1 1 1 1 1 1 1 1 1 1 1 1 1 1 1 1 1 1 1 1 1 1 1 1 1 1 1 1 1 1 1 1 1 1 1 1 1 1 1 1 1 1 1 1 1 1 1 1 1 1 1 1 1 1 1 1 1 1 1 1 1 1 1 1 1 1 7 1 1 12 10 12 9 1 1 12 10 12 9 12 9 1 7 1 12 10 12 9 12 9 12 9 1 12 9 12 9 1 12 9 1 12 10 12 9 1 8 1 1 12 10 1 1 1 1 1 1 1 100 1 1 1 7 12 9 1 12 10 1 1 12 10 1 12 10 1 1 1 100 12 10 12 10 1 1 1 1 1 12 9 1 12 9 1 12 9 1 12 9 1 12 10 1 12 10 1 12 10 1 12 10 1 12 10 1 12 10 1 12 10 1 1 12 9 1 7 1 1 12 10 1 12 10 1 100 1 12 10 1 1 1 1 1 1 12 10 12 10 1 1 12 10 1 12 10 1 12 10 1 1 12 10 1 1 1 1 1 12 10 1 7 1 12 10 1 8 1 1 12 10 1 7 12 10 1 8 1 1 12 10 1 12 10 1 1 12 10 1 1 12 10 1 1 1 12 10 1 8 1 8 1 1 12 10 1 8 1 8 1 1 12 9 1 8 1 8 1 3 1 8 1 12 10 1 12 10 1 12 10 1 12 10 1 12 10 1 1 8 1 1 12 10 1 1 12 10 1 7 1 1 12 10 1 8 1 1 8 1 1 12 10 1 8 1 8 1 8 1 8 1 8 1 1 100 1 8 1 8 1 8 1 8 1 8 1 8 1 8 1 8 1 8 1 100 1 1 12 10 1 1 1 100 1 1 12 9 1 7 10 1 12 10 1 8 1 8 1 8 1 8 1 8 1 8 1 8 1 8 1 8 1 8 1 12 10 1 1 1 1 1 12 9 1 12 10 10 1 12 10 1 12 10 1 1 1 1 1 1 1 12 10 1 1 1 1 1 1 100 1 8 12 10 1 8 1 1 12 10 1 12 9 1 7 1 12 9 1 12 9 12 9 1 12 9 1 12 10 12 9 1 12 9 1 12 10 1 1 12 10 1 1 12 10 1 1 1 1 1 8 1 12 10 1 1 12 10 1 12 10 1 1 12 10 1 12 10 1 12 10 1 1 1 1 100 1 8 1 12 10 1 8 1 12 10 1 1 1 8 1 12 10 1 100 1 1 12 10 1 1 1 1 8 1 12 10 1 1 12 10 1 8 1 12 10 1 1 12 10 1 1 1 8 1 12 10 1 1 1 8 1 7 1 12 10 1 8 1 12 9 1 12 10 1 12 10 1 12 10 1 8 1 12 10 1 8 1 8 1 8 1 8 1 12 10 1 1 1 1 1 1 1 1 1 1 12 9 1 12 10 1 12 10 1 7 1 1 12 10 1 12 10 1 1 12 10 1 12 10 1 1 12 10 1 12 9 1 12 10 1 1 1 1 1 12 10 1 12 9 1 12 10 1 12 10 1 1 12 10 1 1 12 10 12 9 1 12 10 1 1 12 10 1 12 9 1 100 10 1 1 12 10 1 1 100 1 8 1 8 1 8 10 1 1 12 10 1 12 10 1 7 1 1 12 10 1 12 10 1 1 12 10 1 12 10 7 1 12 10 1 7 1 12 10 10 1 12 10 1 1 1 1 8 10 1 1 1 1 1 12 10 1 12 11 1 12 11 1 1 1 12 10 1 1 1 1 1 8 1 8 1 100 1 12 11 1 8 1 100 1 1 12 10 1 8 1 12 10 1 8 1 12 10 1 12 10 1 1 12 10 1 1 1 1 12 10 1 8 1 8 1 1 12 10 1 12 10 1 8 10 1 8 12 10 1 1 12 10 1 8 1 8 1 8 1 8 1 12 10 1 8 1 12 10 10 1 1 1 1 1 1 1 1 1 8 1 8 1 12 10 1 12 10 10 1 1 8 1 12 9 1 12 9 10 1 12 9 1 1 12 9 1 7 1 1 12 10 1 8 1 100 1 12 10 1 1 1 1 1 1 12 10 1 1 12 9 1 1 7 1 12 10 1 8 1 1 12 10 1 12 10 15 3 1 7 1 1 12 10 15 18 1 12 10 15 18 1 12 10 15 18 1 12 10 15 18 1 12 10 15 18 1 12 10 15 18 1 12 10 15 18 1 12 10 15 18 1 12 10 15 18 1 12 10 15 18 1 12 10 15 18 1 12 10 15 18 1 12 10 15 18 1 12 10 15 18 1 12 10 15 18 1 12 10 15 18 1 12 10 15 18 1 12 10 15 18 1 12 10 15 18 1 12 10 15 18 1 12 10 15 18 1 12 10 15 18 1 12 10 15 18 1 12 10 15 18 1 12 10 15 18 1 12 10 15 18 1 12 10 10 1 12 10 15 1 12 10 15 1 12 18 12 10 15 1 12 18 12 10 15 12 18 12 10 15 12 18 12 10 15 12 18 12 10 15 1 12 18 12 10 15 12 18 12 10 15 12 18 12 10 15 12 18 12 10 15 12 18 12 10 15 12 18 12 10 15 1 12 18 12 10 15 18 12 10 15 12 18 12 10 15 12 18 1 12 10 15 1 12 18 1 12 10 15 12 18 1 12 10 15 1 12 18 1 12 10 15 1 12 18 1 12 10 15 1 12 18 12 10 15 1 12 18 12 10 15 1 12 18 12 10 15 1 12 18 12 10 15 1 12 18 12 10 15 1 12 18 12 10 15 1 12 18 12 10 15 12 18 12 10 15 1 12 18 12 10 15 1 12 18 12 10 15 12 18 12 10 15 12 18 12 10 15 1 12 18 12 10 15 12 18 1 12 10 15 12 18 12 10 15 1 12 18 12 10 15 12 18 12 10 15 18 12 10 15 12 18 12 10 15 1 12 18 12 10 15 12 18 1 12 10 15 1 12 18 12 10 15 1 12 18 1 12 10 15 12 18 12 10 15 1 12 18 12 10 15 12 18 12 10 15 1 12 18 12 10 15 12 18 12 10 15 18 1 1 7 1 1 12 10 12 9 1 1 12 10 15 1 1 12 18 1 1 1 1 1 1 1 1 1 1 1 1 1 1
ciInstanceKlass android/database/sqlite/SQLiteConnectionPool$ConnectionWaiter 1 1 92 1 7 1 7 1 100 1 1 1 1 1 7 1 1 100 1 1 1 1 1 1 1 1 1 1 1 1 1 1 1 1 1 1 1 1 1 1 1 1 1 1 1 12 10 1 12 10 1 12 10 15 3 1 7 1 1 12 10 15 1 12 18 12 10 10 15 1 12 18 12 9 1 1 12 10 15 1 1 12 18 1 1 1 1 1 1 1 1 1 1 1
ciInstanceKlass java/lang/invoke/LambdaForm$MH+0x0000757cd4337400 1 1 70 1 7 1 100 1 1 1 1 1 1 1 7 1 1 12 9 1 12 9 1 12 9 1 12 9 1 12 9 1 100 1 7 1 1 12 10 1 100 1 1 12 10 12 10 1 1 1 1 1 7 1 1 12 10 1 7 1 1 12 11 1 7 12 9 1 1 1 1 1
staticfield java/lang/invoke/LambdaForm$MH+0x0000757cd4337400 _D_0 Ljava/lang/invoke/LambdaForm; java/lang/invoke/LambdaForm
ciInstanceKlass java/lang/invoke/LambdaForm$MH+0x0000757cd4338000 1 1 65 1 7 1 100 1 1 1 1 1 1 1 7 1 1 12 9 1 7 1 1 12 10 1 12 9 1 7 1 7 1 1 12 10 1 1 12 10 1 12 10 1 1 1 1 1 7 1 1 12 10 1 7 1 1 12 11 1 7 12 9 1 1 1 1
staticfield java/lang/invoke/LambdaForm$MH+0x0000757cd4338000 _D_0 Ljava/lang/invoke/LambdaForm; java/lang/invoke/LambdaForm
ciInstanceKlass java/lang/invoke/LambdaForm$MH+0x0000757cd4338c00 1 1 69 1 7 1 100 1 1 1 1 1 1 1 7 1 1 12 9 1 12 9 1 12 9 1 12 9 1 7 1 1 12 10 1 7 1 7 1 1 12 10 1 1 12 10 1 1 1 1 1 7 1 1 12 10 1 7 1 1 12 11 1 7 12 9 1 1 1 1 1
staticfield java/lang/invoke/LambdaForm$MH+0x0000757cd4338c00 _D_0 Ljava/lang/invoke/LambdaForm; java/lang/invoke/LambdaForm
ciInstanceKlass java/lang/invoke/LambdaForm$MH+0x0000757cd4339000 1 1 49 1 7 1 100 1 1 1 1 1 1 1 7 1 7 1 1 12 10 1 7 1 1 12 10 1 1 1 1 1 7 1 1 12 10 1 7 1 1 12 11 1 7 12 9 1 1 1 1
staticfield java/lang/invoke/LambdaForm$MH+0x0000757cd4339000 _D_0 Ljava/lang/invoke/LambdaForm; java/lang/invoke/LambdaForm
ciInstanceKlass android/database/sqlite/SQLiteBindOrColumnIndexOutOfRangeException 0 0 66 1 100 1 100 1 100 1 1 1 1 1 1 1 1 1 1 1 12 10 1 12 10 1 12 10 15 3 1 100 1 1 12 10 15 1 12 18 12 10 12 10 15 1 12 18 12 9 1 1 12 10 15 1 1 12 18 1 1 1 1 1 1 1 1 1
ciInstanceKlass org/robolectric/shadows/ShadowNativeSQLiteConnection 1 1 443 10 7 12 1 1 1 10 7 12 1 1 1 10 7 12 1 1 10 7 12 1 1 1 8 1 18 12 1 1 10 12 1 1 7 1 10 12 1 1 18 12 1 1 10 12 1 18 12 1 18 12 1 18 12 1 7 1 10 12 1 1 18 7 1 10 12 1 1 18 7 1 18 12 1 18 18 18 12 1 18 18 18 12 1 18 12 1 18 12 1 18 12 1 18 12 1 18 12 1 18 18 18 12 1 18 18 18 12 1 18 12 1 18 12 1 18 12 1 10 7 12 1 1 1 10 12 1 1 10 12 1 1 10 12 1 1 10 12 1 1 10 12 1 1 10 12 1 1 10 12 1 1 10 12 1 10 12 1 1 10 12 1 1 10 12 1 1 10 12 1 1 10 12 1 1 10 12 1 1 10 12 1 1 10 12 1 1 10 12 1 10 12 1 10 12 1 1 10 12 1 10 12 1 1 10 12 1 1 10 12 1 1 10 12 1 10 12 1 10 12 1 10 12 1 1 10 12 1 10 1 1 1 1 1 1 1 1 1 1 1 1 1 1 1 1 1 3 1 1 1 3 3 1 1 1 1 1 3 1 3 1 1 1 1 1 1 1 1 1 1 1 1 1 1 1 1 3 1 1 1 1 1 1 7 1 1 1 1 1 1 1 1 1 1 1 1 1 1 1 1 1 1 1 1 1 1 1 1 1 1 1 1 1 1 1 1 1 1 1 1 1 1 1 1 3 1 3 1 16 1 15 10 12 16 1 16 15 10 12 15 10 12 15 10 12 15 10 12 16 1 15 10 12 16 1 15 10 12 16 1 15 10 12 15 10 12 15 10 12 15 10 12 15 10 12 15 10 12 15 10 12 15 10 12 15 10 12 15 10 12 15 10 12 15 10 12 15 10 12 15 10 12 15 10 12 15 10 12 15 10 12 15 10 12 15 10 12 15 10 12 15 10 12 15 10 7 12 1 1 1 1 100 1 1 100 1 1 100 1 100 1 1
ciInstanceKlass android/database/sqlite/SQLiteConnection$PreparedStatement 1 1 87 1 7 1 7 1 100 1 1 1 1 1 7 1 1 100 1 1 1 1 1 1 1 1 1 1 1 1 1 1 1 1 1 1 1 1 1 1 12 10 1 12 10 1 12 10 15 3 1 7 1 1 12 10 15 1 12 18 12 10 10 15 1 12 18 12 9 1 1 12 10 15 1 1 12 18 1 1 1 1 1 1 1 1 1 1 1
ciInstanceKlass android/database/sqlite/SQLiteConnection$OperationLog 1 1 340 1 7 1 7 1 100 1 1 1 1 1 7 1 7 1 1 1 100 1 1 1 1 3 1 3 1 3 1 1 1 1 1 1 12 9 1 1 1 1 12 9 1 1 12 10 1 1 12 9 1 1 12 9 1 1 12 9 1 7 1 12 10 1 8 1 7 1 1 12 10 15 1 1 12 18 1 1 12 9 1 1 12 9 1 12 9 12 10 1 7 1 1 12 10 1 1 12 10 1 1 12 10 1 12 9 1 1 1 1 1 1 1 1 1 100 1 100 100 1 100 1 1 1 1 12 10 1 1 1 100 1 1 1 1 12 10 1 1 12 10 1 1 1 1 1 12 9 1 7 1 12 9 1 1 12 10 1 1 100 10 1 1 12 10 1 8 1 1 12 10 1 8 1 1 12 10 1 100 1 1 12 10 1 1 1 12 9 1 1 1 1 1 1 8 1 100 1 1 12 11 1 8 1 12 10 1 8 1 1 12 10 1 8 1 8 1 1 1 1 1 1 1 12 10 10 1 12 10 15 3 1 1 12 10 15 1 12 18 1 12 10 15 1 12 18 1 12 10 15 1 12 18 1 12 10 15 1 12 18 1 12 10 15 1 12 18 1 12 10 15 1 12 18 12 10 15 12 18 12 10 15 12 18 12 10 15 1 12 18 12 10 15 1 12 18 1 12 10 15 1 12 18 1 12 10 15 1 12 18 12 10 10 15 1 12 18 12 9 1 1 12 10 15 1 1 12 18 1 1 1 1 1 1 1 1 1 1 1 1
ciInstanceKlass android/database/sqlite/SQLiteConnection$Operation 1 1 246 1 7 1 7 1 100 1 1 1 1 1 7 1 1 100 1 1 1 1 1 1 1 1 1 1 1 1 1 1 1 1 1 1 1 1 1 1 1 1 1 12 9 1 100 1 1 12 10 12 9 1 8 12 9 12 9 1 12 10 1 8 1 8 1 8 1 7 1 1 12 10 15 1 1 12 18 1 8 1 8 1 1 12 10 12 9 1 8 1 1 12 10 1 8 12 9 1 100 1 1 12 10 1 8 1 1 12 10 1 8 1 8 1 100 1 8 1 100 1 12 10 1 8 12 9 1 8 1 100 1 12 10 1 1 1 1 1 1 1 1 8 1 8 1 8 1 12 9 1 100 1 1 12 10 1 7 1 1 12 10 1 1 1 1 1 1 12 10 1 1 8 1 12 10 1 12 10 12 10 1 12 10 15 3 1 1 12 10 15 1 12 18 1 12 10 15 1 12 18 12 10 15 12 18 12 10 15 12 18 12 10 10 15 1 12 18 1 1 7 1 1 12 10 12 9 1 1 12 10 15 1 1 12 18 1 1 1 1 1 1 1 1 1 1 1
ciInstanceKlass android/database/sqlite/SQLiteConnection$1 0 0 41 1 100 1 100 1 100 1 1 100 1 1 1 1 12 10 1 12 10 12 9 1 100 1 1 12 10 15 1 1 12 18 1 1 1 1 1 1 1 1 1
instanceKlass android/database/sqlite/SQLiteConnection$PreparedStatementCache
ciInstanceKlass android/util/LruCache 1 1 361 1 7 1 1 7 1 100 1 1 7 1 100 1 1 1 1 1 1 1 1 1 1 1 1 1 1 1 1 1 100 1 8 1 1 12 10 12 9 1 7 4 1 12 10 12 9 1 1 1 1 1 12 10 1 100 1 1 1 1 100 1 8 10 1 12 10 12 9 12 9 1 12 10 12 9 1 1 12 10 12 9 1 1 12 10 1 1 12 10 1 1 1 1 1 1 1 1 8 12 9 1 1 1 1 1 12 10 1 100 1 100 1 12 10 1 1 12 10 1 100 1 1 12 10 1 1 12 10 1 8 1 12 10 10 1 8 1 7 1 1 12 10 15 1 1 12 18 1 1 12 11 1 12 11 1 12 10 12 9 1 1 1 1 1 1 1 1 1 1 1 1 1 1 12 10 1 8 1 12 10 1 8 1 1 1 1 1 1 1 1 1 1 1 1 1 1 1 12 10 1 1 8 1 100 1 1 12 10 1 100 1 1 12 10 1 1 1 12 10 10 1 12 10 15 3 1 1 12 10 15 1 12 18 1 12 10 15 12 18 12 10 15 1 12 18 12 10 15 1 12 18 12 10 15 12 18 12 10 15 12 18 12 10 15 1 12 18 12 10 15 12 18 12 10 15 1 12 18 12 10 15 12 18 1 12 10 15 1 12 18 12 10 15 1 12 18 12 10 15 12 18 12 10 15 12 18 12 10 15 12 18 12 10 15 12 18 12 10 15 12 18 12 10 15 12 18 1 12 10 15 1 12 18 12 10 15 1 12 18 12 9 1 1 12 10 15 1 1 12 18 1 1 1 1 1 1 1 1 1 1
ciInstanceKlass android/database/sqlite/SQLiteConnection$PreparedStatementCache 1 1 232 1 7 1 1 7 1 100 1 1 1 1 1 7 1 1 7 1 1 100 1 100 1 1 1 1 1 1 1 1 1 1 1 1 1 1 1 12 9 1 12 9 12 9 1 1 12 10 1 1 1 1 1 1 1 1 1 8 1 100 1 1 12 11 1 1 12 10 1 1 12 11 1 1 12 11 1 100 1 1 12 11 1 100 1 12 11 1 1 12 11 1 12 11 1 12 11 1 7 1 100 1 1 12 10 1 8 1 1 12 10 1 12 10 1 8 1 1 12 9 1 100 1 1 12 10 1 8 1 12 9 1 8 1 12 9 1 8 1 12 9 1 12 10 1 8 1 1 12 10 1 8 1 1 12 10 1 8 1 1 1 1 1 1 1 1 1 1 1 1 1 1 1 12 10 1 12 10 1 12 10 1 12 10 15 3 1 7 1 1 12 10 15 1 12 18 12 10 15 1 12 18 1 12 10 15 1 12 18 10 12 9 1 1 12 10 15 1 1 12 18 1 1 1 1 1 1 1 1 1 1 1
ciInstanceKlass android/database/sqlite/SQLiteDebug 1 1 193 1 7 1 100 1 100 1 1 1 1 1 100 1 1 100 1 1 1 1 1 1 1 1 1 1 1 1 1 1 1 1 1 8 1 100 1 1 12 10 1 1 1 1 1 1 1 12 10 1 12 10 1 100 1 1 12 10 1 1 12 9 1 1 1 1 1 8 1 100 1 1 12 10 1 1 12 10 1 1 1 1 1 1 1 1 1 1 1 100 100 1 1 8 1 7 1 1 12 10 12 9 1 8 12 9 1 8 12 9 1 7 1 12 9 12 9 1 12 10 15 3 1 100 1 1 12 10 15 18 1 12 10 10 1 12 10 15 3 1 12 10 15 1 12 18 1 12 10 15 12 18 1 12 10 15 12 18 1 12 10 15 12 18 1 1 7 1 1 12 10 12 9 1 1 12 10 15 1 1 12 18 1 1 1 1 1 1 1 1 1 1 1
ciInstanceKlass org/robolectric/nativeruntime/SQLiteConnectionNatives 1 1 67 10 100 12 1 1 1 100 1 1 1 1 1 1 1 1 1 1 1 1 1 1 1 1 1 1 1 1 1 1 1 1 1 1 1 1 1 1 1 1 1 1 1 1 1 1 1 1 1 1 1 1 1 1 1 1 1 1 1 1 1 1 1 1 1 1 1
ciInstanceKlass org/robolectric/shadows/ShadowSystem 1 1 57 10 100 12 1 1 1 10 7 12 1 1 1 9 7 12 1 1 1 10 100 12 1 1 1 9 100 12 1 1 1 10 7 12 1 1 10 12 1 1 10 12 1 100 1 1 1 1 1 1 1 1 1 1 100 1 1
ciInstanceKlass java/lang/invoke/LambdaForm$MH+0x0000757cd435c000 1 1 70 1 7 1 100 1 1 1 1 1 1 1 7 1 1 12 9 1 12 9 1 12 9 1 12 9 1 12 9 1 100 1 7 1 1 12 10 1 100 1 1 12 10 12 10 1 1 1 1 1 7 1 1 12 10 1 7 1 1 12 11 1 7 12 9 1 1 1 1 1
staticfield java/lang/invoke/LambdaForm$MH+0x0000757cd435c000 _D_0 Ljava/lang/invoke/LambdaForm; java/lang/invoke/LambdaForm
ciInstanceKlass java/lang/invoke/LambdaForm$MH+0x0000757cd435d800 1 1 66 1 7 1 100 1 1 1 1 1 1 1 7 1 1 12 9 1 12 9 1 12 9 1 12 9 1 7 1 1 12 10 1 7 1 7 1 1 12 10 1 1 1 1 1 1 7 1 1 12 10 1 7 1 1 12 11 1 7 12 9 1 1 1 1 1
staticfield java/lang/invoke/LambdaForm$MH+0x0000757cd435d800 _D_0 Ljava/lang/invoke/LambdaForm; java/lang/invoke/LambdaForm
ciInstanceKlass java/lang/invoke/LambdaForm$MH+0x0000757cd435dc00 1 1 49 1 7 1 100 1 1 1 1 1 1 1 7 1 7 1 1 12 10 1 7 1 1 12 10 1 1 1 1 1 7 1 1 12 10 1 7 1 1 12 11 1 7 12 9 1 1 1 1
staticfield java/lang/invoke/LambdaForm$MH+0x0000757cd435dc00 _D_0 Ljava/lang/invoke/LambdaForm; java/lang/invoke/LambdaForm
ciInstanceKlass java/lang/invoke/LambdaForm$MH+0x0000757cd435e400 1 1 41 1 7 1 100 1 1 1 1 1 1 1 7 1 1 12 10 1 1 1 1 1 7 1 1 12 10 1 7 1 1 12 11 1 7 12 9 1 1 1 1
staticfield java/lang/invoke/LambdaForm$MH+0x0000757cd435e400 _D_0 Ljava/lang/invoke/LambdaForm; java/lang/invoke/LambdaForm
ciInstanceKlass android/os/SystemClock 1 1 198 1 7 1 100 1 100 1 1 1 1 1 100 1 100 1 1 1 1 1 1 8 1 1 1 1 1 1 1 100 1 1 12 10 1 100 1 12 10 1 1 12 10 1 12 10 1 1 1 1 1 1 1 1 1 1 1 100 1 100 1 8 1 100 1 1 12 10 1 1 12 10 1 12 11 1 8 1 100 1 12 10 1 1 1 1 1 1 1 1 100 1 100 1 1 1 1 1 1 1 12 10 1 12 10 1 12 10 15 3 1 7 1 1 12 10 15 1 12 18 12 10 15 1 12 10 15 18 1 12 10 15 12 18 1 12 10 15 3 18 1 1 12 10 15 12 18 1 1 12 10 15 12 18 1 1 12 10 15 12 18 1 1 12 10 15 12 18 1 1 12 10 15 12 18 12 9 1 1 12 10 15 1 1 12 18 1 1 1 1 1 1 1 1 1 1 1 1
ciInstanceKlass org/robolectric/shadows/ShadowLegacySystemClock 1 1 112 10 7 12 1 1 1 10 100 12 1 1 1 10 100 12 1 1 1 7 1 5 0 9 12 1 1 9 100 12 1 1 1 10 12 1 1 10 12 1 10 12 1 1 9 12 1 10 12 1 10 12 1 5 0 9 12 1 1 10 12 1 100 1 8 1 10 12 1 10 12 1 1 1 1 3 1 1 1 1 1 1 1 1 1 1 1 1 1 1 1 1 1 1 1 1 3 1 1 1 1 1 1 1 1 1 1 3 1 100 1 1
ciInstanceKlass android/database/DatabaseUtils 1 1 1104 1 7 1 100 1 100 1 1 100 1 1 100 1 7 1 1 1 1 1 1 8 1 1 3 1 1 3 1 3 1 3 1 3 1 3 1 3 1 3 1 3 1 3 1 3 1 1 1 1 1 1 1 1 1 7 1 100 1 100 1 100 1 100 1 100 1 100 1 100 1 100 1 7 1 100 1 100 1 1 12 10 1 8 1 100 1 1 12 10 1 1 12 10 1 100 1 1 12 10 1 1 12 10 1 1 1 1 1 1 1 1 1 12 10 1 12 10 1 1 12 10 1 1 1 12 10 1 7 1 10 10 10 10 10 10 10 10 10 10 1 1 12 10 1 1 1 100 1 12 10 1 7 1 7 1 100 1 1 12 10 1 1 12 10 1 1 12 10 1 1 12 10 1 100 1 1 12 10 1 7 1 1 12 10 1 12 10 1 12 10 1 1 1 1 1 1 1 1 1 7 1 7 1 7 1 7 1 1 1 1 100 1 12 11 1 12 11 1 12 11 1 100 1 12 10 1 12 10 1 1 12 10 1 12 11 1 12 10 1 1 12 11 1 1 12 10 1 1 12 11 1 1 12 10 1 1 12 11 1 1 12 10 1 1 12 11 1 1 12 10 1 1 12 11 1 1 12 10 1 12 10 1 12 11 1 1 1 1 1 1 1 1 1 1 1 1 1 100 1 1 12 10 1 12 10 1 12 10 1 1 12 10 1 12 10 1 1 1 1 1 1 1 12 10 1 12 10 10 1 1 1 1 8 1 1 1 1 100 1 1 12 10 1 8 1 8 1 8 1 1 1 1 1 12 10 1 1 12 10 1 8 1 12 10 1 8 1 1 1 1 1 100 1 1 12 10 1 12 10 1 1 1 1 12 9 1 100 1 1 12 10 1 12 10 1 1 12 10 1 100 1 1 12 10 1 1 1 100 1 1 12 9 1 1 12 10 1 8 1 12 10 1 100 1 12 10 1 12 10 1 8 1 1 1 1 8 12 10 1 8 1 1 12 10 1 1 1 12 11 1 12 10 1 8 1 8 1 8 1 8 1 1 1 100 1 8 1 8 1 1 1 1 1 12 10 1 1 1 1 1 1 1 12 11 1 12 10 1 1 1 100 1 1 12 10 1 1 1 12 10 1 12 11 1 12 11 1 12 11 1 1 12 10 1 12 10 1 1 1 12 10 1 12 10 1 12 10 1 1 1 12 10 1 1 12 10 1 12 10 1 1 1 100 1 12 10 1 12 10 1 1 1 1 1 1 7 1 12 10 1 1 1 1 1 1 12 10 1 1 1 1 1 1 8 1 8 1 1 12 10 1 1 1 1 1 8 1 1 1 1 12 10 1 12 10 1 7 1 12 10 1 1 1 100 1 1 12 10 1 12 10 1 1 1 1 12 10 1 12 10 1 1 1 1 12 10 1 1 12 10 1 1 1 1 1 1 1 12 11 1 12 10 1 12 10 1 1 1 1 12 11 1 12 10 1 12 10 1 1 1 1 100 1 1 12 10 1 8 1 1 12 10 1 12 10 1 12 10 10 1 1 1 1 1 1 1 1 1 1 1 1 12 10 1 1 12 10 1 7 1 1 12 9 1 1 12 10 1 8 1 1 12 10 1 8 1 8 1 8 1 8 1 8 1 8 1 8 1 8 1 8 1 8 1 8 1 8 1 8 1 8 1 8 1 1 1 1 8 1 7 1 1 12 10 15 1 1 12 18 1 1 1 1 1 1 8 1 1 1 12 10 10 1 12 10 15 1 1 12 10 15 1 12 18 1 12 10 15 1 12 10 15 12 18 12 10 15 12 18 1 12 10 15 12 18 1 12 10 15 12 18 12 10 15 18 1 12 10 15 12 18 1 12 10 15 12 18 1 12 10 15 12 18 12 10 15 18 1 12 10 15 12 18 1 12 10 15 12 18 1 12 10 15 12 18 12 10 15 12 18 1 12 10 15 12 18 12 10 15 18 12 10 15 18 12 10 15 12 18 12 10 15 18 12 10 15 18 1 12 10 15 12 18 12 10 15 12 18 12 10 15 18 12 10 15 18 1 12 10 15 12 18 12 10 15 12 18 1 12 10 15 12 18 12 10 15 18 12 10 15 12 18 12 10 15 18 12 10 15 12 18 12 10 15 18 1 12 10 15 12 18 12 10 15 18 1 12 10 15 12 18 1 12 10 15 12 18 12 10 15 12 18 12 10 15 12 18 12 10 15 18 1 12 10 15 12 18 12 10 15 18 12 10 15 18 12 10 15 12 18 12 10 15 18 12 10 15 12 18 12 10 15 18 1 12 10 15 12 18 1 12 10 15 12 18 1 12 10 15 12 18 1 12 10 15 12 18 1 12 10 15 12 18 1 12 10 15 12 18 1 12 10 15 12 18 1 12 10 15 12 18 1 12 10 15 12 18 1 12 10 15 12 18 1 1 7 1 1 12 10 12 9 1 1 12 10 15 1 1 12 18 1 1 1 1 1 1 1 1 1 1 1 1
ciInstanceKlass java/lang/invoke/LambdaForm$MH+0x0000757cd4367400 1 1 65 1 7 1 100 1 1 1 1 1 1 1 7 1 1 12 9 1 7 1 1 12 10 1 12 9 1 7 1 7 1 1 12 10 1 1 12 10 1 12 10 1 1 1 1 1 7 1 1 12 10 1 7 1 1 12 11 1 7 12 9 1 1 1 1
staticfield java/lang/invoke/LambdaForm$MH+0x0000757cd4367400 _D_0 Ljava/lang/invoke/LambdaForm; java/lang/invoke/LambdaForm
ciInstanceKlass java/lang/invoke/LambdaForm$DMH+0x0000757cd4368800 1 1 52 1 7 1 100 1 1 1 1 1 1 1 7 1 1 12 10 1 12 10 1 7 1 7 1 1 12 10 1 1 1 1 1 7 1 1 12 10 1 7 1 1 12 11 1 7 12 9 1 1 1 1
staticfield java/lang/invoke/LambdaForm$DMH+0x0000757cd4368800 _D_0 Ljava/lang/invoke/LambdaForm; java/lang/invoke/LambdaForm
ciInstanceKlass org/robolectric/shadows/ShadowNativeSQLiteConnection$$Lambda$141+0x0000757cd436ce88 1 1 27 1 7 1 7 1 100 1 1 1 1 1 1 12 10 12 9 12 9 1 1 7 1 12 10 1 1
ciInstanceKlass org/robolectric/shadows/ShadowNativeSQLiteConnection$$Lambda$143+0x0000757cd436d500 1 1 27 1 7 1 7 1 100 1 1 1 1 1 1 12 10 12 9 12 9 1 1 7 1 12 10 1 1
ciInstanceKlass org/robolectric/shadows/ShadowNativeSQLiteConnection$$Lambda$145+0x0000757cd436d948 1 1 27 1 7 1 7 1 100 1 1 1 1 1 1 12 10 12 9 12 9 1 1 7 1 12 10 1 1
ciInstanceKlass android/database/sqlite/SQLiteSession$Transaction 1 1 83 1 7 1 7 1 100 1 1 1 1 1 7 1 1 100 1 1 1 1 1 1 1 1 1 1 1 1 1 1 1 1 1 1 12 10 1 12 10 1 12 10 15 3 1 7 1 1 12 10 15 1 12 18 12 10 10 15 1 12 18 12 9 1 1 12 10 15 1 1 12 18 1 1 1 1 1 1 1 1 1 1 1
ciInstanceKlass androidx/sqlite/db/framework/FrameworkSQLiteDatabase 1 1 515 1 7 1 7 1 100 1 1 1 1 8 1 7 1 1 12 10 1 12 10 1 12 9 1 1 1 1 1 8 1 7 1 7 1 12 10 1 8 1 12 10 1 12 10 1 7 1 1 12 10 1 12 10 1 1 1 8 12 10 1 1 12 10 1 12 10 1 12 10 1 1 12 10 1 12 10 1 12 10 1 12 10 1 1 1 1 12 10 1 1 12 10 1 1 1 1 12 10 1 1 1 12 10 1 1 1 100 1 12 9 1 1 1 1 100 1 1 12 9 1 12 10 1 100 1 100 10 1 8 1 1 12 10 1 12 10 1 1 12 10 1 12 10 1 1 1 12 10 1 12 10 1 1 8 1 7 10 1 7 1 12 10 1 8 12 10 1 7 1 12 10 1 7 1 16 1 1 12 10 15 1 7 1 1 12 10 15 1 1 12 18 1 12 11 1 1 12 9 1 1 12 10 1 8 1 1 1 1 1 3 1 1 12 10 1 1 12 10 15 1 12 18 1 7 1 12 10 1 1 1 1 1 100 1 8 1 8 1 1 12 10 1 1 1 1 1 8 1 100 1 12 11 1 8 1 8 12 10 1 1 12 9 1 100 1 100 1 1 12 10 1 12 11 1 1 1 1 1 1 1 1 7 100 1 1 1 100 1 12 10 1 8 1 100 10 10 1 8 1 12 9 1 8 1 1 12 10 1 100 1 1 12 11 1 100 1 12 11 1 1 12 11 1 8 1 8 1 1 12 10 1 8 1 100 1 1 12 10 1 1 1 1 1 1 1 1 1 12 10 12 10 1 12 10 1 12 10 1 1 12 10 1 1 12 10 1 1 1 8 12 10 1 1 12 10 1 1 1 1 1 12 10 1 1 1 12 10 1 12 10 1 1 12 10 1 1 1 12 10 1 12 10 1 1 100 12 10 1 1 8 1 1 12 10 1 8 1 1 12 11 1 7 1 1 1 1 1 1 1 8 1 100 1 100 1 12 10 1 1 12 11 1 100 1 12 10 1 1 1 1 1 7 1 12 10 1 12 9 1 8 1 8 1 8 1 8 1 8 1 1 3 3 3 1 1 3 1 1 1 1 1 1 1 1 1 1 1 1 1 1 100 1 1 100 1 1 100 1 1 1 1 1 1 1 1 1 1 1 1 1 1 1 1 1
staticfield androidx/sqlite/db/framework/FrameworkSQLiteDatabase Companion Landroidx/sqlite/db/framework/FrameworkSQLiteDatabase$Companion; androidx/sqlite/db/framework/FrameworkSQLiteDatabase$Companion
staticfield androidx/sqlite/db/framework/FrameworkSQLiteDatabase CONFLICT_VALUES [Ljava/lang/String; 6 [Ljava/lang/String;
staticfield androidx/sqlite/db/framework/FrameworkSQLiteDatabase EMPTY_STRING_ARRAY [Ljava/lang/String; 0 [Ljava/lang/String;
ciInstanceKlass java/lang/invoke/LambdaForm$DMH+0x0000757cd4373800 1 1 49 1 7 1 100 1 1 1 1 1 1 1 7 1 1 12 10 1 7 1 7 1 1 12 10 1 1 1 1 1 7 1 1 12 10 1 7 1 1 12 11 1 7 12 9 1 1 1 1
staticfield java/lang/invoke/LambdaForm$DMH+0x0000757cd4373800 _D_0 Ljava/lang/invoke/LambdaForm; java/lang/invoke/LambdaForm
ciInstanceKlass java/lang/invoke/LambdaForm$MH+0x0000757cd4374400 1 1 70 1 7 1 100 1 1 1 1 1 1 1 7 1 1 12 9 1 12 9 1 12 9 1 12 9 1 12 9 1 100 1 7 1 1 12 10 1 100 1 1 12 10 12 10 1 1 1 1 1 7 1 1 12 10 1 7 1 1 12 11 1 7 12 9 1 1 1 1 1
staticfield java/lang/invoke/LambdaForm$MH+0x0000757cd4374400 _D_0 Ljava/lang/invoke/LambdaForm; java/lang/invoke/LambdaForm
ciInstanceKlass java/lang/invoke/LambdaForm$MH+0x0000757cd4376000 1 1 69 1 7 1 100 1 1 1 1 1 1 1 7 1 1 12 9 1 12 9 1 12 9 1 12 9 1 7 1 1 12 10 1 7 1 7 1 1 12 10 1 1 12 10 1 1 1 1 1 7 1 1 12 10 1 7 1 1 12 11 1 7 12 9 1 1 1 1 1
staticfield java/lang/invoke/LambdaForm$MH+0x0000757cd4376000 _D_0 Ljava/lang/invoke/LambdaForm; java/lang/invoke/LambdaForm
ciInstanceKlass java/lang/invoke/LambdaForm$MH+0x0000757cd4376400 1 1 49 1 7 1 100 1 1 1 1 1 1 1 7 1 7 1 1 12 10 1 7 1 1 12 10 1 1 1 1 1 7 1 1 12 10 1 7 1 1 12 11 1 7 12 9 1 1 1 1
staticfield java/lang/invoke/LambdaForm$MH+0x0000757cd4376400 _D_0 Ljava/lang/invoke/LambdaForm; java/lang/invoke/LambdaForm
ciInstanceKlass java/lang/invoke/LambdaForm$MH+0x0000757cd438f000 1 1 47 1 7 1 100 1 1 1 1 1 1 1 7 1 1 12 10 1 7 1 1 12 10 1 1 1 1 1 7 1 1 12 10 1 7 1 1 12 11 1 7 12 9 1 1 1 1
staticfield java/lang/invoke/LambdaForm$MH+0x0000757cd438f000 _D_0 Ljava/lang/invoke/LambdaForm; java/lang/invoke/LambdaForm
ciInstanceKlass java/lang/invoke/LambdaForm$MH+0x0000757cd4395000 1 1 70 1 7 1 100 1 1 1 1 1 1 1 7 1 1 12 9 1 12 9 1 12 9 1 12 9 1 12 9 1 100 1 7 1 1 12 10 1 100 1 1 12 10 12 10 1 1 1 1 1 7 1 1 12 10 1 7 1 1 12 11 1 7 12 9 1 1 1 1 1
staticfield java/lang/invoke/LambdaForm$MH+0x0000757cd4395000 _D_0 Ljava/lang/invoke/LambdaForm; java/lang/invoke/LambdaForm
ciInstanceKlass java/lang/invoke/LambdaForm$MH+0x0000757cd4396400 1 1 69 1 7 1 100 1 1 1 1 1 1 1 7 1 1 12 9 1 12 9 1 12 9 1 12 9 1 7 1 1 12 10 1 7 1 7 1 1 12 10 1 1 12 10 1 1 1 1 1 7 1 1 12 10 1 7 1 1 12 11 1 7 12 9 1 1 1 1 1
staticfield java/lang/invoke/LambdaForm$MH+0x0000757cd4396400 _D_0 Ljava/lang/invoke/LambdaForm; java/lang/invoke/LambdaForm
ciInstanceKlass java/lang/invoke/LambdaForm$MH+0x0000757cd4396800 1 1 49 1 7 1 100 1 1 1 1 1 1 1 7 1 7 1 1 12 10 1 7 1 1 12 10 1 1 1 1 1 7 1 1 12 10 1 7 1 1 12 11 1 7 12 9 1 1 1 1
staticfield java/lang/invoke/LambdaForm$MH+0x0000757cd4396800 _D_0 Ljava/lang/invoke/LambdaForm; java/lang/invoke/LambdaForm
ciInstanceKlass java/lang/invoke/LambdaForm$MH+0x0000757cd43a9800 1 1 47 1 7 1 100 1 1 1 1 1 1 1 7 1 1 12 10 1 7 1 1 12 10 1 1 1 1 1 7 1 1 12 10 1 7 1 1 12 11 1 7 12 9 1 1 1 1
staticfield java/lang/invoke/LambdaForm$MH+0x0000757cd43a9800 _D_0 Ljava/lang/invoke/LambdaForm; java/lang/invoke/LambdaForm
ciInstanceKlass java/lang/invoke/LambdaForm$DMH+0x0000757cd43a9c00 1 1 49 1 7 1 100 1 1 1 1 1 1 1 7 1 1 12 10 1 7 1 7 1 1 12 10 1 1 1 1 1 7 1 1 12 10 1 7 1 1 12 11 1 7 12 9 1 1 1 1
staticfield java/lang/invoke/LambdaForm$DMH+0x0000757cd43a9c00 _D_0 Ljava/lang/invoke/LambdaForm; java/lang/invoke/LambdaForm
ciInstanceKlass java/lang/invoke/LambdaForm$MH+0x0000757cd43abc00 1 1 70 1 7 1 100 1 1 1 1 1 1 1 7 1 1 12 9 1 12 9 1 12 9 1 12 9 1 12 9 1 100 1 7 1 1 12 10 1 100 1 1 12 10 12 10 1 1 1 1 1 7 1 1 12 10 1 7 1 1 12 11 1 7 12 9 1 1 1 1 1
staticfield java/lang/invoke/LambdaForm$MH+0x0000757cd43abc00 _D_0 Ljava/lang/invoke/LambdaForm; java/lang/invoke/LambdaForm
ciInstanceKlass java/lang/invoke/LambdaForm$MH+0x0000757cd43ad400 1 1 65 1 7 1 100 1 1 1 1 1 1 1 7 1 1 12 9 1 7 1 1 12 10 1 12 9 1 7 1 7 1 1 12 10 1 1 12 10 1 12 10 1 1 1 1 1 7 1 1 12 10 1 7 1 1 12 11 1 7 12 9 1 1 1 1
staticfield java/lang/invoke/LambdaForm$MH+0x0000757cd43ad400 _D_0 Ljava/lang/invoke/LambdaForm; java/lang/invoke/LambdaForm
ciInstanceKlass java/lang/invoke/LambdaForm$MH+0x0000757cd43ae000 1 1 69 1 7 1 100 1 1 1 1 1 1 1 7 1 1 12 9 1 12 9 1 12 9 1 12 9 1 7 1 1 12 10 1 7 1 7 1 1 12 10 1 1 12 10 1 1 1 1 1 7 1 1 12 10 1 7 1 1 12 11 1 7 12 9 1 1 1 1 1
staticfield java/lang/invoke/LambdaForm$MH+0x0000757cd43ae000 _D_0 Ljava/lang/invoke/LambdaForm; java/lang/invoke/LambdaForm
ciInstanceKlass java/lang/invoke/LambdaForm$MH+0x0000757cd43ae400 1 1 49 1 7 1 100 1 1 1 1 1 1 1 7 1 7 1 1 12 10 1 7 1 1 12 10 1 1 1 1 1 7 1 1 12 10 1 7 1 1 12 11 1 7 12 9 1 1 1 1
staticfield java/lang/invoke/LambdaForm$MH+0x0000757cd43ae400 _D_0 Ljava/lang/invoke/LambdaForm; java/lang/invoke/LambdaForm
ciInstanceKlass java/lang/invoke/LambdaForm$MH+0x0000757cd43e7400 1 1 47 1 7 1 100 1 1 1 1 1 1 1 7 1 1 12 10 1 7 1 1 12 10 1 1 1 1 1 7 1 1 12 10 1 7 1 1 12 11 1 7 12 9 1 1 1 1
staticfield java/lang/invoke/LambdaForm$MH+0x0000757cd43e7400 _D_0 Ljava/lang/invoke/LambdaForm; java/lang/invoke/LambdaForm
ciInstanceKlass java/lang/invoke/LambdaForm$MH+0x0000757cd4772800 1 1 47 1 7 1 100 1 1 1 1 1 1 1 7 1 1 12 10 1 7 1 1 12 10 1 1 1 1 1 7 1 1 12 10 1 7 1 1 12 11 1 7 12 9 1 1 1 1
staticfield java/lang/invoke/LambdaForm$MH+0x0000757cd4772800 _D_0 Ljava/lang/invoke/LambdaForm; java/lang/invoke/LambdaForm
ciInstanceKlass android/database/sqlite/SQLiteConnectionPool$1 0 0 104 1 100 1 100 1 100 1 100 1 1 100 1 1 12 1 100 1 1 100 1 1 1 1 1 1 1 1 1 1 1 1 1 1 1 12 9 1 1 12 10 12 9 1 12 9 12 9 1 1 12 10 1 100 1 12 10 1 12 10 1 12 10 15 3 1 100 1 1 12 10 15 1 12 18 1 12 10 15 1 12 18 12 9 1 1 12 10 15 1 1 12 18 1 1 1 1 1 1 1 1 1 1 1
compile android/database/sqlite/SQLiteOpenHelper $$robo$$android_database_sqlite_SQLiteOpenHelper$getDatabaseLocked (Z)Landroid/database/sqlite/SQLiteDatabase; -1 4 inline 792 0 -1 android/database/sqlite/SQLiteOpenHelper $$robo$$android_database_sqlite_SQLiteOpenHelper$getDatabaseLocked (Z)Landroid/database/sqlite/SQLiteDatabase; 1 11 android/database/sqlite/SQLiteDatabase isOpen ()Z 2 1 java/lang/invoke/LambdaForm$MH+0x0000757cd41f9c00 linkToCallSite (Ljava/lang/Object;Ljava/lang/Object;)I 3 4 java/lang/invoke/Invokers getCallSiteTarget (Ljava/lang/invoke/CallSite;)Ljava/lang/invoke/MethodHandle; 4 1 java/lang/invoke/MutableCallSite getTarget ()Ljava/lang/invoke/MethodHandle; 3 13 java/lang/invoke/LambdaForm$MH+0x0000757cd41f9800 guard (Ljava/lang/Object;Ljava/lang/Object;)I 4 32 java/lang/invoke/LambdaForm$MH+0x0000757cd418e800 invoke (Ljava/lang/Object;Ljava/lang/Object;)I 5 14 java/lang/invoke/LambdaForm$MH+0x0000757cd4180400 invoke (Ljava/lang/Object;)Ljava/lang/Object; 6 20 java/lang/invoke/DirectMethodHandle$Holder invokeVirtual (Ljava/lang/Object;Ljava/lang/Object;)Ljava/lang/Object; 7 1 java/lang/invoke/DirectMethodHandle internalMemberName (Ljava/lang/Object;)Ljava/lang/Object; 7 10 java/lang/invoke/MutableCallSite getTarget ()Ljava/lang/invoke/MethodHandle; 5 35 java/lang/invoke/Invokers checkExactType (Ljava/lang/invoke/MethodHandle;Ljava/lang/invoke/MethodType;)V 6 1 java/lang/invoke/MethodHandle type ()Ljava/lang/invoke/MethodType; 5 39 java/lang/invoke/Invokers checkCustomized (Ljava/lang/invoke/MethodHandle;)V 5 43 java/lang/invoke/LambdaForm$MH+0x0000757cd422f800 invoke (Ljava/lang/Object;)I 4 70 java/lang/invoke/DelegatingMethodHandle$Holder delegate (Ljava/lang/Object;Ljava/lang/Object;)I 5 4 java/lang/invoke/MethodHandleImpl$CountingWrapper getTarget ()Ljava/lang/invoke/MethodHandle; 5 13 java/lang/invoke/LambdaForm$MH+0x0000757cd41f8800 guardWithCatch (Ljava/lang/Object;Ljava/lang/Object;)I 6 38 java/lang/invoke/DirectMethodHandle$Holder invokeSpecial (Ljava/lang/Object;Ljava/lang/Object;)I 7 1 java/lang/invoke/DirectMethodHandle internalMemberName (Ljava/lang/Object;)Ljava/lang/Object; 7 10 android/database/sqlite/SQLiteDatabase $$robo$$android_database_sqlite_SQLiteDatabase$isOpen ()Z 1 33 android/database/sqlite/SQLiteDatabase isReadOnly ()Z 2 1 java/lang/invoke/LambdaForm$MH+0x0000757cd41f9c00 linkToCallSite (Ljava/lang/Object;Ljava/lang/Object;)I 3 4 java/lang/invoke/Invokers getCallSiteTarget (Ljava/lang/invoke/CallSite;)Ljava/lang/invoke/MethodHandle; 4 1 java/lang/invoke/MutableCallSite getTarget ()Ljava/lang/invoke/MethodHandle; 3 13 java/lang/invoke/LambdaForm$MH+0x0000757cd41f9800 guard (Ljava/lang/Object;Ljava/lang/Object;)I 4 32 java/lang/invoke/LambdaForm$MH+0x0000757cd418e800 invoke (Ljava/lang/Object;Ljava/lang/Object;)I 5 14 java/lang/invoke/LambdaForm$MH+0x0000757cd4180400 invoke (Ljava/lang/Object;)Ljava/lang/Object; 6 20 java/lang/invoke/DirectMethodHandle$Holder invokeVirtual (Ljava/lang/Object;Ljava/lang/Object;)Ljava/lang/Object; 7 1 java/lang/invoke/DirectMethodHandle internalMemberName (Ljava/lang/Object;)Ljava/lang/Object; 7 10 java/lang/invoke/MutableCallSite getTarget ()Ljava/lang/invoke/MethodHandle; 5 35 java/lang/invoke/Invokers checkExactType (Ljava/lang/invoke/MethodHandle;Ljava/lang/invoke/MethodType;)V 6 1 java/lang/invoke/MethodHandle type ()Ljava/lang/invoke/MethodType; 5 39 java/lang/invoke/Invokers checkCustomized (Ljava/lang/invoke/MethodHandle;)V 5 43 java/lang/invoke/LambdaForm$MH+0x0000757cd422f800 invoke (Ljava/lang/Object;)I 4 70 java/lang/invoke/DelegatingMethodHandle$Holder delegate (Ljava/lang/Object;Ljava/lang/Object;)I 5 4 java/lang/invoke/MethodHandleImpl$CountingWrapper getTarget ()Ljava/lang/invoke/MethodHandle; 5 13 java/lang/invoke/LambdaForm$MH+0x0000757cd41f8800 guardWithCatch (Ljava/lang/Object;Ljava/lang/Object;)I 6 38 java/lang/invoke/DirectMethodHandle$Holder invokeSpecial (Ljava/lang/Object;Ljava/lang/Object;)I 7 1 java/lang/invoke/DirectMethodHandle internalMemberName (Ljava/lang/Object;)Ljava/lang/Object; 7 10 android/database/sqlite/SQLiteDatabase $$robo$$android_database_sqlite_SQLiteDatabase$isReadOnly ()Z 8 8 android/database/sqlite/SQLiteDatabase isReadOnlyLocked ()Z 9 1 java/lang/invoke/LambdaForm$MH+0x0000757cd41f9c00 linkToCallSite (Ljava/lang/Object;Ljava/lang/Object;)I 10 4 java/lang/invoke/Invokers getCallSiteTarget (Ljava/lang/invoke/CallSite;)Ljava/lang/invoke/MethodHandle; 11 1 java/lang/invoke/MutableCallSite getTarget ()Ljava/lang/invoke/MethodHandle; 10 13 java/lang/invoke/LambdaForm$MH+0x0000757cd41f9800 guard (Ljava/lang/Object;Ljava/lang/Object;)I 11 32 java/lang/invoke/LambdaForm$MH+0x0000757cd418e800 invoke (Ljava/lang/Object;Ljava/lang/Object;)I 12 14 java/lang/invoke/LambdaForm$MH+0x0000757cd4180400 invoke (Ljava/lang/Object;)Ljava/lang/Object; 13 20 java/lang/invoke/DirectMethodHandle$Holder invokeVirtual (Ljava/lang/Object;Ljava/lang/Object;)Ljava/lang/Object; 14 1 java/lang/invoke/DirectMethodHandle internalMemberName (Ljava/lang/Object;)Ljava/lang/Object; 14 10 java/lang/invoke/MutableCallSite getTarget ()Ljava/lang/invoke/MethodHandle; 12 35 java/lang/invoke/Invokers checkExactType (Ljava/lang/invoke/MethodHandle;Ljava/lang/invoke/MethodType;)V 13 1 java/lang/invoke/MethodHandle type ()Ljava/lang/invoke/MethodType; 12 39 java/lang/invoke/Invokers checkCustomized (Ljava/lang/invoke/MethodHandle;)V 12 43 java/lang/invoke/LambdaForm$MH+0x0000757cd422f800 invoke (Ljava/lang/Object;)I 11 70 java/lang/invoke/DelegatingMethodHandle$Holder delegate (Ljava/lang/Object;Ljava/lang/Object;)I 12 4 java/lang/invoke/MethodHandleImpl$CountingWrapper getTarget ()Ljava/lang/invoke/MethodHandle; 12 13 java/lang/invoke/LambdaForm$MH+0x0000757cd41f8800 guardWithCatch (Ljava/lang/Object;Ljava/lang/Object;)I 13 38 java/lang/invoke/DirectMethodHandle$Holder invokeSpecial (Ljava/lang/Object;Ljava/lang/Object;)I 14 1 java/lang/invoke/DirectMethodHandle internalMemberName (Ljava/lang/Object;)Ljava/lang/Object; 14 10 android/database/sqlite/SQLiteDatabase $$robo$$android_database_sqlite_SQLiteDatabase$isReadOnlyLocked ()Z 1 236 android/database/sqlite/SQLiteDatabase isReadOnly ()Z 2 1 java/lang/invoke/LambdaForm$MH+0x0000757cd41f9c00 linkToCallSite (Ljava/lang/Object;Ljava/lang/Object;)I 3 4 java/lang/invoke/Invokers getCallSiteTarget (Ljava/lang/invoke/CallSite;)Ljava/lang/invoke/MethodHandle; 4 1 java/lang/invoke/MutableCallSite getTarget ()Ljava/lang/invoke/MethodHandle; 3 13 java/lang/invoke/LambdaForm$MH+0x0000757cd41f9800 guard (Ljava/lang/Object;Ljava/lang/Object;)I 4 32 java/lang/invoke/LambdaForm$MH+0x0000757cd418e800 invoke (Ljava/lang/Object;Ljava/lang/Object;)I 5 14 java/lang/invoke/LambdaForm$MH+0x0000757cd4180400 invoke (Ljava/lang/Object;)Ljava/lang/Object; 6 20 java/lang/invoke/DirectMethodHandle$Holder invokeVirtual (Ljava/lang/Object;Ljava/lang/Object;)Ljava/lang/Object; 7 1 java/lang/invoke/DirectMethodHandle internalMemberName (Ljava/lang/Object;)Ljava/lang/Object; 7 10 java/lang/invoke/MutableCallSite getTarget ()Ljava/lang/invoke/MethodHandle; 5 35 java/lang/invoke/Invokers checkExactType (Ljava/lang/invoke/MethodHandle;Ljava/lang/invoke/MethodType;)V 6 1 java/lang/invoke/MethodHandle type ()Ljava/lang/invoke/MethodType; 5 39 java/lang/invoke/Invokers checkCustomized (Ljava/lang/invoke/MethodHandle;)V 5 43 java/lang/invoke/LambdaForm$MH+0x0000757cd422f800 invoke (Ljava/lang/Object;)I 4 70 java/lang/invoke/DelegatingMethodHandle$Holder delegate (Ljava/lang/Object;Ljava/lang/Object;)I 5 4 java/lang/invoke/MethodHandleImpl$CountingWrapper getTarget ()Ljava/lang/invoke/MethodHandle; 5 13 java/lang/invoke/LambdaForm$MH+0x0000757cd41f8800 guardWithCatch (Ljava/lang/Object;Ljava/lang/Object;)I 6 38 java/lang/invoke/DirectMethodHandle$Holder invokeSpecial (Ljava/lang/Object;Ljava/lang/Object;)I 7 1 java/lang/invoke/DirectMethodHandle internalMemberName (Ljava/lang/Object;)Ljava/lang/Object; 7 10 android/database/sqlite/SQLiteDatabase $$robo$$android_database_sqlite_SQLiteDatabase$isReadOnly ()Z 8 8 android/database/sqlite/SQLiteDatabase isReadOnlyLocked ()Z 9 1 java/lang/invoke/LambdaForm$MH+0x0000757cd41f9c00 linkToCallSite (Ljava/lang/Object;Ljava/lang/Object;)I 10 4 java/lang/invoke/Invokers getCallSiteTarget (Ljava/lang/invoke/CallSite;)Ljava/lang/invoke/MethodHandle; 11 1 java/lang/invoke/MutableCallSite getTarget ()Ljava/lang/invoke/MethodHandle; 10 13 java/lang/invoke/LambdaForm$MH+0x0000757cd41f9800 guard (Ljava/lang/Object;Ljava/lang/Object;)I 11 32 java/lang/invoke/LambdaForm$MH+0x0000757cd418e800 invoke (Ljava/lang/Object;Ljava/lang/Object;)I 12 14 java/lang/invoke/LambdaForm$MH+0x0000757cd4180400 invoke (Ljava/lang/Object;)Ljava/lang/Object; 13 20 java/lang/invoke/DirectMethodHandle$Holder invokeVirtual (Ljava/lang/Object;Ljava/lang/Object;)Ljava/lang/Object; 14 1 java/lang/invoke/DirectMethodHandle internalMemberName (Ljava/lang/Object;)Ljava/lang/Object; 14 10 java/lang/invoke/MutableCallSite getTarget ()Ljava/lang/invoke/MethodHandle; 12 35 java/lang/invoke/Invokers checkExactType (Ljava/lang/invoke/MethodHandle;Ljava/lang/invoke/MethodType;)V 13 1 java/lang/invoke/MethodHandle type ()Ljava/lang/invoke/MethodType; 12 39 java/lang/invoke/Invokers checkCustomized (Ljava/lang/invoke/MethodHandle;)V 12 43 java/lang/invoke/LambdaForm$MH+0x0000757cd422f800 invoke (Ljava/lang/Object;)I 11 70 java/lang/invoke/DelegatingMethodHandle$Holder delegate (Ljava/lang/Object;Ljava/lang/Object;)I 12 4 java/lang/invoke/MethodHandleImpl$CountingWrapper getTarget ()Ljava/lang/invoke/MethodHandle; 12 13 java/lang/invoke/LambdaForm$MH+0x0000757cd41f8800 guardWithCatch (Ljava/lang/Object;Ljava/lang/Object;)I 13 38 java/lang/invoke/DirectMethodHandle$Holder invokeSpecial (Ljava/lang/Object;Ljava/lang/Object;)I 14 1 java/lang/invoke/DirectMethodHandle internalMemberName (Ljava/lang/Object;)Ljava/lang/Object; 14 10 android/database/sqlite/SQLiteDatabase $$robo$$android_database_sqlite_SQLiteDatabase$isReadOnlyLocked ()Z 1 297 android/database/sqlite/SQLiteDatabase beginTransaction ()V 2 1 java/lang/invoke/LambdaForm$MH+0x0000757cd4196000 linkToCallSite (Ljava/lang/Object;Ljava/lang/Object;)V 3 4 java/lang/invoke/Invokers getCallSiteTarget (Ljava/lang/invoke/CallSite;)Ljava/lang/invoke/MethodHandle; 4 1 java/lang/invoke/MutableCallSite getTarget ()Ljava/lang/invoke/MethodHandle; 3 13 java/lang/invoke/LambdaForm$MH+0x0000757cd4195c00 guard (Ljava/lang/Object;Ljava/lang/Object;)V 4 32 java/lang/invoke/LambdaForm$MH+0x0000757cd418e800 invoke (Ljava/lang/Object;Ljava/lang/Object;)I 5 14 java/lang/invoke/LambdaForm$MH+0x0000757cd4180400 invoke (Ljava/lang/Object;)Ljava/lang/Object; 6 20 java/lang/invoke/DirectMethodHandle$Holder invokeVirtual (Ljava/lang/Object;Ljava/lang/Object;)Ljava/lang/Object; 7 1 java/lang/invoke/DirectMethodHandle internalMemberName (Ljava/lang/Object;)Ljava/lang/Object; 7 10 java/lang/invoke/MutableCallSite getTarget ()Ljava/lang/invoke/MethodHandle; 5 35 java/lang/invoke/Invokers checkExactType (Ljava/lang/invoke/MethodHandle;Ljava/lang/invoke/MethodType;)V 6 1 java/lang/invoke/MethodHandle type ()Ljava/lang/invoke/MethodType; 5 39 java/lang/invoke/Invokers checkCustomized (Ljava/lang/invoke/MethodHandle;)V 5 43 java/lang/invoke/LambdaForm$MH+0x0000757cd422f800 invoke (Ljava/lang/Object;)I 4 70 java/lang/invoke/DelegatingMethodHandle$Holder delegate (Ljava/lang/Object;Ljava/lang/Object;)V 5 4 java/lang/invoke/MethodHandleImpl$CountingWrapper getTarget ()Ljava/lang/invoke/MethodHandle; 5 13 java/lang/invoke/LambdaForm$MH+0x0000757cd4194c00 guardWithCatch (Ljava/lang/Object;Ljava/lang/Object;)V 6 38 java/lang/invoke/DirectMethodHandle$Holder invokeSpecial (Ljava/lang/Object;Ljava/lang/Object;)V 7 1 java/lang/invoke/DirectMethodHandle internalMemberName (Ljava/lang/Object;)Ljava/lang/Object; 7 10 android/database/sqlite/SQLiteDatabase $$robo$$android_database_sqlite_SQLiteDatabase$beginTransaction ()V 8 3 android/database/sqlite/SQLiteDatabase beginTransaction (Landroid/database/sqlite/SQLiteTransactionListener;Z)V 9 3 java/lang/invoke/LambdaForm$MH+0x0000757cd41ac400 linkToCallSite (Ljava/lang/Object;Ljava/lang/Object;ILjava/lang/Object;)V 10 4 java/lang/invoke/Invokers getCallSiteTarget (Ljava/lang/invoke/CallSite;)Ljava/lang/invoke/MethodHandle; 11 1 java/lang/invoke/MutableCallSite getTarget ()Ljava/lang/invoke/MethodHandle; 10 17 java/lang/invoke/LambdaForm$MH+0x0000757cd41ac000 guard (Ljava/lang/Object;Ljava/lang/Object;Ljava/lang/Object;I)V 11 37 java/lang/invoke/LambdaForm$MH+0x0000757cd41ab400 invoke (Ljava/lang/Object;Ljava/lang/Object;Ljava/lang/Object;I)I 12 16 java/lang/invoke/LambdaForm$MH+0x0000757cd4180400 invoke (Ljava/lang/Object;)Ljava/lang/Object; 13 20 java/lang/invoke/DirectMethodHandle$Holder invokeVirtual (Ljava/lang/Object;Ljava/lang/Object;)Ljava/lang/Object; 14 1 java/lang/invoke/DirectMethodHandle internalMemberName (Ljava/lang/Object;)Ljava/lang/Object; 14 10 java/lang/invoke/MutableCallSite getTarget ()Ljava/lang/invoke/MethodHandle; 12 40 java/lang/invoke/Invokers checkExactType (Ljava/lang/invoke/MethodHandle;Ljava/lang/invoke/MethodType;)V 13 1 java/lang/invoke/MethodHandle type ()Ljava/lang/invoke/MethodType; 12 45 java/lang/invoke/Invokers checkCustomized (Ljava/lang/invoke/MethodHandle;)V 12 50 java/lang/invoke/LambdaForm$MH+0x0000757cd422f800 invoke (Ljava/lang/Object;)I 11 78 java/lang/invoke/LambdaForm$MH+0x0000757cd41ae400 delegate (Ljava/lang/Object;Ljava/lang/Object;Ljava/lang/Object;I)V 12 4 java/lang/invoke/MethodHandleImpl$CountingWrapper getTarget ()Ljava/lang/invoke/MethodHandle; 12 17 java/lang/invoke/LambdaForm$MH+0x0000757cd41a9c00 guardWithCatch (Ljava/lang/Object;Ljava/lang/Object;Ljava/lang/Object;I)V 13 43 java/lang/invoke/LambdaForm$DMH+0x0000757cd4014000 invokeSpecial (Ljava/lang/Object;Ljava/lang/Object;Ljava/lang/Object;I)V 14 1 java/lang/invoke/DirectMethodHandle internalMemberName (Ljava/lang/Object;)Ljava/lang/Object; 14 14 android/database/sqlite/SQLiteDatabase $$robo$$android_database_sqlite_SQLiteDatabase$beginTransaction (Landroid/database/sqlite/SQLiteTransactionListener;Z)V 15 1 android/database/sqlite/SQLiteClosable acquireReference ()V 16 1 java/lang/invoke/LambdaForm$MH+0x0000757cd4196000 linkToCallSite (Ljava/lang/Object;Ljava/lang/Object;)V 17 4 java/lang/invoke/Invokers getCallSiteTarget (Ljava/lang/invoke/CallSite;)Ljava/lang/invoke/MethodHandle; 18 1 java/lang/invoke/MutableCallSite getTarget ()Ljava/lang/invoke/MethodHandle; 17 13 java/lang/invoke/LambdaForm$MH+0x0000757cd4195c00 guard (Ljava/lang/Object;Ljava/lang/Object;)V 18 32 java/lang/invoke/LambdaForm$MH+0x0000757cd418e800 invoke (Ljava/lang/Object;Ljava/lang/Object;)I 19 14 java/lang/invoke/LambdaForm$MH+0x0000757cd4180400 invoke (Ljava/lang/Object;)Ljava/lang/Object; 20 20 java/lang/invoke/DirectMethodHandle$Holder invokeVirtual (Ljava/lang/Object;Ljava/lang/Object;)Ljava/lang/Object; 21 1 java/lang/invoke/DirectMethodHandle internalMemberName (Ljava/lang/Object;)Ljava/lang/Object; 21 10 java/lang/invoke/MutableCallSite getTarget ()Ljava/lang/invoke/MethodHandle; 19 35 java/lang/invoke/Invokers checkExactType (Ljava/lang/invoke/MethodHandle;Ljava/lang/invoke/MethodType;)V 20 1 java/lang/invoke/MethodHandle type ()Ljava/lang/invoke/MethodType; 19 39 java/lang/invoke/Invokers checkCustomized (Ljava/lang/invoke/MethodHandle;)V 19 43 java/lang/invoke/LambdaForm$MH+0x0000757cd422f800 invoke (Ljava/lang/Object;)I 18 70 java/lang/invoke/DelegatingMethodHandle$Holder delegate (Ljava/lang/Object;Ljava/lang/Object;)V 19 4 java/lang/invoke/MethodHandleImpl$CountingWrapper getTarget ()Ljava/lang/invoke/MethodHandle; 19 13 java/lang/invoke/LambdaForm$MH+0x0000757cd4194c00 guardWithCatch (Ljava/lang/Object;Ljava/lang/Object;)V 20 38 java/lang/invoke/DirectMethodHandle$Holder invokeSpecial (Ljava/lang/Object;Ljava/lang/Object;)V 21 1 java/lang/invoke/DirectMethodHandle internalMemberName (Ljava/lang/Object;)Ljava/lang/Object; 21 10 android/database/sqlite/SQLiteClosable $$robo$$android_database_sqlite_SQLiteClosable$acquireReference ()V 15 5 android/database/sqlite/SQLiteDatabase getThreadSession ()Landroid/database/sqlite/SQLiteSession; 16 1 java/lang/invoke/Invokers$Holder linkToCallSite (Ljava/lang/Object;Ljava/lang/Object;)Ljava/lang/Object; 17 4 java/lang/invoke/Invokers getCallSiteTarget (Ljava/lang/invoke/CallSite;)Ljava/lang/invoke/MethodHandle; 18 1 java/lang/invoke/MutableCallSite getTarget ()Ljava/lang/invoke/MethodHandle; 17 13 java/lang/invoke/LambdaForm$MH+0x0000757cd418fc00 guard (Ljava/lang/Object;Ljava/lang/Object;)Ljava/lang/Object; 18 32 java/lang/invoke/LambdaForm$MH+0x0000757cd418e800 invoke (Ljava/lang/Object;Ljava/lang/Object;)I 19 14 java/lang/invoke/LambdaForm$MH+0x0000757cd4180400 invoke (Ljava/lang/Object;)Ljava/lang/Object; 20 20 java/lang/invoke/DirectMethodHandle$Holder invokeVirtual (Ljava/lang/Object;Ljava/lang/Object;)Ljava/lang/Object; 21 1 java/lang/invoke/DirectMethodHandle internalMemberName (Ljava/lang/Object;)Ljava/lang/Object; 21 10 java/lang/invoke/MutableCallSite getTarget ()Ljava/lang/invoke/MethodHandle; 19 35 java/lang/invoke/Invokers checkExactType (Ljava/lang/invoke/MethodHandle;Ljava/lang/invoke/MethodType;)V 20 1 java/lang/invoke/MethodHandle type ()Ljava/lang/invoke/MethodType; 19 39 java/lang/invoke/Invokers checkCustomized (Ljava/lang/invoke/MethodHandle;)V 19 43 java/lang/invoke/LambdaForm$MH+0x0000757cd422f800 invoke (Ljava/lang/Object;)I 18 70 java/lang/invoke/DelegatingMethodHandle$Holder delegate (Ljava/lang/Object;Ljava/lang/Object;)Ljava/lang/Object; 19 4 java/lang/invoke/MethodHandleImpl$CountingWrapper getTarget ()Ljava/lang/invoke/MethodHandle; 19 13 java/lang/invoke/LambdaForm$MH+0x0000757cd41fa400 guardWithCatch (Ljava/lang/Object;Ljava/lang/Object;)Ljava/lang/Object; 20 38 java/lang/invoke/DirectMethodHandle$Holder invokeSpecial (Ljava/lang/Object;Ljava/lang/Object;)Ljava/lang/Object; 21 1 java/lang/invoke/DirectMethodHandle internalMemberName (Ljava/lang/Object;)Ljava/lang/Object; 21 10 android/database/sqlite/SQLiteDatabase $$robo$$android_database_sqlite_SQLiteDatabase$getThreadSession ()Landroid/database/sqlite/SQLiteSession; 15 20 android/database/sqlite/SQLiteDatabase getThreadDefaultConnectionFlags (Z)I 16 2 java/lang/invoke/LambdaForm$MH+0x0000757cd41b6000 linkToCallSite (Ljava/lang/Object;ILjava/lang/Object;)I 17 4 java/lang/invoke/Invokers getCallSiteTarget (Ljava/lang/invoke/CallSite;)Ljava/lang/invoke/MethodHandle; 18 1 java/lang/invoke/MutableCallSite getTarget ()Ljava/lang/invoke/MethodHandle; 17 14 java/lang/invoke/LambdaForm$MH+0x0000757cd41b5c00 guard (Ljava/lang/Object;Ljava/lang/Object;I)I 18 34 java/lang/invoke/LambdaForm$MH+0x0000757cd41aec00 invoke (Ljava/lang/Object;Ljava/lang/Object;I)I 19 14 java/lang/invoke/LambdaForm$MH+0x0000757cd4180400 invoke (Ljava/lang/Object;)Ljava/lang/Object; 20 20 java/lang/invoke/DirectMethodHandle$Holder invokeVirtual (Ljava/lang/Object;Ljava/lang/Object;)Ljava/lang/Object; 21 1 java/lang/invoke/DirectMethodHandle internalMemberName (Ljava/lang/Object;)Ljava/lang/Object; 21 10 java/lang/invoke/MutableCallSite getTarget ()Ljava/lang/invoke/MethodHandle; 19 38 java/lang/invoke/Invokers checkExactType (Ljava/lang/invoke/MethodHandle;Ljava/lang/invoke/MethodType;)V 20 1 java/lang/invoke/MethodHandle type ()Ljava/lang/invoke/MethodType; 19 43 java/lang/invoke/Invokers checkCustomized (Ljava/lang/invoke/MethodHandle;)V 19 48 java/lang/invoke/LambdaForm$MH+0x0000757cd422f800 invoke (Ljava/lang/Object;)I 18 74 java/lang/invoke/DelegatingMethodHandle$Holder delegate (Ljava/lang/Object;Ljava/lang/Object;I)I 19 4 java/lang/invoke/MethodHandleImpl$CountingWrapper getTarget ()Ljava/lang/invoke/MethodHandle; 19 14 java/lang/invoke/LambdaForm$MH+0x0000757cd41b4c00 guardWithCatch (Ljava/lang/Object;Ljava/lang/Object;I)I 20 40 java/lang/invoke/LambdaForm$DMH+0x0000757cd420a400 invokeSpecial (Ljava/lang/Object;Ljava/lang/Object;I)I 21 1 java/lang/invoke/DirectMethodHandle internalMemberName (Ljava/lang/Object;)Ljava/lang/Object; 21 11 android/database/sqlite/SQLiteDatabase $$robo$$android_database_sqlite_SQLiteDatabase$getThreadDefaultConnectionFlags (Z)I 22 10 android/database/sqlite/SQLiteDatabase isMainThread ()Z 23 0 java/lang/invoke/LambdaForm$MH+0x0000757cd41b4000 linkToCallSite (Ljava/lang/Object;)I 24 4 java/lang/invoke/Invokers getCallSiteTarget (Ljava/lang/invoke/CallSite;)Ljava/lang/invoke/MethodHandle; 25 1 java/lang/invoke/MutableCallSite getTarget ()Ljava/lang/invoke/MethodHandle; 24 12 java/lang/invoke/LambdaForm$MH+0x0000757cd41b3c00 guard (Ljava/lang/Object;)I 25 30 java/lang/invoke/LambdaForm$MH+0x0000757cd4180c00 invoke (Ljava/lang/Object;)I 26 14 java/lang/invoke/LambdaForm$MH+0x0000757cd4180400 invoke (Ljava/lang/Object;)Ljava/lang/Object; 27 20 java/lang/invoke/DirectMethodHandle$Holder invokeVirtual (Ljava/lang/Object;Ljava/lang/Object;)Ljava/lang/Object; 28 1 java/lang/invoke/DirectMethodHandle internalMemberName (Ljava/lang/Object;)Ljava/lang/Object; 28 10 java/lang/invoke/MutableCallSite getTarget ()Ljava/lang/invoke/MethodHandle; 26 33 java/lang/invoke/Invokers checkExactType (Ljava/lang/invoke/MethodHandle;Ljava/lang/invoke/MethodType;)V 27 1 java/lang/invoke/MethodHandle type ()Ljava/lang/invoke/MethodType; 26 37 java/lang/invoke/Invokers checkCustomized (Ljava/lang/invoke/MethodHandle;)V 26 41 java/lang/invoke/LambdaForm$MH+0x0000757cd422f800 invoke (Ljava/lang/Object;)I 25 67 java/lang/invoke/LambdaForm$MH+0x0000757cd43e7400 delegate (Ljava/lang/Object;)I 26 4 java/lang/invoke/MethodHandleImpl$CountingWrapper getTarget ()Ljava/lang/invoke/MethodHandle; 26 12 java/lang/invoke/LambdaForm$MH+0x0000757cd41b3400 guardWithCatch (Ljava/lang/Object;)I 27 36 java/lang/invoke/LambdaForm$DMH+0x0000757cd41b2400 invokeStatic (Ljava/lang/Object;)I 28 1 java/lang/invoke/DirectMethodHandle internalMemberName (Ljava/lang/Object;)Ljava/lang/Object; 28 9 android/database/sqlite/SQLiteDatabase $$robo$$android_database_sqlite_SQLiteDatabase$isMainThread ()Z 29 0 android/os/Looper myLooper ()Landroid/os/Looper; 30 0 java/lang/invoke/Invokers$Holder linkToCallSite (Ljava/lang/Object;)Ljava/lang/Object; 31 4 java/lang/invoke/Invokers getCallSiteTarget (Ljava/lang/invoke/CallSite;)Ljava/lang/invoke/MethodHandle; 32 1 java/lang/invoke/MutableCallSite getTarget ()Ljava/lang/invoke/MethodHandle; 31 12 java/lang/invoke/LambdaForm$MH+0x0000757cd4197c00 guard (Ljava/lang/Object;)Ljava/lang/Object; 32 30 java/lang/invoke/LambdaForm$MH+0x0000757cd4180c00 invoke (Ljava/lang/Object;)I 33 14 java/lang/invoke/LambdaForm$MH+0x0000757cd4180400 invoke (Ljava/lang/Object;)Ljava/lang/Object; 34 20 java/lang/invoke/DirectMethodHandle$Holder invokeVirtual (Ljava/lang/Object;Ljava/lang/Object;)Ljava/lang/Object; 35 1 java/lang/invoke/DirectMethodHandle internalMemberName (Ljava/lang/Object;)Ljava/lang/Object; 35 10 java/lang/invoke/MutableCallSite getTarget ()Ljava/lang/invoke/MethodHandle; 33 33 java/lang/invoke/Invokers checkExactType (Ljava/lang/invoke/MethodHandle;Ljava/lang/invoke/MethodType;)V 34 1 java/lang/invoke/MethodHandle type ()Ljava/lang/invoke/MethodType; 33 37 java/lang/invoke/Invokers checkCustomized (Ljava/lang/invoke/MethodHandle;)V 33 41 java/lang/invoke/LambdaForm$MH+0x0000757cd422f800 invoke (Ljava/lang/Object;)I 32 67 java/lang/invoke/DelegatingMethodHandle$Holder delegate (Ljava/lang/Object;)Ljava/lang/Object; 33 4 java/lang/invoke/MethodHandleImpl$CountingWrapper getTarget ()Ljava/lang/invoke/MethodHandle; 33 12 java/lang/invoke/LambdaForm$MH+0x0000757cd4197000 guardWithCatch (Ljava/lang/Object;)Ljava/lang/Object; 34 36 java/lang/invoke/DirectMethodHandle$Holder invokeStatic (Ljava/lang/Object;)Ljava/lang/Object; 35 1 java/lang/invoke/DirectMethodHandle internalMemberName (Ljava/lang/Object;)Ljava/lang/Object; 35 9 android/os/Looper $$robo$$android_os_Looper$myLooper ()Landroid/os/Looper; 29 9 android/os/Looper getMainLooper ()Landroid/os/Looper; 30 0 java/lang/invoke/Invokers$Holder linkToCallSite (Ljava/lang/Object;)Ljava/lang/Object; 31 4 java/lang/invoke/Invokers getCallSiteTarget (Ljava/lang/invoke/CallSite;)Ljava/lang/invoke/MethodHandle; 32 1 java/lang/invoke/MutableCallSite getTarget ()Ljava/lang/invoke/MethodHandle; 31 12 java/lang/invoke/LambdaForm$MH+0x0000757cd4197c00 guard (Ljava/lang/Object;)Ljava/lang/Object; 32 30 java/lang/invoke/LambdaForm$MH+0x0000757cd4180c00 invoke (Ljava/lang/Object;)I 33 14 java/lang/invoke/LambdaForm$MH+0x0000757cd4180400 invoke (Ljava/lang/Object;)Ljava/lang/Object; 34 20 java/lang/invoke/DirectMethodHandle$Holder invokeVirtual (Ljava/lang/Object;Ljava/lang/Object;)Ljava/lang/Object; 35 1 java/lang/invoke/DirectMethodHandle internalMemberName (Ljava/lang/Object;)Ljava/lang/Object; 35 10 java/lang/invoke/MutableCallSite getTarget ()Ljava/lang/invoke/MethodHandle; 33 33 java/lang/invoke/Invokers checkExactType (Ljava/lang/invoke/MethodHandle;Ljava/lang/invoke/MethodType;)V 34 1 java/lang/invoke/MethodHandle type ()Ljava/lang/invoke/MethodType; 33 37 java/lang/invoke/Invokers checkCustomized (Ljava/lang/invoke/MethodHandle;)V 33 41 java/lang/invoke/LambdaForm$MH+0x0000757cd422f800 invoke (Ljava/lang/Object;)I 32 67 java/lang/invoke/DelegatingMethodHandle$Holder delegate (Ljava/lang/Object;)Ljava/lang/Object; 33 4 java/lang/invoke/MethodHandleImpl$CountingWrapper getTarget ()Ljava/lang/invoke/MethodHandle; 33 12 java/lang/invoke/LambdaForm$MH+0x0000757cd4197000 guardWithCatch (Ljava/lang/Object;)Ljava/lang/Object; 34 36 java/lang/invoke/DirectMethodHandle$Holder invokeStatic (Ljava/lang/Object;)Ljava/lang/Object; 35 1 java/lang/invoke/DirectMethodHandle internalMemberName (Ljava/lang/Object;)Ljava/lang/Object; 35 9 android/os/Looper $$robo$$android_os_Looper$getMainLooper ()Landroid/os/Looper; 15 24 android/database/sqlite/SQLiteSession beginTransaction (ILandroid/database/sqlite/SQLiteTransactionListener;ILandroid/os/CancellationSignal;)V 16 6 java/lang/invoke/LambdaForm$MH+0x0000757cd43ae400 linkToCallSite (Ljava/lang/Object;ILjava/lang/Object;ILjava/lang/Object;Ljava/lang/Object;)V 17 5 java/lang/invoke/Invokers getCallSiteTarget (Ljava/lang/invoke/CallSite;)Ljava/lang/invoke/MethodHandle; 18 1 java/lang/invoke/MutableCallSite getTarget ()Ljava/lang/invoke/MethodHandle; 17 21 java/lang/invoke/LambdaForm$MH+0x0000757cd43ae000 guard (Ljava/lang/Object;Ljava/lang/Object;ILjava/lang/Object;ILjava/lang/Object;)V 18 41 java/lang/invoke/LambdaForm$MH+0x0000757cd43ad400 invoke (Ljava/lang/Object;Ljava/lang/Object;ILjava/lang/Object;ILjava/lang/Object;)I 19 16 java/lang/invoke/LambdaForm$MH+0x0000757cd4180400 invoke (Ljava/lang/Object;)Ljava/lang/Object; 20 20 java/lang/invoke/DirectMethodHandle$Holder invokeVirtual (Ljava/lang/Object;Ljava/lang/Object;)Ljava/lang/Object; 21 1 java/lang/invoke/DirectMethodHandle internalMemberName (Ljava/lang/Object;)Ljava/lang/Object; 21 10 java/lang/invoke/MutableCallSite getTarget ()Ljava/lang/invoke/MethodHandle; 19 40 java/lang/invoke/Invokers checkExactType (Ljava/lang/invoke/MethodHandle;Ljava/lang/invoke/MethodType;)V 20 1 java/lang/invoke/MethodHandle type ()Ljava/lang/invoke/MethodType; 19 45 java/lang/invoke/Invokers checkCustomized (Ljava/lang/invoke/MethodHandle;)V 19 50 java/lang/invoke/LambdaForm$MH+0x0000757cd422f800 invoke (Ljava/lang/Object;)I 18 86 java/lang/invoke/LambdaForm$MH+0x0000757cd4772800 delegate (Ljava/lang/Object;Ljava/lang/Object;ILjava/lang/Object;ILjava/lang/Object;)V 19 4 java/lang/invoke/MethodHandleImpl$CountingWrapper getTarget ()Ljava/lang/invoke/MethodHandle; 19 21 java/lang/invoke/LambdaForm$MH+0x0000757cd43abc00 guardWithCatch (Ljava/lang/Object;Ljava/lang/Object;ILjava/lang/Object;ILjava/lang/Object;)V 20 47 java/lang/invoke/LambdaForm$DMH+0x0000757cd43a9c00 invokeSpecial (Ljava/lang/Object;Ljava/lang/Object;ILjava/lang/Object;ILjava/lang/Object;)V 21 1 java/lang/invoke/DirectMethodHandle internalMemberName (Ljava/lang/Object;)Ljava/lang/Object; 21 18 android/database/sqlite/SQLiteSession $$robo$$android_database_sqlite_SQLiteSession$beginTransaction (ILandroid/database/sqlite/SQLiteTransactionListener;ILandroid/os/CancellationSignal;)V 22 1 android/database/sqlite/SQLiteSession throwIfTransactionMarkedSuccessful ()V 23 1 java/lang/invoke/LambdaForm$MH+0x0000757cd4196000 linkToCallSite (Ljava/lang/Object;Ljava/lang/Object;)V 24 4 java/lang/invoke/Invokers getCallSiteTarget (Ljava/lang/invoke/CallSite;)Ljava/lang/invoke/MethodHandle; 25 1 java/lang/invoke/MutableCallSite getTarget ()Ljava/lang/invoke/MethodHandle; 24 13 java/lang/invoke/LambdaForm$MH+0x0000757cd4195c00 guard (Ljava/lang/Object;Ljava/lang/Object;)V 25 32 java/lang/invoke/LambdaForm$MH+0x0000757cd418e800 invoke (Ljava/lang/Object;Ljava/lang/Object;)I 26 14 java/lang/invoke/LambdaForm$MH+0x0000757cd4180400 invoke (Ljava/lang/Object;)Ljava/lang/Object; 27 20 java/lang/invoke/DirectMethodHandle$Holder invokeVirtual (Ljava/lang/Object;Ljava/lang/Object;)Ljava/lang/Object; 28 1 java/lang/invoke/DirectMethodHandle internalMemberName (Ljava/lang/Object;)Ljava/lang/Object; 28 10 java/lang/invoke/MutableCallSite getTarget ()Ljava/lang/invoke/MethodHandle; 26 35 java/lang/invoke/Invokers checkExactType (Ljava/lang/invoke/MethodHandle;Ljava/lang/invoke/MethodType;)V 27 1 java/lang/invoke/MethodHandle type ()Ljava/lang/invoke/MethodType; 26 39 java/lang/invoke/Invokers checkCustomized (Ljava/lang/invoke/MethodHandle;)V 26 43 java/lang/invoke/LambdaForm$MH+0x0000757cd422f800 invoke (Ljava/lang/Object;)I 25 70 java/lang/invoke/DelegatingMethodHandle$Holder delegate (Ljava/lang/Object;Ljava/lang/Object;)V 26 4 java/lang/invoke/MethodHandleImpl$CountingWrapper getTarget ()Ljava/lang/invoke/MethodHandle; 26 13 java/lang/invoke/LambdaForm$MH+0x0000757cd4194c00 guardWithCatch (Ljava/lang/Object;Ljava/lang/Object;)V 27 38 java/lang/invoke/DirectMethodHandle$Holder invokeSpecial (Ljava/lang/Object;Ljava/lang/Object;)V 28 1 java/lang/invoke/DirectMethodHandle internalMemberName (Ljava/lang/Object;)Ljava/lang/Object; 28 10 android/database/sqlite/SQLiteSession $$robo$$android_database_sqlite_SQLiteSession$throwIfTransactionMarkedSuccessful ()V 22 10 android/database/sqlite/SQLiteSession beginTransactionUnchecked (ILandroid/database/sqlite/SQLiteTransactionListener;ILandroid/os/CancellationSignal;)V 23 6 java/lang/invoke/LambdaForm$MH+0x0000757cd43ae400 linkToCallSite (Ljava/lang/Object;ILjava/lang/Object;ILjava/lang/Object;Ljava/lang/Object;)V 24 5 java/lang/invoke/Invokers getCallSiteTarget (Ljava/lang/invoke/CallSite;)Ljava/lang/invoke/MethodHandle; 25 1 java/lang/invoke/MutableCallSite getTarget ()Ljava/lang/invoke/MethodHandle; 24 21 java/lang/invoke/LambdaForm$MH+0x0000757cd43ae000 guard (Ljava/lang/Object;Ljava/lang/Object;ILjava/lang/Object;ILjava/lang/Object;)V 25 41 java/lang/invoke/LambdaForm$MH+0x0000757cd43ad400 invoke (Ljava/lang/Object;Ljava/lang/Object;ILjava/lang/Object;ILjava/lang/Object;)I 26 16 java/lang/invoke/LambdaForm$MH+0x0000757cd4180400 invoke (Ljava/lang/Object;)Ljava/lang/Object; 27 20 java/lang/invoke/DirectMethodHandle$Holder invokeVirtual (Ljava/lang/Object;Ljava/lang/Object;)Ljava/lang/Object; 28 1 java/lang/invoke/DirectMethodHandle internalMemberName (Ljava/lang/Object;)Ljava/lang/Object; 28 10 java/lang/invoke/MutableCallSite getTarget ()Ljava/lang/invoke/MethodHandle; 26 40 java/lang/invoke/Invokers checkExactType (Ljava/lang/invoke/MethodHandle;Ljava/lang/invoke/MethodType;)V 27 1 java/lang/invoke/MethodHandle type ()Ljava/lang/invoke/MethodType; 26 45 java/lang/invoke/Invokers checkCustomized (Ljava/lang/invoke/MethodHandle;)V 26 50 java/lang/invoke/LambdaForm$MH+0x0000757cd422f800 invoke (Ljava/lang/Object;)I 25 86 java/lang/invoke/LambdaForm$MH+0x0000757cd4772800 delegate (Ljava/lang/Object;Ljava/lang/Object;ILjava/lang/Object;ILjava/lang/Object;)V 26 4 java/lang/invoke/MethodHandleImpl$CountingWrapper getTarget ()Ljava/lang/invoke/MethodHandle; 26 21 java/lang/invoke/LambdaForm$MH+0x0000757cd43abc00 guardWithCatch (Ljava/lang/Object;Ljava/lang/Object;ILjava/lang/Object;ILjava/lang/Object;)V 27 47 java/lang/invoke/LambdaForm$DMH+0x0000757cd43a9c00 invokeSpecial (Ljava/lang/Object;Ljava/lang/Object;ILjava/lang/Object;ILjava/lang/Object;)V 28 1 java/lang/invoke/DirectMethodHandle internalMemberName (Ljava/lang/Object;)Ljava/lang/Object; 28 18 android/database/sqlite/SQLiteSession $$robo$$android_database_sqlite_SQLiteSession$beginTransactionUnchecked (ILandroid/database/sqlite/SQLiteTransactionListener;ILandroid/os/CancellationSignal;)V 29 22 android/database/sqlite/SQLiteSession acquireConnection (Ljava/lang/String;ILandroid/os/CancellationSignal;)V 30 4 java/lang/invoke/LambdaForm$MH+0x0000757cd4396800 linkToCallSite (Ljava/lang/Object;Ljava/lang/Object;ILjava/lang/Object;Ljava/lang/Object;)V 31 5 java/lang/invoke/Invokers getCallSiteTarget (Ljava/lang/invoke/CallSite;)Ljava/lang/invoke/MethodHandle; 32 1 java/lang/invoke/MutableCallSite getTarget ()Ljava/lang/invoke/MethodHandle; 31 19 java/lang/invoke/LambdaForm$MH+0x0000757cd4396400 guard (Ljava/lang/Object;Ljava/lang/Object;Ljava/lang/Object;ILjava/lang/Object;)V 32 39 java/lang/invoke/LambdaForm$MH+0x0000757cd4338000 invoke (Ljava/lang/Object;Ljava/lang/Object;Ljava/lang/Object;ILjava/lang/Object;)I 33 16 java/lang/invoke/LambdaForm$MH+0x0000757cd4180400 invoke (Ljava/lang/Object;)Ljava/lang/Object; 34 20 java/lang/invoke/DirectMethodHandle$Holder invokeVirtual (Ljava/lang/Object;Ljava/lang/Object;)Ljava/lang/Object; 35 1 java/lang/invoke/DirectMethodHandle internalMemberName (Ljava/lang/Object;)Ljava/lang/Object; 35 10 java/lang/invoke/MutableCallSite getTarget ()Ljava/lang/invoke/MethodHandle; 33 40 java/lang/invoke/Invokers checkExactType (Ljava/lang/invoke/MethodHandle;Ljava/lang/invoke/MethodType;)V 34 1 java/lang/invoke/MethodHandle type ()Ljava/lang/invoke/MethodType; 33 45 java/lang/invoke/Invokers checkCustomized (Ljava/lang/invoke/MethodHandle;)V 33 50 java/lang/invoke/LambdaForm$MH+0x0000757cd422f800 invoke (Ljava/lang/Object;)I 32 82 java/lang/invoke/LambdaForm$MH+0x0000757cd4289800 delegate (Ljava/lang/Object;Ljava/lang/Object;Ljava/lang/Object;ILjava/lang/Object;)V 33 4 java/lang/invoke/MethodHandleImpl$CountingWrapper getTarget ()Ljava/lang/invoke/MethodHandle; 33 19 java/lang/invoke/LambdaForm$MH+0x0000757cd4395000 guardWithCatch (Ljava/lang/Object;Ljava/lang/Object;Ljava/lang/Object;ILjava/lang/Object;)V 34 45 java/lang/invoke/LambdaForm$DMH+0x0000757cd402d400 invokeSpecial (Ljava/lang/Object;Ljava/lang/Object;Ljava/lang/Object;ILjava/lang/Object;)V 35 1 java/lang/invoke/DirectMethodHandle internalMemberName (Ljava/lang/Object;)Ljava/lang/Object; 35 16 android/database/sqlite/SQLiteSession $$robo$$android_database_sqlite_SQLiteSession$acquireConnection (Ljava/lang/String;ILandroid/os/CancellationSignal;)V 36 36 android/database/sqlite/SQLiteConnectionPool acquireConnection (Ljava/lang/String;ILandroid/os/CancellationSignal;)Landroid/database/sqlite/SQLiteConnection; 37 4 java/lang/invoke/LambdaForm$MH+0x0000757cd4339000 linkToCallSite (Ljava/lang/Object;Ljava/lang/Object;ILjava/lang/Object;Ljava/lang/Object;)Ljava/lang/Object; 38 5 java/lang/invoke/Invokers getCallSiteTarget (Ljava/lang/invoke/CallSite;)Ljava/lang/invoke/MethodHandle; 39 1 java/lang/invoke/MutableCallSite getTarget ()Ljava/lang/invoke/MethodHandle; 38 19 java/lang/invoke/LambdaForm$MH+0x0000757cd4338c00 guard (Ljava/lang/Object;Ljava/lang/Object;Ljava/lang/Object;ILjava/lang/Object;)Ljava/lang/Object; 39 39 java/lang/invoke/LambdaForm$MH+0x0000757cd4338000 invoke (Ljava/lang/Object;Ljava/lang/Object;Ljava/lang/Object;ILjava/lang/Object;)I 40 16 java/lang/invoke/LambdaForm$MH+0x0000757cd4180400 invoke (Ljava/lang/Object;)Ljava/lang/Object; 41 20 java/lang/invoke/DirectMethodHandle$Holder invokeVirtual (Ljava/lang/Object;Ljava/lang/Object;)Ljava/lang/Object; 42 1 java/lang/invoke/DirectMethodHandle internalMemberName (Ljava/lang/Object;)Ljava/lang/Object; 42 10 java/lang/invoke/MutableCallSite getTarget ()Ljava/lang/invoke/MethodHandle; 40 40 java/lang/invoke/Invokers checkExactType (Ljava/lang/invoke/MethodHandle;Ljava/lang/invoke/MethodType;)V 41 1 java/lang/invoke/MethodHandle type ()Ljava/lang/invoke/MethodType; 40 45 java/lang/invoke/Invokers checkCustomized (Ljava/lang/invoke/MethodHandle;)V 40 50 java/lang/invoke/LambdaForm$MH+0x0000757cd422f800 invoke (Ljava/lang/Object;)I 39 82 java/lang/invoke/DelegatingMethodHandle$Holder delegate (Ljava/lang/Object;Ljava/lang/Object;Ljava/lang/Object;ILjava/lang/Object;)Ljava/lang/Object; 40 4 java/lang/invoke/MethodHandleImpl$CountingWrapper getTarget ()Ljava/lang/invoke/MethodHandle; 40 19 java/lang/invoke/LambdaForm$MH+0x0000757cd4337400 guardWithCatch (Ljava/lang/Object;Ljava/lang/Object;Ljava/lang/Object;ILjava/lang/Object;)Ljava/lang/Object; 41 45 java/lang/invoke/LambdaForm$DMH+0x0000757cd4288000 invokeSpecial (Ljava/lang/Object;Ljava/lang/Object;Ljava/lang/Object;ILjava/lang/Object;)Ljava/lang/Object; 42 1 java/lang/invoke/DirectMethodHandle internalMemberName (Ljava/lang/Object;)Ljava/lang/Object; 42 16 android/database/sqlite/SQLiteConnectionPool $$robo$$android_database_sqlite_SQLiteConnectionPool$acquireConnection (Ljava/lang/String;ILandroid/os/CancellationSignal;)Landroid/database/sqlite/SQLiteConnection; 43 4 android/database/sqlite/SQLiteConnectionPool waitForConnection (Ljava/lang/String;ILandroid/os/CancellationSignal;)Landroid/database/sqlite/SQLiteConnection; 44 4 java/lang/invoke/LambdaForm$MH+0x0000757cd4339000 linkToCallSite (Ljava/lang/Object;Ljava/lang/Object;ILjava/lang/Object;Ljava/lang/Object;)Ljava/lang/Object; 45 5 java/lang/invoke/Invokers getCallSiteTarget (Ljava/lang/invoke/CallSite;)Ljava/lang/invoke/MethodHandle; 46 1 java/lang/invoke/MutableCallSite getTarget ()Ljava/lang/invoke/MethodHandle; 45 19 java/lang/invoke/LambdaForm$MH+0x0000757cd4338c00 guard (Ljava/lang/Object;Ljava/lang/Object;Ljava/lang/Object;ILjava/lang/Object;)Ljava/lang/Object; 46 39 java/lang/invoke/LambdaForm$MH+0x0000757cd4338000 invoke (Ljava/lang/Object;Ljava/lang/Object;Ljava/lang/Object;ILjava/lang/Object;)I 47 16 java/lang/invoke/LambdaForm$MH+0x0000757cd4180400 invoke (Ljava/lang/Object;)Ljava/lang/Object; 48 20 java/lang/invoke/DirectMethodHandle$Holder invokeVirtual (Ljava/lang/Object;Ljava/lang/Object;)Ljava/lang/Object; 49 1 java/lang/invoke/DirectMethodHandle internalMemberName (Ljava/lang/Object;)Ljava/lang/Object; 49 10 java/lang/invoke/MutableCallSite getTarget ()Ljava/lang/invoke/MethodHandle; 47 40 java/lang/invoke/Invokers checkExactType (Ljava/lang/invoke/MethodHandle;Ljava/lang/invoke/MethodType;)V 48 1 java/lang/invoke/MethodHandle type ()Ljava/lang/invoke/MethodType; 47 45 java/lang/invoke/Invokers checkCustomized (Ljava/lang/invoke/MethodHandle;)V 47 50 java/lang/invoke/LambdaForm$MH+0x0000757cd422f800 invoke (Ljava/lang/Object;)I 46 82 java/lang/invoke/DelegatingMethodHandle$Holder delegate (Ljava/lang/Object;Ljava/lang/Object;Ljava/lang/Object;ILjava/lang/Object;)Ljava/lang/Object; 47 4 java/lang/invoke/MethodHandleImpl$CountingWrapper getTarget ()Ljava/lang/invoke/MethodHandle; 47 19 java/lang/invoke/LambdaForm$MH+0x0000757cd4337400 guardWithCatch (Ljava/lang/Object;Ljava/lang/Object;Ljava/lang/Object;ILjava/lang/Object;)Ljava/lang/Object; 48 45 java/lang/invoke/LambdaForm$DMH+0x0000757cd4288000 invokeSpecial (Ljava/lang/Object;Ljava/lang/Object;Ljava/lang/Object;ILjava/lang/Object;)Ljava/lang/Object; 49 1 java/lang/invoke/DirectMethodHandle internalMemberName (Ljava/lang/Object;)Ljava/lang/Object; 29 84 android/database/sqlite/SQLiteConnection execute (Ljava/lang/String;[Ljava/lang/Object;Landroid/os/CancellationSignal;)V 30 4 java/lang/invoke/LambdaForm$MH+0x0000757cd4286800 linkToCallSite (Ljava/lang/Object;Ljava/lang/Object;Ljava/lang/Object;Ljava/lang/Object;Ljava/lang/Object;)V 31 5 java/lang/invoke/Invokers getCallSiteTarget (Ljava/lang/invoke/CallSite;)Ljava/lang/invoke/MethodHandle; 32 1 java/lang/invoke/MutableCallSite getTarget ()Ljava/lang/invoke/MethodHandle; 31 19 java/lang/invoke/LambdaForm$MH+0x0000757cd4286400 guard (Ljava/lang/Object;Ljava/lang/Object;Ljava/lang/Object;Ljava/lang/Object;Ljava/lang/Object;)V 32 39 java/lang/invoke/LambdaForm$MH+0x0000757cd4285800 invoke (Ljava/lang/Object;Ljava/lang/Object;Ljava/lang/Object;Ljava/lang/Object;Ljava/lang/Object;)I 33 16 java/lang/invoke/LambdaForm$MH+0x0000757cd4180400 invoke (Ljava/lang/Object;)Ljava/lang/Object; 34 20 java/lang/invoke/DirectMethodHandle$Holder invokeVirtual (Ljava/lang/Object;Ljava/lang/Object;)Ljava/lang/Object; 35 1 java/lang/invoke/DirectMethodHandle internalMemberName (Ljava/lang/Object;)Ljava/lang/Object; 35 10 java/lang/invoke/MutableCallSite getTarget ()Ljava/lang/invoke/MethodHandle; 33 40 java/lang/invoke/Invokers checkExactType (Ljava/lang/invoke/MethodHandle;Ljava/lang/invoke/MethodType;)V 34 1 java/lang/invoke/MethodHandle type ()Ljava/lang/invoke/MethodType; 33 45 java/lang/invoke/Invokers checkCustomized (Ljava/lang/invoke/MethodHandle;)V 33 50 java/lang/invoke/LambdaForm$MH+0x0000757cd422f800 invoke (Ljava/lang/Object;)I 32 82 java/lang/invoke/DelegatingMethodHandle$Holder delegate (Ljava/lang/Object;Ljava/lang/Object;Ljava/lang/Object;Ljava/lang/Object;Ljava/lang/Object;)V 33 4 java/lang/invoke/MethodHandleImpl$CountingWrapper getTarget ()Ljava/lang/invoke/MethodHandle; 33 19 java/lang/invoke/LambdaForm$MH+0x0000757cd4284800 guardWithCatch (Ljava/lang/Object;Ljava/lang/Object;Ljava/lang/Object;Ljava/lang/Object;Ljava/lang/Object;)V 34 45 java/lang/invoke/LambdaForm$DMH+0x0000757cd4181400 invokeSpecial (Ljava/lang/Object;Ljava/lang/Object;Ljava/lang/Object;Ljava/lang/Object;Ljava/lang/Object;)V 35 1 java/lang/invoke/DirectMethodHandle internalMemberName (Ljava/lang/Object;)Ljava/lang/Object; 35 16 android/database/sqlite/SQLiteConnection $$robo$$android_database_sqlite_SQLiteConnection$execute (Ljava/lang/String;[Ljava/lang/Object;Landroid/os/CancellationSignal;)V 36 24 android/database/sqlite/SQLiteConnection$OperationLog beginOperation (Ljava/lang/String;Ljava/lang/String;[Ljava/lang/Object;)I 37 4 java/lang/invoke/LambdaForm$MH+0x0000757cd435dc00 linkToCallSite (Ljava/lang/Object;Ljava/lang/Object;Ljava/lang/Object;Ljava/lang/Object;Ljava/lang/Object;)I 38 5 java/lang/invoke/Invokers getCallSiteTarget (Ljava/lang/invoke/CallSite;)Ljava/lang/invoke/MethodHandle; 39 1 java/lang/invoke/MutableCallSite getTarget ()Ljava/lang/invoke/MethodHandle; 38 19 java/lang/invoke/LambdaForm$MH+0x0000757cd435d800 guard (Ljava/lang/Object;Ljava/lang/Object;Ljava/lang/Object;Ljava/lang/Object;Ljava/lang/Object;)I 39 39 java/lang/invoke/LambdaForm$MH+0x0000757cd4285800 invoke (Ljava/lang/Object;Ljava/lang/Object;Ljava/lang/Object;Ljava/lang/Object;Ljava/lang/Object;)I 40 16 java/lang/invoke/LambdaForm$MH+0x0000757cd4180400 invoke (Ljava/lang/Object;)Ljava/lang/Object; 41 20 java/lang/invoke/DirectMethodHandle$Holder invokeVirtual (Ljava/lang/Object;Ljava/lang/Object;)Ljava/lang/Object; 42 1 java/lang/invoke/DirectMethodHandle internalMemberName (Ljava/lang/Object;)Ljava/lang/Object; 42 10 java/lang/invoke/MutableCallSite getTarget ()Ljava/lang/invoke/MethodHandle; 40 40 java/lang/invoke/Invokers checkExactType (Ljava/lang/invoke/MethodHandle;Ljava/lang/invoke/MethodType;)V 41 1 java/lang/invoke/MethodHandle type ()Ljava/lang/invoke/MethodType; 40 45 java/lang/invoke/Invokers checkCustomized (Ljava/lang/invoke/MethodHandle;)V 40 50 java/lang/invoke/LambdaForm$MH+0x0000757cd422f800 invoke (Ljava/lang/Object;)I 39 82 java/lang/invoke/LambdaForm$MH+0x0000757cd42c1000 delegate (Ljava/lang/Object;Ljava/lang/Object;Ljava/lang/Object;Ljava/lang/Object;Ljava/lang/Object;)I 40 4 java/lang/invoke/MethodHandleImpl$CountingWrapper getTarget ()Ljava/lang/invoke/MethodHandle; 40 19 java/lang/invoke/LambdaForm$MH+0x0000757cd435c000 guardWithCatch (Ljava/lang/Object;Ljava/lang/Object;Ljava/lang/Object;Ljava/lang/Object;Ljava/lang/Object;)I 41 45 java/lang/invoke/LambdaForm$DMH+0x0000757cd422e800 invokeSpecial (Ljava/lang/Object;Ljava/lang/Object;Ljava/lang/Object;Ljava/lang/Object;Ljava/lang/Object;)I 42 1 java/lang/invoke/DirectMethodHandle internalMemberName (Ljava/lang/Object;)Ljava/lang/Object; 36 31 android/database/sqlite/SQLiteConnection acquirePreparedStatement (Ljava/lang/String;)Landroid/database/sqlite/SQLiteConnection$PreparedStatement; 37 2 java/lang/invoke/Invokers$Holder linkToCallSite (Ljava/lang/Object;Ljava/lang/Object;Ljava/lang/Object;)Ljava/lang/Object; 38 4 java/lang/invoke/Invokers getCallSiteTarget (Ljava/lang/invoke/CallSite;)Ljava/lang/invoke/MethodHandle; 39 1 java/lang/invoke/MutableCallSite getTarget ()Ljava/lang/invoke/MethodHandle; 38 14 java/lang/invoke/LambdaForm$MH+0x0000757cd428f400 guard (Ljava/lang/Object;Ljava/lang/Object;Ljava/lang/Object;)Ljava/lang/Object; 39 34 java/lang/invoke/LambdaForm$MH+0x0000757cd41b1000 invoke (Ljava/lang/Object;Ljava/lang/Object;Ljava/lang/Object;)I 40 14 java/lang/invoke/LambdaForm$MH+0x0000757cd4180400 invoke (Ljava/lang/Object;)Ljava/lang/Object; 41 20 java/lang/invoke/DirectMethodHandle$Holder invokeVirtual (Ljava/lang/Object;Ljava/lang/Object;)Ljava/lang/Object; 42 1 java/lang/invoke/DirectMethodHandle internalMemberName (Ljava/lang/Object;)Ljava/lang/Object; 42 10 java/lang/invoke/MutableCallSite getTarget ()Ljava/lang/invoke/MethodHandle; 40 38 java/lang/invoke/Invokers checkExactType (Ljava/lang/invoke/MethodHandle;Ljava/lang/invoke/MethodType;)V 41 1 java/lang/invoke/MethodHandle type ()Ljava/lang/invoke/MethodType; 40 43 java/lang/invoke/Invokers checkCustomized (Ljava/lang/invoke/MethodHandle;)V 40 48 java/lang/invoke/LambdaForm$MH+0x0000757cd422f800 invoke (Ljava/lang/Object;)I 39 74 java/lang/invoke/DelegatingMethodHandle$Holder delegate (Ljava/lang/Object;Ljava/lang/Object;Ljava/lang/Object;)Ljava/lang/Object; 40 4 java/lang/invoke/MethodHandleImpl$CountingWrapper getTarget ()Ljava/lang/invoke/MethodHandle; 40 14 java/lang/invoke/LambdaForm$MH+0x0000757cd428e400 guardWithCatch (Ljava/lang/Object;Ljava/lang/Object;Ljava/lang/Object;)Ljava/lang/Object; 41 40 java/lang/invoke/DirectMethodHandle$Holder invokeSpecial (Ljava/lang/Object;Ljava/lang/Object;Ljava/lang/Object;)Ljava/lang/Object; 42 1 java/lang/invoke/DirectMethodHandle internalMemberName (Ljava/lang/Object;)Ljava/lang/Object; 36 39 android/database/sqlite/SQLiteConnection throwIfStatementForbidden (Landroid/database/sqlite/SQLiteConnection$PreparedStatement;)V 37 2 java/lang/invoke/LambdaForm$MH+0x0000757cd41b2000 linkToCallSite (Ljava/lang/Object;Ljava/lang/Object;Ljava/lang/Object;)V 38 4 java/lang/invoke/Invokers getCallSiteTarget (Ljava/lang/invoke/CallSite;)Ljava/lang/invoke/MethodHandle; 39 1 java/lang/invoke/MutableCallSite getTarget ()Ljava/lang/invoke/MethodHandle; 38 14 java/lang/invoke/LambdaForm$MH+0x0000757cd41b1c00 guard (Ljava/lang/Object;Ljava/lang/Object;Ljava/lang/Object;)V 39 34 java/lang/invoke/LambdaForm$MH+0x0000757cd41b1000 invoke (Ljava/lang/Object;Ljava/lang/Object;Ljava/lang/Object;)I 40 14 java/lang/invoke/LambdaForm$MH+0x0000757cd4180400 invoke (Ljava/lang/Object;)Ljava/lang/Object; 41 20 java/lang/invoke/DirectMethodHandle$Holder invokeVirtual (Ljava/lang/Object;Ljava/lang/Object;)Ljava/lang/Object; 42 1 java/lang/invoke/DirectMethodHandle internalMemberName (Ljava/lang/Object;)Ljava/lang/Object; 42 10 java/lang/invoke/MutableCallSite getTarget ()Ljava/lang/invoke/MethodHandle; 40 38 java/lang/invoke/Invokers checkExactType (Ljava/lang/invoke/MethodHandle;Ljava/lang/invoke/MethodType;)V 41 1 java/lang/invoke/MethodHandle type ()Ljava/lang/invoke/MethodType; 40 43 java/lang/invoke/Invokers checkCustomized (Ljava/lang/invoke/MethodHandle;)V 40 48 java/lang/invoke/LambdaForm$MH+0x0000757cd422f800 invoke (Ljava/lang/Object;)I 39 74 java/lang/invoke/DelegatingMethodHandle$Holder delegate (Ljava/lang/Object;Ljava/lang/Object;Ljava/lang/Object;)V 40 4 java/lang/invoke/MethodHandleImpl$CountingWrapper getTarget ()Ljava/lang/invoke/MethodHandle; 40 14 java/lang/invoke/LambdaForm$MH+0x0000757cd41b0400 guardWithCatch (Ljava/lang/Object;Ljava/lang/Object;Ljava/lang/Object;)V 41 40 java/lang/invoke/LambdaForm$DMH+0x0000757cd4194400 invokeSpecial (Ljava/lang/Object;Ljava/lang/Object;Ljava/lang/Object;)V 42 1 java/lang/invoke/DirectMethodHandle internalMemberName (Ljava/lang/Object;)Ljava/lang/Object; 42 11 android/database/sqlite/SQLiteConnection $$robo$$android_database_sqlite_SQLiteConnection$throwIfStatementForbidden (Landroid/database/sqlite/SQLiteConnection$PreparedStatement;)V 36 46 android/database/sqlite/SQLiteConnection bindArguments (Landroid/database/sqlite/SQLiteConnection$PreparedStatement;[Ljava/lang/Object;)V 37 3 java/lang/invoke/LambdaForm$MH+0x0000757cd422f400 linkToCallSite (Ljava/lang/Object;Ljava/lang/Object;Ljava/lang/Object;Ljava/lang/Object;)V 38 4 java/lang/invoke/Invokers getCallSiteTarget (Ljava/lang/invoke/CallSite;)Ljava/lang/invoke/MethodHandle; 39 1 java/lang/invoke/MutableCallSite getTarget ()Ljava/lang/invoke/MethodHandle; 38 17 java/lang/invoke/LambdaForm$MH+0x0000757cd422f000 guard (Ljava/lang/Object;Ljava/lang/Object;Ljava/lang/Object;Ljava/lang/Object;)V 39 37 java/lang/invoke/LambdaForm$MH+0x0000757cd422e400 invoke (Ljava/lang/Object;Ljava/lang/Object;Ljava/lang/Object;Ljava/lang/Object;)I 40 16 java/lang/invoke/LambdaForm$MH+0x0000757cd4180400 invoke (Ljava/lang/Object;)Ljava/lang/Object; 41 20 java/lang/invoke/DirectMethodHandle$Holder invokeVirtual (Ljava/lang/Object;Ljava/lang/Object;)Ljava/lang/Object; 42 1 java/lang/invoke/DirectMethodHandle internalMemberName (Ljava/lang/Object;)Ljava/lang/Object; 42 10 java/lang/invoke/MutableCallSite getTarget ()Ljava/lang/invoke/MethodHandle; 40 40 java/lang/invoke/Invokers checkExactType (Ljava/lang/invoke/MethodHandle;Ljava/lang/invoke/MethodType;)V 41 1 java/lang/invoke/MethodHandle type ()Ljava/lang/invoke/MethodType; 40 45 java/lang/invoke/Invokers checkCustomized (Ljava/lang/invoke/MethodHandle;)V 40 50 java/lang/invoke/LambdaForm$MH+0x0000757cd422f800 invoke (Ljava/lang/Object;)I 39 78 java/lang/invoke/DelegatingMethodHandle$Holder delegate (Ljava/lang/Object;Ljava/lang/Object;Ljava/lang/Object;Ljava/lang/Object;)V 40 4 java/lang/invoke/MethodHandleImpl$CountingWrapper getTarget ()Ljava/lang/invoke/MethodHandle; 40 17 java/lang/invoke/LambdaForm$MH+0x0000757cd422d800 guardWithCatch (Ljava/lang/Object;Ljava/lang/Object;Ljava/lang/Object;Ljava/lang/Object;)V 41 43 java/lang/invoke/DirectMethodHandle$Holder invokeSpecial (Ljava/lang/Object;Ljava/lang/Object;Ljava/lang/Object;Ljava/lang/Object;)V 42 1 java/lang/invoke/DirectMethodHandle internalMemberName (Ljava/lang/Object;)Ljava/lang/Object; 36 52 android/database/sqlite/SQLiteConnection applyBlockGuardPolicy (Landroid/database/sqlite/SQLiteConnection$PreparedStatement;)V 37 2 java/lang/invoke/LambdaForm$MH+0x0000757cd41b2000 linkToCallSite (Ljava/lang/Object;Ljava/lang/Object;Ljava/lang/Object;)V 38 4 java/lang/invoke/Invokers getCallSiteTarget (Ljava/lang/invoke/CallSite;)Ljava/lang/invoke/MethodHandle; 39 1 java/lang/invoke/MutableCallSite getTarget ()Ljava/lang/invoke/MethodHandle; 38 14 java/lang/invoke/LambdaForm$MH+0x0000757cd41b1c00 guard (Ljava/lang/Object;Ljava/lang/Object;Ljava/lang/Object;)V 39 34 java/lang/invoke/LambdaForm$MH+0x0000757cd41b1000 invoke (Ljava/lang/Object;Ljava/lang/Object;Ljava/lang/Object;)I 40 14 java/lang/invoke/LambdaForm$MH+0x0000757cd4180400 invoke (Ljava/lang/Object;)Ljava/lang/Object; 41 20 java/lang/invoke/DirectMethodHandle$Holder invokeVirtual (Ljava/lang/Object;Ljava/lang/Object;)Ljava/lang/Object; 42 1 java/lang/invoke/DirectMethodHandle internalMemberName (Ljava/lang/Object;)Ljava/lang/Object; 42 10 java/lang/invoke/MutableCallSite getTarget ()Ljava/lang/invoke/MethodHandle; 40 38 java/lang/invoke/Invokers checkExactType (Ljava/lang/invoke/MethodHandle;Ljava/lang/invoke/MethodType;)V 41 1 java/lang/invoke/MethodHandle type ()Ljava/lang/invoke/MethodType; 40 43 java/lang/invoke/Invokers checkCustomized (Ljava/lang/invoke/MethodHandle;)V 40 48 java/lang/invoke/LambdaForm$MH+0x0000757cd422f800 invoke (Ljava/lang/Object;)I 39 74 java/lang/invoke/DelegatingMethodHandle$Holder delegate (Ljava/lang/Object;Ljava/lang/Object;Ljava/lang/Object;)V 40 4 java/lang/invoke/MethodHandleImpl$CountingWrapper getTarget ()Ljava/lang/invoke/MethodHandle; 40 14 java/lang/invoke/LambdaForm$MH+0x0000757cd41b0400 guardWithCatch (Ljava/lang/Object;Ljava/lang/Object;Ljava/lang/Object;)V 41 40 java/lang/invoke/LambdaForm$DMH+0x0000757cd4194400 invokeSpecial (Ljava/lang/Object;Ljava/lang/Object;Ljava/lang/Object;)V 42 1 java/lang/invoke/DirectMethodHandle internalMemberName (Ljava/lang/Object;)Ljava/lang/Object; 36 57 android/database/sqlite/SQLiteConnection attachCancellationSignal (Landroid/os/CancellationSignal;)V 37 2 java/lang/invoke/LambdaForm$MH+0x0000757cd41b2000 linkToCallSite (Ljava/lang/Object;Ljava/lang/Object;Ljava/lang/Object;)V 38 4 java/lang/invoke/Invokers getCallSiteTarget (Ljava/lang/invoke/CallSite;)Ljava/lang/invoke/MethodHandle; 39 1 java/lang/invoke/MutableCallSite getTarget ()Ljava/lang/invoke/MethodHandle; 38 14 java/lang/invoke/LambdaForm$MH+0x0000757cd41b1c00 guard (Ljava/lang/Object;Ljava/lang/Object;Ljava/lang/Object;)V 39 34 java/lang/invoke/LambdaForm$MH+0x0000757cd41b1000 invoke (Ljava/lang/Object;Ljava/lang/Object;Ljava/lang/Object;)I 40 14 java/lang/invoke/LambdaForm$MH+0x0000757cd4180400 invoke (Ljava/lang/Object;)Ljava/lang/Object; 41 20 java/lang/invoke/DirectMethodHandle$Holder invokeVirtual (Ljava/lang/Object;Ljava/lang/Object;)Ljava/lang/Object; 42 1 java/lang/invoke/DirectMethodHandle internalMemberName (Ljava/lang/Object;)Ljava/lang/Object; 42 10 java/lang/invoke/MutableCallSite getTarget ()Ljava/lang/invoke/MethodHandle; 40 38 java/lang/invoke/Invokers checkExactType (Ljava/lang/invoke/MethodHandle;Ljava/lang/invoke/MethodType;)V 41 1 java/lang/invoke/MethodHandle type ()Ljava/lang/invoke/MethodType; 40 43 java/lang/invoke/Invokers checkCustomized (Ljava/lang/invoke/MethodHandle;)V 40 48 java/lang/invoke/LambdaForm$MH+0x0000757cd422f800 invoke (Ljava/lang/Object;)I 39 74 java/lang/invoke/DelegatingMethodHandle$Holder delegate (Ljava/lang/Object;Ljava/lang/Object;Ljava/lang/Object;)V 40 4 java/lang/invoke/MethodHandleImpl$CountingWrapper getTarget ()Ljava/lang/invoke/MethodHandle; 40 14 java/lang/invoke/LambdaForm$MH+0x0000757cd41b0400 guardWithCatch (Ljava/lang/Object;Ljava/lang/Object;Ljava/lang/Object;)V 41 40 java/lang/invoke/LambdaForm$DMH+0x0000757cd4194400 invokeSpecial (Ljava/lang/Object;Ljava/lang/Object;Ljava/lang/Object;)V 42 1 java/lang/invoke/DirectMethodHandle internalMemberName (Ljava/lang/Object;)Ljava/lang/Object; 42 11 android/database/sqlite/SQLiteConnection $$robo$$android_database_sqlite_SQLiteConnection$attachCancellationSignal (Landroid/os/CancellationSignal;)V 36 69 android/database/sqlite/SQLiteConnection nativeExecute (JJ)V 37 2 java/lang/invoke/LambdaForm$MH+0x0000757cd4376400 linkToCallSite (JJLjava/lang/Object;)V 38 5 java/lang/invoke/Invokers getCallSiteTarget (Ljava/lang/invoke/CallSite;)Ljava/lang/invoke/MethodHandle; 39 1 java/lang/invoke/MutableCallSite getTarget ()Ljava/lang/invoke/MethodHandle; 38 17 java/lang/invoke/LambdaForm$MH+0x0000757cd4376000 guard (Ljava/lang/Object;JJ)V 39 36 java/lang/invoke/LambdaForm$MH+0x0000757cd4367400 invoke (Ljava/lang/Object;JJ)I 40 16 java/lang/invoke/LambdaForm$MH+0x0000757cd4180400 invoke (Ljava/lang/Object;)Ljava/lang/Object; 41 20 java/lang/invoke/DirectMethodHandle$Holder invokeVirtual (Ljava/lang/Object;Ljava/lang/Object;)Ljava/lang/Object; 42 1 java/lang/invoke/DirectMethodHandle internalMemberName (Ljava/lang/Object;)Ljava/lang/Object; 42 10 java/lang/invoke/MutableCallSite getTarget ()Ljava/lang/invoke/MethodHandle; 40 40 java/lang/invoke/Invokers checkExactType (Ljava/lang/invoke/MethodHandle;Ljava/lang/invoke/MethodType;)V 41 1 java/lang/invoke/MethodHandle type ()Ljava/lang/invoke/MethodType; 40 45 java/lang/invoke/Invokers checkCustomized (Ljava/lang/invoke/MethodHandle;)V 40 50 java/lang/invoke/LambdaForm$MH+0x0000757cd422f800 invoke (Ljava/lang/Object;)I 39 76 java/lang/invoke/LambdaForm$MH+0x0000757cd43a9800 delegate (Ljava/lang/Object;JJ)V 40 4 java/lang/invoke/MethodHandleImpl$CountingWrapper getTarget ()Ljava/lang/invoke/MethodHandle; 40 16 java/lang/invoke/LambdaForm$MH+0x0000757cd4374400 guardWithCatch (Ljava/lang/Object;JJ)V 41 42 java/lang/invoke/LambdaForm$DMH+0x0000757cd4373800 invokeStatic (Ljava/lang/Object;JJ)V 42 1 java/lang/invoke/DirectMethodHandle internalMemberName (Ljava/lang/Object;)Ljava/lang/Object; 42 13 org/robolectric/shadows/ShadowNativeSQLiteConnection nativeExecute (JJ)V 43 0 org/robolectric/util/PerfStatsCollector getInstance ()Lorg/robolectric/util/PerfStatsCollector; 43 7 java/lang/invoke/Invokers$Holder linkToTargetMethod (JJLjava/lang/Object;)Ljava/lang/Object; 44 7 java/lang/invoke/LambdaForm$DMH+0x0000757cd4368800 newInvokeSpecial (Ljava/lang/Object;JJ)Ljava/lang/Object; 45 1 java/lang/invoke/DirectMethodHandle allocateInstance (Ljava/lang/Object;)Ljava/lang/Object; 45 7 java/lang/invoke/DirectMethodHandle constructorMethod (Ljava/lang/Object;)Ljava/lang/Object; 45 21 org/robolectric/shadows/ShadowNativeSQLiteConnection$$Lambda$143+0x0000757cd436d500 <init> (JJ)V 46 1 java/lang/Object <init> ()V 43 12 org/robolectric/util/PerfStatsCollector measure (Ljava/lang/String;Lorg/robolectric/util/PerfStatsCollector$ThrowingRunnable;)V 44 4 org/robolectric/util/PerfStatsCollector startEvent (Ljava/lang/String;)Lorg/robolectric/util/PerfStatsCollector$Event; 45 6 org/robolectric/util/PerfStatsCollector$Event <init> (Lorg/robolectric/util/PerfStatsCollector;Ljava/lang/String;)V 46 6 java/lang/Object <init> ()V 46 16 org/robolectric/util/PerfStatsCollector access$200 (Lorg/robolectric/util/PerfStatsCollector;)Lorg/robolectric/util/Clock; 46 19 org/robolectric/util/PerfStatsCollector$$Lambda$62+0x0000757cd40b31f8 nanoTime ()J 44 10 org/robolectric/shadows/ShadowNativeSQLiteConnection$$Lambda$143+0x0000757cd436d500 run ()V 45 8 org/robolectric/shadows/ShadowNativeSQLiteConnection lambda$nativeExecute$9 (JJ)V 44 18 org/robolectric/util/PerfStatsCollector$Event finished (Z)V 45 4 org/robolectric/util/PerfStatsCollector access$300 (Lorg/robolectric/util/PerfStatsCollector;)Z 36 74 android/database/sqlite/SQLiteConnection detachCancellationSignal (Landroid/os/CancellationSignal;)V 37 2 java/lang/invoke/LambdaForm$MH+0x0000757cd41b2000 linkToCallSite (Ljava/lang/Object;Ljava/lang/Object;Ljava/lang/Object;)V 38 4 java/lang/invoke/Invokers getCallSiteTarget (Ljava/lang/invoke/CallSite;)Ljava/lang/invoke/MethodHandle; 39 1 java/lang/invoke/MutableCallSite getTarget ()Ljava/lang/invoke/MethodHandle; 38 14 java/lang/invoke/LambdaForm$MH+0x0000757cd41b1c00 guard (Ljava/lang/Object;Ljava/lang/Object;Ljava/lang/Object;)V 39 34 java/lang/invoke/LambdaForm$MH+0x0000757cd41b1000 invoke (Ljava/lang/Object;Ljava/lang/Object;Ljava/lang/Object;)I 40 14 java/lang/invoke/LambdaForm$MH+0x0000757cd4180400 invoke (Ljava/lang/Object;)Ljava/lang/Object; 41 20 java/lang/invoke/DirectMethodHandle$Holder invokeVirtual (Ljava/lang/Object;Ljava/lang/Object;)Ljava/lang/Object; 42 1 java/lang/invoke/DirectMethodHandle internalMemberName (Ljava/lang/Object;)Ljava/lang/Object; 42 10 java/lang/invoke/MutableCallSite getTarget ()Ljava/lang/invoke/MethodHandle; 40 38 java/lang/invoke/Invokers checkExactType (Ljava/lang/invoke/MethodHandle;Ljava/lang/invoke/MethodType;)V 41 1 java/lang/invoke/MethodHandle type ()Ljava/lang/invoke/MethodType; 40 43 java/lang/invoke/Invokers checkCustomized (Ljava/lang/invoke/MethodHandle;)V 40 48 java/lang/invoke/LambdaForm$MH+0x0000757cd422f800 invoke (Ljava/lang/Object;)I 39 74 java/lang/invoke/DelegatingMethodHandle$Holder delegate (Ljava/lang/Object;Ljava/lang/Object;Ljava/lang/Object;)V 40 4 java/lang/invoke/MethodHandleImpl$CountingWrapper getTarget ()Ljava/lang/invoke/MethodHandle; 40 14 java/lang/invoke/LambdaForm$MH+0x0000757cd41b0400 guardWithCatch (Ljava/lang/Object;Ljava/lang/Object;Ljava/lang/Object;)V 41 40 java/lang/invoke/LambdaForm$DMH+0x0000757cd4194400 invokeSpecial (Ljava/lang/Object;Ljava/lang/Object;Ljava/lang/Object;)V 42 1 java/lang/invoke/DirectMethodHandle internalMemberName (Ljava/lang/Object;)Ljava/lang/Object; 42 11 android/database/sqlite/SQLiteConnection $$robo$$android_database_sqlite_SQLiteConnection$detachCancellationSignal (Landroid/os/CancellationSignal;)V 36 93 android/database/sqlite/SQLiteConnection releasePreparedStatement (Landroid/database/sqlite/SQLiteConnection$PreparedStatement;)V 37 2 java/lang/invoke/LambdaForm$MH+0x0000757cd41b2000 linkToCallSite (Ljava/lang/Object;Ljava/lang/Object;Ljava/lang/Object;)V 38 4 java/lang/invoke/Invokers getCallSiteTarget (Ljava/lang/invoke/CallSite;)Ljava/lang/invoke/MethodHandle; 39 1 java/lang/invoke/MutableCallSite getTarget ()Ljava/lang/invoke/MethodHandle; 38 14 java/lang/invoke/LambdaForm$MH+0x0000757cd41b1c00 guard (Ljava/lang/Object;Ljava/lang/Object;Ljava/lang/Object;)V 39 34 java/lang/invoke/LambdaForm$MH+0x0000757cd41b1000 invoke (Ljava/lang/Object;Ljava/lang/Object;Ljava/lang/Object;)I 40 14 java/lang/invoke/LambdaForm$MH+0x0000757cd4180400 invoke (Ljava/lang/Object;)Ljava/lang/Object; 41 20 java/lang/invoke/DirectMethodHandle$Holder invokeVirtual (Ljava/lang/Object;Ljava/lang/Object;)Ljava/lang/Object; 42 1 java/lang/invoke/DirectMethodHandle internalMemberName (Ljava/lang/Object;)Ljava/lang/Object; 42 10 java/lang/invoke/MutableCallSite getTarget ()Ljava/lang/invoke/MethodHandle; 40 38 java/lang/invoke/Invokers checkExactType (Ljava/lang/invoke/MethodHandle;Ljava/lang/invoke/MethodType;)V 41 1 java/lang/invoke/MethodHandle type ()Ljava/lang/invoke/MethodType; 40 43 java/lang/invoke/Invokers checkCustomized (Ljava/lang/invoke/MethodHandle;)V 40 48 java/lang/invoke/LambdaForm$MH+0x0000757cd422f800 invoke (Ljava/lang/Object;)I 39 74 java/lang/invoke/DelegatingMethodHandle$Holder delegate (Ljava/lang/Object;Ljava/lang/Object;Ljava/lang/Object;)V 40 4 java/lang/invoke/MethodHandleImpl$CountingWrapper getTarget ()Ljava/lang/invoke/MethodHandle; 40 14 java/lang/invoke/LambdaForm$MH+0x0000757cd41b0400 guardWithCatch (Ljava/lang/Object;Ljava/lang/Object;Ljava/lang/Object;)V 41 40 java/lang/invoke/LambdaForm$DMH+0x0000757cd4194400 invokeSpecial (Ljava/lang/Object;Ljava/lang/Object;Ljava/lang/Object;)V 42 1 java/lang/invoke/DirectMethodHandle internalMemberName (Ljava/lang/Object;)Ljava/lang/Object; 42 11 android/database/sqlite/SQLiteConnection $$robo$$android_database_sqlite_SQLiteConnection$releasePreparedStatement (Landroid/database/sqlite/SQLiteConnection$PreparedStatement;)V 43 20 android/database/sqlite/SQLiteConnection nativeResetStatementAndClearBindings (JJ)V 44 2 java/lang/invoke/LambdaForm$MH+0x0000757cd4376400 linkToCallSite (JJLjava/lang/Object;)V 45 5 java/lang/invoke/Invokers getCallSiteTarget (Ljava/lang/invoke/CallSite;)Ljava/lang/invoke/MethodHandle; 46 1 java/lang/invoke/MutableCallSite getTarget ()Ljava/lang/invoke/MethodHandle; 45 17 java/lang/invoke/LambdaForm$MH+0x0000757cd4376000 guard (Ljava/lang/Object;JJ)V 46 36 java/lang/invoke/LambdaForm$MH+0x0000757cd4367400 invoke (Ljava/lang/Object;JJ)I 47 16 java/lang/invoke/LambdaForm$MH+0x0000757cd4180400 invoke (Ljava/lang/Object;)Ljava/lang/Object; 48 20 java/lang/invoke/DirectMethodHandle$Holder invokeVirtual (Ljava/lang/Object;Ljava/lang/Object;)Ljava/lang/Object; 49 1 java/lang/invoke/DirectMethodHandle internalMemberName (Ljava/lang/Object;)Ljava/lang/Object; 49 10 java/lang/invoke/MutableCallSite getTarget ()Ljava/lang/invoke/MethodHandle; 47 40 java/lang/invoke/Invokers checkExactType (Ljava/lang/invoke/MethodHandle;Ljava/lang/invoke/MethodType;)V 48 1 java/lang/invoke/MethodHandle type ()Ljava/lang/invoke/MethodType; 47 45 java/lang/invoke/Invokers checkCustomized (Ljava/lang/invoke/MethodHandle;)V 47 50 java/lang/invoke/LambdaForm$MH+0x0000757cd422f800 invoke (Ljava/lang/Object;)I 46 76 java/lang/invoke/LambdaForm$MH+0x0000757cd43a9800 delegate (Ljava/lang/Object;JJ)V 47 4 java/lang/invoke/MethodHandleImpl$CountingWrapper getTarget ()Ljava/lang/invoke/MethodHandle; 47 16 java/lang/invoke/LambdaForm$MH+0x0000757cd4374400 guardWithCatch (Ljava/lang/Object;JJ)V 48 42 java/lang/invoke/LambdaForm$DMH+0x0000757cd4373800 invokeStatic (Ljava/lang/Object;JJ)V 49 1 java/lang/invoke/DirectMethodHandle internalMemberName (Ljava/lang/Object;)Ljava/lang/Object; 49 13 org/robolectric/shadows/ShadowNativeSQLiteConnection nativeResetStatementAndClearBindings (JJ)V 50 0 org/robolectric/util/PerfStatsCollector getInstance ()Lorg/robolectric/util/PerfStatsCollector; 50 7 java/lang/invoke/Invokers$Holder linkToTargetMethod (JJLjava/lang/Object;)Ljava/lang/Object; 51 7 java/lang/invoke/LambdaForm$DMH+0x0000757cd4368800 newInvokeSpecial (Ljava/lang/Object;JJ)Ljava/lang/Object; 52 1 java/lang/invoke/DirectMethodHandle allocateInstance (Ljava/lang/Object;)Ljava/lang/Object; 52 7 java/lang/invoke/DirectMethodHandle constructorMethod (Ljava/lang/Object;)Ljava/lang/Object; 52 21 org/robolectric/shadows/ShadowNativeSQLiteConnection$$Lambda$145+0x0000757cd436d948 <init> (JJ)V 53 1 java/lang/Object <init> ()V 50 12 org/robolectric/util/PerfStatsCollector measure (Ljava/lang/String;Lorg/robolectric/util/PerfStatsCollector$ThrowingRunnable;)V 51 4 org/robolectric/util/PerfStatsCollector startEvent (Ljava/lang/String;)Lorg/robolectric/util/PerfStatsCollector$Event; 52 6 org/robolectric/util/PerfStatsCollector$Event <init> (Lorg/robolectric/util/PerfStatsCollector;Ljava/lang/String;)V 53 6 java/lang/Object <init> ()V 53 16 org/robolectric/util/PerfStatsCollector access$200 (Lorg/robolectric/util/PerfStatsCollector;)Lorg/robolectric/util/Clock; 53 19 org/robolectric/util/PerfStatsCollector$$Lambda$62+0x0000757cd40b31f8 nanoTime ()J 51 10 org/robolectric/shadows/ShadowNativeSQLiteConnection$$Lambda$145+0x0000757cd436d948 run ()V 52 8 org/robolectric/shadows/ShadowNativeSQLiteConnection lambda$nativeResetStatementAndClearBindings$19 (JJ)V 51 18 org/robolectric/util/PerfStatsCollector$Event finished (Z)V 52 4 org/robolectric/util/PerfStatsCollector access$300 (Lorg/robolectric/util/PerfStatsCollector;)Z 43 44 android/database/sqlite/SQLiteConnection finalizePreparedStatement (Landroid/database/sqlite/SQLiteConnection$PreparedStatement;)V 44 2 java/lang/invoke/LambdaForm$MH+0x0000757cd41b2000 linkToCallSite (Ljava/lang/Object;Ljava/lang/Object;Ljava/lang/Object;)V 45 4 java/lang/invoke/Invokers getCallSiteTarget (Ljava/lang/invoke/CallSite;)Ljava/lang/invoke/MethodHandle; 46 1 java/lang/invoke/MutableCallSite getTarget ()Ljava/lang/invoke/MethodHandle; 45 14 java/lang/invoke/LambdaForm$MH+0x0000757cd41b1c00 guard (Ljava/lang/Object;Ljava/lang/Object;Ljava/lang/Object;)V 46 34 java/lang/invoke/LambdaForm$MH+0x0000757cd41b1000 invoke (Ljava/lang/Object;Ljava/lang/Object;Ljava/lang/Object;)I 47 14 java/lang/invoke/LambdaForm$MH+0x0000757cd4180400 invoke (Ljava/lang/Object;)Ljava/lang/Object; 48 20 java/lang/invoke/DirectMethodHandle$Holder invokeVirtual (Ljava/lang/Object;Ljava/lang/Object;)Ljava/lang/Object; 49 1 java/lang/invoke/DirectMethodHandle internalMemberName (Ljava/lang/Object;)Ljava/lang/Object; 49 10 java/lang/invoke/MutableCallSite getTarget ()Ljava/lang/invoke/MethodHandle; 47 38 java/lang/invoke/Invokers checkExactType (Ljava/lang/invoke/MethodHandle;Ljava/lang/invoke/MethodType;)V 48 1 java/lang/invoke/MethodHandle type ()Ljava/lang/invoke/MethodType; 47 43 java/lang/invoke/Invokers checkCustomized (Ljava/lang/invoke/MethodHandle;)V 47 48 java/lang/invoke/LambdaForm$MH+0x0000757cd422f800 invoke (Ljava/lang/Object;)I 46 74 java/lang/invoke/DelegatingMethodHandle$Holder delegate (Ljava/lang/Object;Ljava/lang/Object;Ljava/lang/Object;)V 47 4 java/lang/invoke/MethodHandleImpl$CountingWrapper getTarget ()Ljava/lang/invoke/MethodHandle; 47 14 java/lang/invoke/LambdaForm$MH+0x0000757cd41b0400 guardWithCatch (Ljava/lang/Object;Ljava/lang/Object;Ljava/lang/Object;)V 48 40 java/lang/invoke/LambdaForm$DMH+0x0000757cd4194400 invokeSpecial (Ljava/lang/Object;Ljava/lang/Object;Ljava/lang/Object;)V 49 1 java/lang/invoke/DirectMethodHandle internalMemberName (Ljava/lang/Object;)Ljava/lang/Object; 49 11 android/database/sqlite/SQLiteConnection $$robo$$android_database_sqlite_SQLiteConnection$finalizePreparedStatement (Landroid/database/sqlite/SQLiteConnection$PreparedStatement;)V 50 8 android/database/sqlite/SQLiteConnection nativeFinalizeStatement (JJ)V 51 2 java/lang/invoke/LambdaForm$MH+0x0000757cd4376400 linkToCallSite (JJLjava/lang/Object;)V 52 5 java/lang/invoke/Invokers getCallSiteTarget (Ljava/lang/invoke/CallSite;)Ljava/lang/invoke/MethodHandle; 53 1 java/lang/invoke/MutableCallSite getTarget ()Ljava/lang/invoke/MethodHandle; 52 17 java/lang/invoke/LambdaForm$MH+0x0000757cd4376000 guard (Ljava/lang/Object;JJ)V 53 36 java/lang/invoke/LambdaForm$MH+0x0000757cd4367400 invoke (Ljava/lang/Object;JJ)I 54 16 java/lang/invoke/LambdaForm$MH+0x0000757cd4180400 invoke (Ljava/lang/Object;)Ljava/lang/Object; 55 20 java/lang/invoke/DirectMethodHandle$Holder invokeVirtual (Ljava/lang/Object;Ljava/lang/Object;)Ljava/lang/Object; 56 1 java/lang/invoke/DirectMethodHandle internalMemberName (Ljava/lang/Object;)Ljava/lang/Object; 56 10 java/lang/invoke/MutableCallSite getTarget ()Ljava/lang/invoke/MethodHandle; 54 40 java/lang/invoke/Invokers checkExactType (Ljava/lang/invoke/MethodHandle;Ljava/lang/invoke/MethodType;)V 55 1 java/lang/invoke/MethodHandle type ()Ljava/lang/invoke/MethodType; 54 45 java/lang/invoke/Invokers checkCustomized (Ljava/lang/invoke/MethodHandle;)V 54 50 java/lang/invoke/LambdaForm$MH+0x0000757cd422f800 invoke (Ljava/lang/Object;)I 53 76 java/lang/invoke/LambdaForm$MH+0x0000757cd43a9800 delegate (Ljava/lang/Object;JJ)V 54 4 java/lang/invoke/MethodHandleImpl$CountingWrapper getTarget ()Ljava/lang/invoke/MethodHandle; 54 16 java/lang/invoke/LambdaForm$MH+0x0000757cd4374400 guardWithCatch (Ljava/lang/Object;JJ)V 55 42 java/lang/invoke/LambdaForm$DMH+0x0000757cd4373800 invokeStatic (Ljava/lang/Object;JJ)V 56 1 java/lang/invoke/DirectMethodHandle internalMemberName (Ljava/lang/Object;)Ljava/lang/Object; 56 13 org/robolectric/shadows/ShadowNativeSQLiteConnection nativeFinalizeStatement (JJ)V 57 0 org/robolectric/util/PerfStatsCollector getInstance ()Lorg/robolectric/util/PerfStatsCollector; 57 7 java/lang/invoke/Invokers$Holder linkToTargetMethod (JJLjava/lang/Object;)Ljava/lang/Object; 58 7 java/lang/invoke/LambdaForm$DMH+0x0000757cd4368800 newInvokeSpecial (Ljava/lang/Object;JJ)Ljava/lang/Object; 59 1 java/lang/invoke/DirectMethodHandle allocateInstance (Ljava/lang/Object;)Ljava/lang/Object; 59 7 java/lang/invoke/DirectMethodHandle constructorMethod (Ljava/lang/Object;)Ljava/lang/Object; 59 21 org/robolectric/shadows/ShadowNativeSQLiteConnection$$Lambda$141+0x0000757cd436ce88 <init> (JJ)V 60 1 java/lang/Object <init> ()V 57 12 org/robolectric/util/PerfStatsCollector measure (Ljava/lang/String;Lorg/robolectric/util/PerfStatsCollector$ThrowingRunnable;)V 58 4 org/robolectric/util/PerfStatsCollector startEvent (Ljava/lang/String;)Lorg/robolectric/util/PerfStatsCollector$Event; 59 6 org/robolectric/util/PerfStatsCollector$Event <init> (Lorg/robolectric/util/PerfStatsCollector;Ljava/lang/String;)V 60 6 java/lang/Object <init> ()V 60 16 org/robolectric/util/PerfStatsCollector access$200 (Lorg/robolectric/util/PerfStatsCollector;)Lorg/robolectric/util/Clock; 60 19 org/robolectric/util/PerfStatsCollector$$Lambda$62+0x0000757cd40b31f8 nanoTime ()J 58 10 org/robolectric/shadows/ShadowNativeSQLiteConnection$$Lambda$141+0x0000757cd436ce88 run ()V 59 8 org/robolectric/shadows/ShadowNativeSQLiteConnection lambda$nativeFinalizeStatement$3 (JJ)V 58 18 org/robolectric/util/PerfStatsCollector$Event finished (Z)V 59 4 org/robolectric/util/PerfStatsCollector access$300 (Lorg/robolectric/util/PerfStatsCollector;)Z 50 13 android/database/sqlite/SQLiteConnection recyclePreparedStatement (Landroid/database/sqlite/SQLiteConnection$PreparedStatement;)V 51 2 java/lang/invoke/LambdaForm$MH+0x0000757cd41b2000 linkToCallSite (Ljava/lang/Object;Ljava/lang/Object;Ljava/lang/Object;)V 52 4 java/lang/invoke/Invokers getCallSiteTarget (Ljava/lang/invoke/CallSite;)Ljava/lang/invoke/MethodHandle; 53 1 java/lang/invoke/MutableCallSite getTarget ()Ljava/lang/invoke/MethodHandle; 52 14 java/lang/invoke/LambdaForm$MH+0x0000757cd41b1c00 guard (Ljava/lang/Object;Ljava/lang/Object;Ljava/lang/Object;)V 53 34 java/lang/invoke/LambdaForm$MH+0x0000757cd41b1000 invoke (Ljava/lang/Object;Ljava/lang/Object;Ljava/lang/Object;)I 54 14 java/lang/invoke/LambdaForm$MH+0x0000757cd4180400 invoke (Ljava/lang/Object;)Ljava/lang/Object; 55 20 java/lang/invoke/DirectMethodHandle$Holder invokeVirtual (Ljava/lang/Object;Ljava/lang/Object;)Ljava/lang/Object; 56 1 java/lang/invoke/DirectMethodHandle internalMemberName (Ljava/lang/Object;)Ljava/lang/Object; 56 10 java/lang/invoke/MutableCallSite getTarget ()Ljava/lang/invoke/MethodHandle; 54 38 java/lang/invoke/Invokers checkExactType (Ljava/lang/invoke/MethodHandle;Ljava/lang/invoke/MethodType;)V 55 1 java/lang/invoke/MethodHandle type ()Ljava/lang/invoke/MethodType; 54 43 java/lang/invoke/Invokers checkCustomized (Ljava/lang/invoke/MethodHandle;)V 54 48 java/lang/invoke/LambdaForm$MH+0x0000757cd422f800 invoke (Ljava/lang/Object;)I 53 74 java/lang/invoke/DelegatingMethodHandle$Holder delegate (Ljava/lang/Object;Ljava/lang/Object;Ljava/lang/Object;)V 54 4 java/lang/invoke/MethodHandleImpl$CountingWrapper getTarget ()Ljava/lang/invoke/MethodHandle; 54 14 java/lang/invoke/LambdaForm$MH+0x0000757cd41b0400 guardWithCatch (Ljava/lang/Object;Ljava/lang/Object;Ljava/lang/Object;)V 55 40 java/lang/invoke/LambdaForm$DMH+0x0000757cd4194400 invokeSpecial (Ljava/lang/Object;Ljava/lang/Object;Ljava/lang/Object;)V 56 1 java/lang/invoke/DirectMethodHandle internalMemberName (Ljava/lang/Object;)Ljava/lang/Object; 56 11 android/database/sqlite/SQLiteConnection $$robo$$android_database_sqlite_SQLiteConnection$recyclePreparedStatement (Landroid/database/sqlite/SQLiteConnection$PreparedStatement;)V 36 116 android/database/sqlite/SQLiteConnection$OperationLog endOperation (I)V 37 2 java/lang/invoke/LambdaForm$MH+0x0000757cd41af800 linkToCallSite (Ljava/lang/Object;ILjava/lang/Object;)V 38 4 java/lang/invoke/Invokers getCallSiteTarget (Ljava/lang/invoke/CallSite;)Ljava/lang/invoke/MethodHandle; 39 1 java/lang/invoke/MutableCallSite getTarget ()Ljava/lang/invoke/MethodHandle; 38 14 java/lang/invoke/LambdaForm$MH+0x0000757cd41af400 guard (Ljava/lang/Object;Ljava/lang/Object;I)V 39 34 java/lang/invoke/LambdaForm$MH+0x0000757cd41aec00 invoke (Ljava/lang/Object;Ljava/lang/Object;I)I 40 14 java/lang/invoke/LambdaForm$MH+0x0000757cd4180400 invoke (Ljava/lang/Object;)Ljava/lang/Object; 41 20 java/lang/invoke/DirectMethodHandle$Holder invokeVirtual (Ljava/lang/Object;Ljava/lang/Object;)Ljava/lang/Object; 42 1 java/lang/invoke/DirectMethodHandle internalMemberName (Ljava/lang/Object;)Ljava/lang/Object; 42 10 java/lang/invoke/MutableCallSite getTarget ()Ljava/lang/invoke/MethodHandle; 40 38 java/lang/invoke/Invokers checkExactType (Ljava/lang/invoke/MethodHandle;Ljava/lang/invoke/MethodType;)V 41 1 java/lang/invoke/MethodHandle type ()Ljava/lang/invoke/MethodType; 40 43 java/lang/invoke/Invokers checkCustomized (Ljava/lang/invoke/MethodHandle;)V 40 48 java/lang/invoke/LambdaForm$MH+0x0000757cd422f800 invoke (Ljava/lang/Object;)I 39 74 java/lang/invoke/LambdaForm$MH+0x0000757cd4209800 delegate (Ljava/lang/Object;Ljava/lang/Object;I)V 40 4 java/lang/invoke/MethodHandleImpl$CountingWrapper getTarget ()Ljava/lang/invoke/MethodHandle; 40 14 java/lang/invoke/LambdaForm$MH+0x0000757cd41adc00 guardWithCatch (Ljava/lang/Object;Ljava/lang/Object;I)V 41 40 java/lang/invoke/LambdaForm$DMH+0x0000757cd41ac800 invokeSpecial (Ljava/lang/Object;Ljava/lang/Object;I)V 42 1 java/lang/invoke/DirectMethodHandle internalMemberName (Ljava/lang/Object;)Ljava/lang/Object; 42 11 android/database/sqlite/SQLiteConnection$OperationLog $$robo$$android_database_sqlite_SQLiteConnection_OperationLog$endOperation (I)V 43 9 android/database/sqlite/SQLiteConnection$OperationLog endOperationDeferLogLocked (I)Z 44 2 java/lang/invoke/LambdaForm$MH+0x0000757cd41b6000 linkToCallSite (Ljava/lang/Object;ILjava/lang/Object;)I 45 4 java/lang/invoke/Invokers getCallSiteTarget (Ljava/lang/invoke/CallSite;)Ljava/lang/invoke/MethodHandle; 46 1 java/lang/invoke/MutableCallSite getTarget ()Ljava/lang/invoke/MethodHandle; 45 14 java/lang/invoke/LambdaForm$MH+0x0000757cd41b5c00 guard (Ljava/lang/Object;Ljava/lang/Object;I)I 46 34 java/lang/invoke/LambdaForm$MH+0x0000757cd41aec00 invoke (Ljava/lang/Object;Ljava/lang/Object;I)I 47 14 java/lang/invoke/LambdaForm$MH+0x0000757cd4180400 invoke (Ljava/lang/Object;)Ljava/lang/Object; 48 20 java/lang/invoke/DirectMethodHandle$Holder invokeVirtual (Ljava/lang/Object;Ljava/lang/Object;)Ljava/lang/Object; 49 1 java/lang/invoke/DirectMethodHandle internalMemberName (Ljava/lang/Object;)Ljava/lang/Object; 49 10 java/lang/invoke/MutableCallSite getTarget ()Ljava/lang/invoke/MethodHandle; 47 38 java/lang/invoke/Invokers checkExactType (Ljava/lang/invoke/MethodHandle;Ljava/lang/invoke/MethodType;)V 48 1 java/lang/invoke/MethodHandle type ()Ljava/lang/invoke/MethodType; 47 43 java/lang/invoke/Invokers checkCustomized (Ljava/lang/invoke/MethodHandle;)V 47 48 java/lang/invoke/LambdaForm$MH+0x0000757cd422f800 invoke (Ljava/lang/Object;)I 46 74 java/lang/invoke/DelegatingMethodHandle$Holder delegate (Ljava/lang/Object;Ljava/lang/Object;I)I 47 4 java/lang/invoke/MethodHandleImpl$CountingWrapper getTarget ()Ljava/lang/invoke/MethodHandle; 47 14 java/lang/invoke/LambdaForm$MH+0x0000757cd41b4c00 guardWithCatch (Ljava/lang/Object;Ljava/lang/Object;I)I 48 40 java/lang/invoke/LambdaForm$DMH+0x0000757cd420a400 invokeSpecial (Ljava/lang/Object;Ljava/lang/Object;I)I 49 1 java/lang/invoke/DirectMethodHandle internalMemberName (Ljava/lang/Object;)Ljava/lang/Object; 49 11 android/database/sqlite/SQLiteConnection$OperationLog $$robo$$android_database_sqlite_SQLiteConnection_OperationLog$endOperationDeferLogLocked (I)Z 50 2 android/database/sqlite/SQLiteConnection$OperationLog getOperationLocked (I)Landroid/database/sqlite/SQLiteConnection$Operation; 51 2 java/lang/invoke/Invokers$Holder linkToCallSite (Ljava/lang/Object;ILjava/lang/Object;)Ljava/lang/Object; 52 4 java/lang/invoke/Invokers getCallSiteTarget (Ljava/lang/invoke/CallSite;)Ljava/lang/invoke/MethodHandle; 53 1 java/lang/invoke/MutableCallSite getTarget ()Ljava/lang/invoke/MethodHandle; 52 14 java/lang/invoke/LambdaForm$MH+0x0000757cd42a5800 guard (Ljava/lang/Object;Ljava/lang/Object;I)Ljava/lang/Object; 53 34 java/lang/invoke/LambdaForm$MH+0x0000757cd41aec00 invoke (Ljava/lang/Object;Ljava/lang/Object;I)I 54 14 java/lang/invoke/LambdaForm$MH+0x0000757cd4180400 invoke (Ljava/lang/Object;)Ljava/lang/Object; 55 20 java/lang/invoke/DirectMethodHandle$Holder invokeVirtual (Ljava/lang/Object;Ljava/lang/Object;)Ljava/lang/Object; 56 1 java/lang/invoke/DirectMethodHandle internalMemberName (Ljava/lang/Object;)Ljava/lang/Object; 56 10 java/lang/invoke/MutableCallSite getTarget ()Ljava/lang/invoke/MethodHandle; 54 38 java/lang/invoke/Invokers checkExactType (Ljava/lang/invoke/MethodHandle;Ljava/lang/invoke/MethodType;)V 55 1 java/lang/invoke/MethodHandle type ()Ljava/lang/invoke/MethodType; 54 43 java/lang/invoke/Invokers checkCustomized (Ljava/lang/invoke/MethodHandle;)V 54 48 java/lang/invoke/LambdaForm$MH+0x0000757cd422f800 invoke (Ljava/lang/Object;)I 53 74 java/lang/invoke/DelegatingMethodHandle$Holder delegate (Ljava/lang/Object;Ljava/lang/Object;I)Ljava/lang/Object; 54 4 java/lang/invoke/MethodHandleImpl$CountingWrapper getTarget ()Ljava/lang/invoke/MethodHandle; 54 14 java/lang/invoke/LambdaForm$MH+0x0000757cd42a4800 guardWithCatch (Ljava/lang/Object;Ljava/lang/Object;I)Ljava/lang/Object; 55 40 java/lang/invoke/DirectMethodHandle$Holder invokeSpecial (Ljava/lang/Object;Ljava/lang/Object;I)Ljava/lang/Object; 56 1 java/lang/invoke/DirectMethodHandle internalMemberName (Ljava/lang/Object;)Ljava/lang/Object; 56 11 android/database/sqlite/SQLiteConnection$OperationLog $$robo$$android_database_sqlite_SQLiteConnection_OperationLog$getOperationLocked (I)Landroid/database/sqlite/SQLiteConnection$Operation; 50 11 java/lang/invoke/LambdaForm$MH+0x0000757cd435e400 linkToTargetMethod (Ljava/lang/Object;)J 51 4 java/lang/invoke/LambdaForm$DMH+0x0000757cd40b0c00 invokeStatic (Ljava/lang/Object;)J 52 1 java/lang/invoke/DirectMethodHandle internalMemberName (Ljava/lang/Object;)Ljava/lang/Object; 52 9 org/robolectric/shadows/ShadowSystem currentTimeMillis ()J 53 0 org/robolectric/shadows/ShadowLooper looperMode ()Lorg/robolectric/annotation/LooperMode$Mode; 54 14 org/robolectric/config/ConfigurationRegistry get (Ljava/lang/Class;)Ljava/lang/Object; 55 4 org/robolectric/config/ConfigurationRegistry getInSandboxClassLoader (Ljava/lang/Class;)Ljava/lang/Object; 56 5 java/lang/Class getName ()Ljava/lang/String; 53 13 android/os/SystemClock uptimeMillis ()J 54 0 java/lang/invoke/LambdaForm$MH+0x0000757cd41a7400 linkToCallSite (Ljava/lang/Object;)J 55 4 java/lang/invoke/Invokers getCallSiteTarget (Ljava/lang/invoke/CallSite;)Ljava/lang/invoke/MethodHandle; 56 1 java/lang/invoke/MutableCallSite getTarget ()Ljava/lang/invoke/MethodHandle; 55 12 java/lang/invoke/LambdaForm$MH+0x0000757cd41a7000 guard (Ljava/lang/Object;)J 56 30 java/lang/invoke/LambdaForm$MH+0x0000757cd4180c00 invoke (Ljava/lang/Object;)I 57 14 java/lang/invoke/LambdaForm$MH+0x0000757cd4180400 invoke (Ljava/lang/Object;)Ljava/lang/Object; 58 20 java/lang/invoke/DirectMethodHandle$Holder invokeVirtual (Ljava/lang/Object;Ljava/lang/Object;)Ljava/lang/Object; 59 1 java/lang/invoke/DirectMethodHandle internalMemberName (Ljava/lang/Object;)Ljava/lang/Object; 59 10 java/lang/invoke/MutableCallSite getTarget ()Ljava/lang/invoke/MethodHandle; 57 33 java/lang/invoke/Invokers checkExactType (Ljava/lang/invoke/MethodHandle;Ljava/lang/invoke/MethodType;)V 58 1 java/lang/invoke/MethodHandle type ()Ljava/lang/invoke/MethodType; 57 37 java/lang/invoke/Invokers checkCustomized (Ljava/lang/invoke/MethodHandle;)V 57 41 java/lang/invoke/LambdaForm$MH+0x0000757cd422f800 invoke (Ljava/lang/Object;)I 56 67 java/lang/invoke/LambdaForm$MH+0x0000757cd438f000 delegate (Ljava/lang/Object;)J 57 4 java/lang/invoke/MethodHandleImpl$CountingWrapper getTarget ()Ljava/lang/invoke/MethodHandle; 57 12 java/lang/invoke/LambdaForm$MH+0x0000757cd41a5800 guardWithCatch (Ljava/lang/Object;)J
